[
{
  "model": "contenttypes.contenttype",
  "fields": {
    "app_label": "admin",
    "model": "logentry"
  }
},
{
  "model": "contenttypes.contenttype",
  "fields": {
    "app_label": "auth",
    "model": "permission"
  }
},
{
  "model": "contenttypes.contenttype",
  "fields": {
    "app_label": "auth",
    "model": "group"
  }
},
{
  "model": "contenttypes.contenttype",
  "fields": {
    "app_label": "auth",
    "model": "user"
  }
},
{
  "model": "contenttypes.contenttype",
  "fields": {
    "app_label": "contenttypes",
    "model": "contenttype"
  }
},
{
  "model": "contenttypes.contenttype",
  "fields": {
    "app_label": "sessions",
    "model": "session"
  }
},
{
  "model": "contenttypes.contenttype",
  "fields": {
    "app_label": "social_django",
    "model": "association"
  }
},
{
  "model": "contenttypes.contenttype",
  "fields": {
    "app_label": "social_django",
    "model": "code"
  }
},
{
  "model": "contenttypes.contenttype",
  "fields": {
    "app_label": "social_django",
    "model": "nonce"
  }
},
{
  "model": "contenttypes.contenttype",
  "fields": {
    "app_label": "social_django",
    "model": "usersocialauth"
  }
},
{
  "model": "contenttypes.contenttype",
  "fields": {
    "app_label": "social_django",
    "model": "partial"
  }
},
{
  "model": "contenttypes.contenttype",
  "fields": {
    "app_label": "taggit",
    "model": "tag"
  }
},
{
  "model": "contenttypes.contenttype",
  "fields": {
    "app_label": "taggit",
    "model": "taggeditem"
  }
},
{
  "model": "contenttypes.contenttype",
  "fields": {
    "app_label": "circuits",
    "model": "circuit"
  }
},
{
  "model": "contenttypes.contenttype",
  "fields": {
    "app_label": "circuits",
    "model": "circuittermination"
  }
},
{
  "model": "contenttypes.contenttype",
  "fields": {
    "app_label": "circuits",
    "model": "circuittype"
  }
},
{
  "model": "contenttypes.contenttype",
  "fields": {
    "app_label": "circuits",
    "model": "provider"
  }
},
{
  "model": "contenttypes.contenttype",
  "fields": {
    "app_label": "circuits",
    "model": "providernetwork"
  }
},
{
  "model": "contenttypes.contenttype",
  "fields": {
    "app_label": "dcim",
    "model": "cable"
  }
},
{
  "model": "contenttypes.contenttype",
  "fields": {
    "app_label": "dcim",
    "model": "cablepath"
  }
},
{
  "model": "contenttypes.contenttype",
  "fields": {
    "app_label": "dcim",
    "model": "consoleport"
  }
},
{
  "model": "contenttypes.contenttype",
  "fields": {
    "app_label": "dcim",
    "model": "consoleporttemplate"
  }
},
{
  "model": "contenttypes.contenttype",
  "fields": {
    "app_label": "dcim",
    "model": "consoleserverport"
  }
},
{
  "model": "contenttypes.contenttype",
  "fields": {
    "app_label": "dcim",
    "model": "consoleserverporttemplate"
  }
},
{
  "model": "contenttypes.contenttype",
  "fields": {
    "app_label": "dcim",
    "model": "device"
  }
},
{
  "model": "contenttypes.contenttype",
  "fields": {
    "app_label": "dcim",
    "model": "devicebay"
  }
},
{
  "model": "contenttypes.contenttype",
  "fields": {
    "app_label": "dcim",
    "model": "devicebaytemplate"
  }
},
{
  "model": "contenttypes.contenttype",
  "fields": {
    "app_label": "dcim",
    "model": "devicerole"
  }
},
{
  "model": "contenttypes.contenttype",
  "fields": {
    "app_label": "dcim",
    "model": "devicetype"
  }
},
{
  "model": "contenttypes.contenttype",
  "fields": {
    "app_label": "dcim",
    "model": "frontport"
  }
},
{
  "model": "contenttypes.contenttype",
  "fields": {
    "app_label": "dcim",
    "model": "frontporttemplate"
  }
},
{
  "model": "contenttypes.contenttype",
  "fields": {
    "app_label": "dcim",
    "model": "interface"
  }
},
{
  "model": "contenttypes.contenttype",
  "fields": {
    "app_label": "dcim",
    "model": "interfacetemplate"
  }
},
{
  "model": "contenttypes.contenttype",
  "fields": {
    "app_label": "dcim",
    "model": "inventoryitem"
  }
},
{
  "model": "contenttypes.contenttype",
  "fields": {
    "app_label": "dcim",
    "model": "location"
  }
},
{
  "model": "contenttypes.contenttype",
  "fields": {
    "app_label": "dcim",
    "model": "manufacturer"
  }
},
{
  "model": "contenttypes.contenttype",
  "fields": {
    "app_label": "dcim",
    "model": "platform"
  }
},
{
  "model": "contenttypes.contenttype",
  "fields": {
    "app_label": "dcim",
    "model": "powerfeed"
  }
},
{
  "model": "contenttypes.contenttype",
  "fields": {
    "app_label": "dcim",
    "model": "poweroutlet"
  }
},
{
  "model": "contenttypes.contenttype",
  "fields": {
    "app_label": "dcim",
    "model": "poweroutlettemplate"
  }
},
{
  "model": "contenttypes.contenttype",
  "fields": {
    "app_label": "dcim",
    "model": "powerpanel"
  }
},
{
  "model": "contenttypes.contenttype",
  "fields": {
    "app_label": "dcim",
    "model": "powerport"
  }
},
{
  "model": "contenttypes.contenttype",
  "fields": {
    "app_label": "dcim",
    "model": "powerporttemplate"
  }
},
{
  "model": "contenttypes.contenttype",
  "fields": {
    "app_label": "dcim",
    "model": "rack"
  }
},
{
  "model": "contenttypes.contenttype",
  "fields": {
    "app_label": "dcim",
    "model": "rackreservation"
  }
},
{
  "model": "contenttypes.contenttype",
  "fields": {
    "app_label": "dcim",
    "model": "rackrole"
  }
},
{
  "model": "contenttypes.contenttype",
  "fields": {
    "app_label": "dcim",
    "model": "rearport"
  }
},
{
  "model": "contenttypes.contenttype",
  "fields": {
    "app_label": "dcim",
    "model": "rearporttemplate"
  }
},
{
  "model": "contenttypes.contenttype",
  "fields": {
    "app_label": "dcim",
    "model": "region"
  }
},
{
  "model": "contenttypes.contenttype",
  "fields": {
    "app_label": "dcim",
    "model": "site"
  }
},
{
  "model": "contenttypes.contenttype",
  "fields": {
    "app_label": "dcim",
    "model": "sitegroup"
  }
},
{
  "model": "contenttypes.contenttype",
  "fields": {
    "app_label": "dcim",
    "model": "virtualchassis"
  }
},
{
  "model": "contenttypes.contenttype",
  "fields": {
    "app_label": "dcim",
    "model": "moduletype"
  }
},
{
  "model": "contenttypes.contenttype",
  "fields": {
    "app_label": "dcim",
    "model": "modulebay"
  }
},
{
  "model": "contenttypes.contenttype",
  "fields": {
    "app_label": "dcim",
    "model": "module"
  }
},
{
  "model": "contenttypes.contenttype",
  "fields": {
    "app_label": "dcim",
    "model": "modulebaytemplate"
  }
},
{
  "model": "contenttypes.contenttype",
  "fields": {
    "app_label": "dcim",
    "model": "inventoryitemrole"
  }
},
{
  "model": "contenttypes.contenttype",
  "fields": {
    "app_label": "dcim",
    "model": "inventoryitemtemplate"
  }
},
{
  "model": "contenttypes.contenttype",
  "fields": {
    "app_label": "dcim",
    "model": "cabletermination"
  }
},
{
  "model": "contenttypes.contenttype",
  "fields": {
    "app_label": "ipam",
    "model": "aggregate"
  }
},
{
  "model": "contenttypes.contenttype",
  "fields": {
    "app_label": "ipam",
    "model": "ipaddress"
  }
},
{
  "model": "contenttypes.contenttype",
  "fields": {
    "app_label": "ipam",
    "model": "prefix"
  }
},
{
  "model": "contenttypes.contenttype",
  "fields": {
    "app_label": "ipam",
    "model": "rir"
  }
},
{
  "model": "contenttypes.contenttype",
  "fields": {
    "app_label": "ipam",
    "model": "role"
  }
},
{
  "model": "contenttypes.contenttype",
  "fields": {
    "app_label": "ipam",
    "model": "routetarget"
  }
},
{
  "model": "contenttypes.contenttype",
  "fields": {
    "app_label": "ipam",
    "model": "vrf"
  }
},
{
  "model": "contenttypes.contenttype",
  "fields": {
    "app_label": "ipam",
    "model": "vlangroup"
  }
},
{
  "model": "contenttypes.contenttype",
  "fields": {
    "app_label": "ipam",
    "model": "vlan"
  }
},
{
  "model": "contenttypes.contenttype",
  "fields": {
    "app_label": "ipam",
    "model": "service"
  }
},
{
  "model": "contenttypes.contenttype",
  "fields": {
    "app_label": "ipam",
    "model": "iprange"
  }
},
{
  "model": "contenttypes.contenttype",
  "fields": {
    "app_label": "ipam",
    "model": "fhrpgroup"
  }
},
{
  "model": "contenttypes.contenttype",
  "fields": {
    "app_label": "ipam",
    "model": "fhrpgroupassignment"
  }
},
{
  "model": "contenttypes.contenttype",
  "fields": {
    "app_label": "ipam",
    "model": "asn"
  }
},
{
  "model": "contenttypes.contenttype",
  "fields": {
    "app_label": "ipam",
    "model": "servicetemplate"
  }
},
{
  "model": "contenttypes.contenttype",
  "fields": {
    "app_label": "ipam",
    "model": "l2vpn"
  }
},
{
  "model": "contenttypes.contenttype",
  "fields": {
    "app_label": "ipam",
    "model": "l2vpntermination"
  }
},
{
  "model": "contenttypes.contenttype",
  "fields": {
    "app_label": "extras",
    "model": "report"
  }
},
{
  "model": "contenttypes.contenttype",
  "fields": {
    "app_label": "extras",
    "model": "script"
  }
},
{
  "model": "contenttypes.contenttype",
  "fields": {
    "app_label": "extras",
    "model": "configcontext"
  }
},
{
  "model": "contenttypes.contenttype",
  "fields": {
    "app_label": "extras",
    "model": "tag"
  }
},
{
  "model": "contenttypes.contenttype",
  "fields": {
    "app_label": "extras",
    "model": "webhook"
  }
},
{
  "model": "contenttypes.contenttype",
  "fields": {
    "app_label": "extras",
    "model": "taggeditem"
  }
},
{
  "model": "contenttypes.contenttype",
  "fields": {
    "app_label": "extras",
    "model": "objectchange"
  }
},
{
  "model": "contenttypes.contenttype",
  "fields": {
    "app_label": "extras",
    "model": "journalentry"
  }
},
{
  "model": "contenttypes.contenttype",
  "fields": {
    "app_label": "extras",
    "model": "imageattachment"
  }
},
{
  "model": "contenttypes.contenttype",
  "fields": {
    "app_label": "extras",
    "model": "exporttemplate"
  }
},
{
  "model": "contenttypes.contenttype",
  "fields": {
    "app_label": "extras",
    "model": "customlink"
  }
},
{
  "model": "contenttypes.contenttype",
  "fields": {
    "app_label": "extras",
    "model": "customfield"
  }
},
{
  "model": "contenttypes.contenttype",
  "fields": {
    "app_label": "extras",
    "model": "configrevision"
  }
},
{
  "model": "contenttypes.contenttype",
  "fields": {
    "app_label": "tenancy",
    "model": "tenantgroup"
  }
},
{
  "model": "contenttypes.contenttype",
  "fields": {
    "app_label": "tenancy",
    "model": "tenant"
  }
},
{
  "model": "contenttypes.contenttype",
  "fields": {
    "app_label": "tenancy",
    "model": "contactrole"
  }
},
{
  "model": "contenttypes.contenttype",
  "fields": {
    "app_label": "tenancy",
    "model": "contactgroup"
  }
},
{
  "model": "contenttypes.contenttype",
  "fields": {
    "app_label": "tenancy",
    "model": "contact"
  }
},
{
  "model": "contenttypes.contenttype",
  "fields": {
    "app_label": "tenancy",
    "model": "contactassignment"
  }
},
{
  "model": "contenttypes.contenttype",
  "fields": {
    "app_label": "users",
    "model": "admingroup"
  }
},
{
  "model": "contenttypes.contenttype",
  "fields": {
    "app_label": "users",
    "model": "adminuser"
  }
},
{
  "model": "contenttypes.contenttype",
  "fields": {
    "app_label": "users",
    "model": "userconfig"
  }
},
{
  "model": "contenttypes.contenttype",
  "fields": {
    "app_label": "users",
    "model": "token"
  }
},
{
  "model": "contenttypes.contenttype",
  "fields": {
    "app_label": "users",
    "model": "objectpermission"
  }
},
{
  "model": "contenttypes.contenttype",
  "fields": {
    "app_label": "virtualization",
    "model": "cluster"
  }
},
{
  "model": "contenttypes.contenttype",
  "fields": {
    "app_label": "virtualization",
    "model": "clustergroup"
  }
},
{
  "model": "contenttypes.contenttype",
  "fields": {
    "app_label": "virtualization",
    "model": "clustertype"
  }
},
{
  "model": "contenttypes.contenttype",
  "fields": {
    "app_label": "virtualization",
    "model": "virtualmachine"
  }
},
{
  "model": "contenttypes.contenttype",
  "fields": {
    "app_label": "virtualization",
    "model": "vminterface"
  }
},
{
  "model": "contenttypes.contenttype",
  "fields": {
    "app_label": "wireless",
    "model": "wirelesslangroup"
  }
},
{
  "model": "contenttypes.contenttype",
  "fields": {
    "app_label": "wireless",
    "model": "wirelesslan"
  }
},
{
  "model": "contenttypes.contenttype",
  "fields": {
    "app_label": "wireless",
    "model": "wirelesslink"
  }
},
{
  "model": "contenttypes.contenttype",
  "fields": {
    "app_label": "django_rq",
    "model": "queue"
  }
},
{
  "model": "contenttypes.contenttype",
  "fields": {
    "app_label": "dcim",
    "model": "virtualdevicecontext"
  }
},
{
  "model": "contenttypes.contenttype",
  "fields": {
    "app_label": "extras",
    "model": "savedfilter"
  }
},
{
  "model": "contenttypes.contenttype",
  "fields": {
    "app_label": "extras",
    "model": "cachedvalue"
  }
},
{
  "model": "contenttypes.contenttype",
  "fields": {
    "app_label": "extras",
    "model": "branch"
  }
},
{
  "model": "contenttypes.contenttype",
  "fields": {
    "app_label": "extras",
    "model": "stagedchange"
  }
},
{
  "model": "contenttypes.contenttype",
  "fields": {
    "app_label": "core",
    "model": "datasource"
  }
},
{
  "model": "contenttypes.contenttype",
  "fields": {
    "app_label": "core",
    "model": "datafile"
  }
},
{
  "model": "contenttypes.contenttype",
  "fields": {
    "app_label": "core",
    "model": "autosyncrecord"
  }
},
{
  "model": "contenttypes.contenttype",
  "fields": {
    "app_label": "core",
    "model": "managedfile"
  }
},
{
  "model": "contenttypes.contenttype",
  "fields": {
    "app_label": "core",
    "model": "job"
  }
},
{
  "model": "contenttypes.contenttype",
  "fields": {
    "app_label": "circuits",
    "model": "provideraccount"
  }
},
{
  "model": "contenttypes.contenttype",
  "fields": {
    "app_label": "ipam",
    "model": "asnrange"
  }
},
{
  "model": "contenttypes.contenttype",
  "fields": {
    "app_label": "extras",
    "model": "configtemplate"
  }
},
{
  "model": "contenttypes.contenttype",
  "fields": {
    "app_label": "extras",
    "model": "dashboard"
  }
},
{
  "model": "contenttypes.contenttype",
  "fields": {
    "app_label": "extras",
    "model": "reportmodule"
  }
},
{
  "model": "contenttypes.contenttype",
  "fields": {
    "app_label": "extras",
    "model": "scriptmodule"
  }
},
{
  "model": "contenttypes.contenttype",
  "fields": {
    "app_label": "netbox_topology_views",
    "model": "roleimage"
  }
},
{
  "model": "contenttypes.contenttype",
  "fields": {
    "app_label": "netbox_topology_views",
    "model": "individualoptions"
  }
},
{
  "model": "contenttypes.contenttype",
  "fields": {
    "app_label": "netbox_topology_views",
    "model": "coordinategroup"
  }
},
{
  "model": "contenttypes.contenttype",
  "fields": {
    "app_label": "netbox_topology_views",
    "model": "coordinate"
  }
},
{
  "model": "contenttypes.contenttype",
  "fields": {
    "app_label": "nextbox_ui_plugin",
    "model": "savedtopology"
  }
},
{
  "model": "contenttypes.contenttype",
  "fields": {
    "app_label": "netbox_bgp",
    "model": "community"
  }
},
{
  "model": "contenttypes.contenttype",
  "fields": {
    "app_label": "netbox_bgp",
    "model": "bgpsession"
  }
},
{
  "model": "contenttypes.contenttype",
  "fields": {
    "app_label": "netbox_bgp",
    "model": "bgppeergroup"
  }
},
{
  "model": "contenttypes.contenttype",
  "fields": {
    "app_label": "netbox_bgp",
    "model": "routingpolicy"
  }
},
{
  "model": "contenttypes.contenttype",
  "fields": {
    "app_label": "netbox_bgp",
    "model": "routingpolicyrule"
  }
},
{
  "model": "contenttypes.contenttype",
  "fields": {
    "app_label": "netbox_bgp",
    "model": "prefixlist"
  }
},
{
  "model": "contenttypes.contenttype",
  "fields": {
    "app_label": "netbox_bgp",
    "model": "prefixlistrule"
  }
},
{
  "model": "contenttypes.contenttype",
  "fields": {
    "app_label": "netbox_dns",
    "model": "nameserver"
  }
},
{
  "model": "contenttypes.contenttype",
  "fields": {
    "app_label": "netbox_dns",
    "model": "zone"
  }
},
{
  "model": "contenttypes.contenttype",
  "fields": {
    "app_label": "netbox_dns",
    "model": "record"
  }
},
{
  "model": "contenttypes.contenttype",
  "fields": {
    "app_label": "netbox_dns",
    "model": "view"
  }
},
{
  "model": "sessions.session",
  "pk": "1jgvt3dazdsp7q1ig1jnl5l0j5dptrp1",
  "fields": {
    "session_data": ".eJxVjEEKwjAQRe-StZRJajLVpReoNwiTZEKimEKTgiDe3RRc6Orz__u8l7C0tWS3yqvNQZzFURx-N0f-zmUHhZtbnsOOuLTsqeWlDLO7sW9XXh-51j5cvv8_SaKaukEhKJYKovOIxsTJ6F4DMUg9BkKFnukUwujGSQMiSnCROIaeKoIX7w80zzpu:1qVVCj:RbjHzaRUOJyvzoUoP1tGEP5N5dnFItdKYQTWOhMO_Jo",
    "expire_date": "2023-08-28T10:53:45.401Z"
  }
},
{
  "model": "sessions.session",
  "pk": "7xx1nltp8h9o8vw78uog5081k5i82nfq",
  "fields": {
    "session_data": ".eJxVjEEKwjAQRe-StZRJajLVpReoNwiTZEKimEKTgiDe3RRc6Orz__u8l7C0tWS3yqvNQZzFURx-N0f-zmUHhZtbnsOOuLTsqeWlDLO7sW9XXh-51j5cvv8_SaKaukEhKJYKovOIxsTJ6F4DMUg9BkKFnukUwujGSQMiSnCROIaeKoIX7w80zzpu:1qURzm:oUuohldp_VzfnLIwMHgkODDgh7p3Ve4DwYJrhw6ouIc",
    "expire_date": "2023-08-25T13:16:02.242Z"
  }
},
{
  "model": "sessions.session",
  "pk": "94jufflx54q8lnondge0l8673m5md5wa",
  "fields": {
    "session_data": ".eJxVjEEKwjAQAP-Ss5SkSbNbj36g_iDsblMaxRSaFATx77bgQa8zw7xUoK3OYStxDWlUZ-XU6ZcxyT3mQ-RYeXk2h4q5JqGaltwMfItSr3F9pFJ2cPn2f5OZyrwfLHst2rBHEfSiew_GdTCN3DrbIsIkAoZ6g4DUOauZe_RI2lMHLbB6fwAhMTlC:1qQr7o:VapfUszMAQ5rDFcSRwVIBT8KudBzZchpaUXsdlx2uUc",
    "expire_date": "2023-08-15T15:17:28.969Z"
  }
},
{
  "model": "sessions.session",
  "pk": "ej0mghtu7na2ff8p82idlyu45azgaysf",
  "fields": {
    "session_data": ".eJxVjEEKwjAQAP-SsxTTbJONRz9Qf1Cymy2JYgpNCoL4dy140OvMME81ha2laauyTjmqkwJ1-GUU-CZlF0UaLY9uV1Ja5tDyUrqRrsLtIus91_oB52__N0mhpn2NAxhi1rEPFJ0FIURvrGhBIgQmN1gHJDjjrHvrJIL3RpOHyGCP6vUGSSI6RQ:1qThWC:dTiyb6naJJyzTREO7bBhY277_lOJryC-PZRKId9lnfA",
    "expire_date": "2023-08-23T11:38:24.086Z"
  }
},
{
  "model": "sessions.session",
  "pk": "h4f91d3qzwnxtjtm13r2jzr4l5sewsa1",
  "fields": {
    "session_data": ".eJxVjEEKwjAQRe-StZRJajLVpReoNwiTZEKimEKTgiDe3RRc6Orz__u8l7C0tWS3yqvNQZzFURx-N0f-zmUHhZtbnsOOuLTsqeWlDLO7sW9XXh-51j5cvv8_SaKaukEhKJYKovOIxsTJ6F4DMUg9BkKFnukUwujGSQMiSnCROIaeKoIX7w80zzpu:1qUSM8:3HWbrEm5ezBuflzcIm1XXwUvNB57Li6lpZ61oJwhNA4",
    "expire_date": "2023-08-25T13:39:08.870Z"
  }
},
{
  "model": "sessions.session",
  "pk": "ouc44c0l5nzbgur5622xfgx0gi7mml49",
  "fields": {
    "session_data": ".eJxVjEEKwjAQRe-StZRJajLVpReoNwiTZEKimEKTgiDe3RRc6Orz__u8l7C0tWS3yqvNQZzFURx-N0f-zmUHhZtbnsOOuLTsqeWlDLO7sW9XXh-51j5cvv8_SaKaukEhKJYKovOIxsTJ6F4DMUg9BkKFnukUwujGSQMiSnCROIaeKoIX7w80zzpu:1qUVmY:wxiadOLS0d4SIkGDc__I2stbTr4Cv18srX3IVCCXQOo",
    "expire_date": "2023-08-25T17:18:38.336Z"
  }
},
{
  "model": "sessions.session",
  "pk": "ttuacu1u1smojh5fcvhlkeq462e04ixb",
  "fields": {
    "session_data": ".eJxVjEEKwjAQAP-SsxTTbJONRz9Qf1Cymy2JYgpNCoL4dy140OvMME81ha2laauyTjmqkwJ1-GUU-CZlF0UaLY9uV1Ja5tDyUrqRrsLtIus91_oB52__N0mhpn2NAxhi1rEPFJ0FIURvrGhBIgQmN1gHJDjjrHvrJIL3RpOHyGCP6vUGSSI6RQ:1qU6Jj:vj_vEu3Q3FmrTlS5UL5kQuF641FNHifoeOwX5s6Rg4s",
    "expire_date": "2023-08-24T14:07:11.270Z"
  }
},
{
  "model": "sessions.session",
  "pk": "zecwvozifo5go2j4kn46y5m4ay3f3ahs",
  "fields": {
    "session_data": ".eJxVjEEKwjAQAP-Ss5SkSbNbj36g_iDsblMaxRSaFATx77bgQa8zw7xUoK3OYStxDWlUZ-XU6ZcxyT3mQ-RYeXk2h4q5JqGaltwMfItSr3F9pFJ2cPn2f5OZyrwfLHst2rBHEfSiew_GdTCN3DrbIsIkAoZ6g4DUOauZe_RI2lMHLbB6fwAhMTlC:1qQodo:RKoUeab78ojy6Mueje9Eydif9984uSNkQx2xkjKbx80",
    "expire_date": "2023-08-15T12:38:20.158Z"
  }
},
{
  "model": "sessions.session",
  "pk": "zn6n8e9xdih2z1h2gefp8cdshrhrhwr1",
  "fields": {
    "session_data": ".eJxVjEEKwjAQRe-StZRJajLVpReoNwiTZEKimEKTgiDe3RRc6Orz__u8l7C0tWS3yqvNQZzFURx-N0f-zmUHhZtbnsOOuLTsqeWlDLO7sW9XXh-51j5cvv8_SaKaukEhKJYKovOIxsTJ6F4DMUg9BkKFnukUwujGSQMiSnCROIaeKoIX7w80zzpu:1qUSdh:MOIwKkksB0jKQ9vEZBGVDi3NYM8K3Id44Hrx74aD8HA",
    "expire_date": "2023-08-25T13:57:17.359Z"
  }
},
{
  "model": "core.datasource",
  "pk": 68,
  "fields": {
    "created": "2023-08-10T09:53:51.434Z",
    "last_updated": "2023-08-10T09:53:51.434Z",
    "custom_field_data": {},
    "description": "",
    "comments": "",
    "name": "Guided Trial Data Source",
    "type": "git",
    "source_url": "https://github.com/netboxlabs/guided-trial",
    "status": "completed",
    "enabled": true,
    "ignore_rules": "*.md\r\n*.csv",
    "parameters": {
      "branch": "",
      "password": "",
      "username": ""
    },
    "last_synced": "2023-08-11T12:56:48.420Z"
  }
},
{
  "model": "core.datafile",
  "pk": 166,
  "fields": {
    "created": "2023-08-11T10:12:27.256Z",
    "last_updated": "2023-08-11T10:12:27.181Z",
    "source": 68,
    "path": "Network-Automation/cisco-switch-template-example.j2",
    "size": 1527,
    "hash": "fb601bc7e5c5f8140069ecd604b3a3ad38bb6f631d726ca7feed44ce1545ecee",
    "data": "aG9zdG5hbWUge3sgZGV2aWNlLm5hbWUgfX0KCnslIGZvciB2bCBpbiBkZXZpY2Uuc2l0ZS52bGFucy5hbGwoKSAlfQp2bGFuIHt7dmwudmlkIH19CiBuYW1lIHt7IHZsLm5hbWUgfX0gCnslLSBlbmRmb3IgJX0KCnslIGZvciBzZXJ2ZXIgaW4gbmFtZV9zZXJ2ZXJzICV9CmlwIG5hbWUtc2VydmVyIHt7IHNlcnZlciB9fQp7JS0gZW5kZm9yICV9Cgp7JSBmb3IgaW50ZXJmYWNlIGluIGRldmljZS5pbnRlcmZhY2VzLmFsbCgpICV9CnslLSBpZiBpbnRlcmZhY2UubWdtdF9vbmx5ID09IGZhbHNlICV9CmludGVyZmFjZSB7eyBpbnRlcmZhY2UubmFtZSB9fQogeyUtIGlmIGludGVyZmFjZS5lbmFibGVkID09IGZhbHNlICV9CiBzaHV0ZG93bgogeyUtIGVsaWYgaW50ZXJmYWNlLmVuYWJsZWQgPT0gdHJ1ZSAlfQogbm8gc2h1dGRvd24KeyUtIGVuZGlmICV9CnslLSBpZiBpbnRlcmZhY2UubW9kZSA9PSAiYWNjZXNzIiAlfQogc3dpdGNocG9ydCBtb2RlIGFjY2Vzcwogc3dpdGNocG9ydCBhY2Nlc3MgdmxhbiB7eyBpbnRlcmZhY2UudW50YWdnZWRfdmxhbi52aWQgfX0KeyUtIGVsaWYgaW50ZXJmYWNlLm1vZGUgPT0gInRhZ2dlZCIgJX0KIHN3aXRjaHBvcnQgbW9kZSB0cnVuawp7JS0gZm9yIHZsYW4gaW4gaW50ZXJmYWNlLnRhZ2dlZF92bGFucy5hbGwoKSAlfQogc3dpdGNocG9ydCB0cnVuayBhbGxvd2VkIHZsYW4gYWRkIHt7IHZsYW4udmlkIH19CnslLSBlbmRmb3IgJX0gCnslLSBlbGlmICJ0YWdnZWQtYWxsIiBpbiBpbnRlcmZhY2UubW9kZSAlfQpzd2l0Y2hwb3J0IG1vZGUgdHJ1bmsKc3dpdGNocG9ydCB0cnVuayBhbGxvd2VkIHZsYW4gYWxsCnslLSBlbHNlICV9CiB7JS0gaWYgaW50ZXJmYWNlLmxhZyAhPSBOb25lICV9CiBjaGFubmVsLWdyb3VwIHslIGZvciBjaGFyIGluIGludGVyZmFjZS5sYWcubmFtZSAlfXslLSBpZiBjaGFyLmlzZGlnaXQoKSAlfXt7IGNoYXIgfX17JS0gZW5kaWYgJX17JS0gZW5kZm9yICV9IG1vZGUgb24KeyUtIGVuZGlmICV9CnslLSBlbmRpZiAlfQp7JSBlbHNlICV9CmludGVyZmFjZSB7eyBpbnRlcmZhY2UubmFtZSB9fSAKIGRlc2NyaXB0aW9uIE1hbmFnZW1lbnQgVkxBTgp7JS0gaWYgaW50ZXJmYWNlLmVuYWJsZWQgPT0gZmFsc2UgJX0KIHNodXRkb3duIAp7JS0gZWxpZiBpbnRlcmZhY2UuZW5hYmxlZCA9PSB0cnVlICV9CiBubyBzaHV0ZG93bgp7JS0gZW5kaWYgJX0gCiBpcCBhZGRyZXNzIHt7IGRldmljZS5wcmltYXJ5X2lwLmFkZHJlc3MgfX0ge3sgZGV2aWNlLnByaW1hcnlfaXAuYWRkcmVzcy5uZXRtYXNrIH19CnslLSBlbmRpZiAlfQp7JS0gZW5kZm9yICV9Cgpzbm1wLXNlcnZlciBjb21tdW5pdHkge3sgc25tcF9yb19jb21tdW5pdHkgfX0gUk8gCgp7JSBmb3Igc2VydmVyIGluIHN5c2xvZ19zZXJ2ZXJzICV9CmxvZ2dpbmcgaG9zdCB7eyBzZXJ2ZXIgfX0gdHJhbnNwb3J0IHVkcCBwb3J0IDE1MTQKeyUtIGVuZGZvciAlfQoKeyUgZm9yIHNlcnZlciBpbiBudHBfc2VydmVycyAlfQpudHAgc2VydmVyIHt7IHNlcnZlciB9fQp7JS0gZW5kZm9yICV9"
  }
},
{
  "model": "core.datafile",
  "pk": 167,
  "fields": {
    "created": "2023-08-11T10:12:27.256Z",
    "last_updated": "2023-08-11T10:12:27.253Z",
    "source": 68,
    "path": "Network-Automation/sydney-config-context.json",
    "size": 258,
    "hash": "2b13f5fc6067342bb16d1998f7d08694b7a11d4eb0340b2947a163961ead4f23",
    "data": "ewogICAgIm5hbWVfc2VydmVycyI6IFsKICAgICAgICAiOC44LjguOCIsCiAgICAgICAgIjkuOS45LjkiCiAgICBdLAogICAgIm50cF9zZXJ2ZXJzIjogWwogICAgICAgICIxOTIuMTY4LjQuMTAiLAogICAgICAgICIxOTIuMTY4LjQuMTEiCiAgICBdLAogICAgInNubXBfcm9fY29tbXVuaXR5IjogIlIzNGQwbmxZIiwKICAgICJzeXNsb2dfc2VydmVycyI6IFsKICAgICAgICAiMTkyLjE2OC40LjEyIiwKICAgICAgICAiMTkyLjE2OC40LjEzIgogICAgXQp9"
  }
},
{
  "model": "circuits.circuittype",
  "pk": 1,
  "fields": {
    "created": "2022-12-22T15:09:58.648Z",
    "last_updated": "2022-12-22T15:09:58.648Z",
    "custom_field_data": {},
    "name": "Internet Access",
    "slug": "internet-access",
    "description": "Direct Internet Access Circuit"
  }
},
{
  "model": "circuits.circuit",
  "pk": 1,
  "fields": {
    "created": "2022-12-22T15:10:08.770Z",
    "last_updated": "2023-08-08T10:55:58.101Z",
    "custom_field_data": {
      "test": null
    },
    "description": "",
    "comments": "",
    "cid": "KPNCir12345",
    "provider": 1,
    "provider_account": 1,
    "type": 1,
    "status": "active",
    "tenant": 5,
    "install_date": null,
    "termination_date": null,
    "commit_rate": 200000,
    "termination_a": null,
    "termination_z": 1
  }
},
{
  "model": "circuits.circuittermination",
  "pk": 1,
  "fields": {
    "created": "2022-12-22T15:10:16.157Z",
    "last_updated": "2022-12-22T15:10:16.157Z",
    "custom_field_data": {},
    "cable": 38,
    "cable_end": "A",
    "mark_connected": false,
    "circuit": 1,
    "term_side": "Z",
    "site": 1,
    "provider_network": null,
    "port_speed": 200000,
    "upstream_speed": null,
    "xconnect_id": "",
    "pp_info": "",
    "description": ""
  }
},
{
  "model": "circuits.provider",
  "pk": 1,
  "fields": {
    "created": "2022-12-22T15:09:54.236Z",
    "last_updated": "2023-08-07T10:10:28.080Z",
    "custom_field_data": {},
    "description": "",
    "comments": "",
    "name": "KPN",
    "slug": "kpn",
    "asns": []
  }
},
{
  "model": "circuits.provideraccount",
  "pk": 1,
  "fields": {
    "created": "2023-06-21T15:45:13.151Z",
    "last_updated": "2023-08-07T10:11:06.503Z",
    "custom_field_data": {},
    "description": "",
    "comments": "",
    "provider": 1,
    "account": "KPNAC6789",
    "name": ""
  }
},
{
  "model": "dcim.consoleport",
  "pk": 1,
  "fields": {
    "created": "2022-12-22T12:08:10.946Z",
    "last_updated": "2022-12-22T12:08:10.946Z",
    "custom_field_data": {},
    "device": 1,
    "name": "con 0",
    "_name": "con 00000000",
    "label": "",
    "description": "",
    "module": null,
    "cable": 4,
    "cable_end": "A",
    "mark_connected": false,
    "_path": 114,
    "type": "rj-45",
    "speed": null
  }
},
{
  "model": "dcim.consoleport",
  "pk": 2,
  "fields": {
    "created": "2022-12-22T12:08:10.946Z",
    "last_updated": "2022-12-22T12:08:10.946Z",
    "custom_field_data": {},
    "device": 1,
    "name": "usb",
    "_name": "usb",
    "label": "",
    "description": "",
    "module": null,
    "cable": null,
    "cable_end": "",
    "mark_connected": false,
    "_path": null,
    "type": "usb-mini-b",
    "speed": null
  }
},
{
  "model": "dcim.consoleport",
  "pk": 3,
  "fields": {
    "created": "2022-12-22T12:08:11.017Z",
    "last_updated": "2022-12-22T12:08:11.017Z",
    "custom_field_data": {},
    "device": 2,
    "name": "Console",
    "_name": "Console",
    "label": "",
    "description": "",
    "module": null,
    "cable": 5,
    "cable_end": "A",
    "mark_connected": false,
    "_path": 116,
    "type": "rj-45",
    "speed": null
  }
},
{
  "model": "dcim.consoleport",
  "pk": 4,
  "fields": {
    "created": "2022-12-22T12:08:11.017Z",
    "last_updated": "2022-12-22T12:08:11.017Z",
    "custom_field_data": {},
    "device": 2,
    "name": "Console (USB)",
    "_name": "Console (USB)",
    "label": "",
    "description": "",
    "module": null,
    "cable": null,
    "cable_end": "",
    "mark_connected": false,
    "_path": null,
    "type": "usb-mini-b",
    "speed": null
  }
},
{
  "model": "dcim.consoleport",
  "pk": 5,
  "fields": {
    "created": "2022-12-22T12:08:11.491Z",
    "last_updated": "2022-12-22T12:08:11.491Z",
    "custom_field_data": {},
    "device": 4,
    "name": "Console",
    "_name": "Console",
    "label": "",
    "description": "",
    "module": null,
    "cable": null,
    "cable_end": "",
    "mark_connected": false,
    "_path": null,
    "type": "rj-45",
    "speed": null
  }
},
{
  "model": "dcim.consoleport",
  "pk": 6,
  "fields": {
    "created": "2022-12-22T13:48:05.820Z",
    "last_updated": "2022-12-22T13:48:05.820Z",
    "custom_field_data": {},
    "device": 7,
    "name": "Serial",
    "_name": "Serial",
    "label": "",
    "description": "",
    "module": null,
    "cable": null,
    "cable_end": "",
    "mark_connected": false,
    "_path": null,
    "type": "de-9",
    "speed": null
  }
},
{
  "model": "dcim.consoleport",
  "pk": 7,
  "fields": {
    "created": "2022-12-22T13:48:05.820Z",
    "last_updated": "2022-12-22T13:48:05.820Z",
    "custom_field_data": {},
    "device": 7,
    "name": "VGA",
    "_name": "VGA",
    "label": "",
    "description": "",
    "module": null,
    "cable": null,
    "cable_end": "",
    "mark_connected": false,
    "_path": null,
    "type": "other",
    "speed": null
  }
},
{
  "model": "dcim.consoleport",
  "pk": 8,
  "fields": {
    "created": "2022-12-22T13:48:05.916Z",
    "last_updated": "2022-12-22T13:48:05.916Z",
    "custom_field_data": {},
    "device": 8,
    "name": "Serial",
    "_name": "Serial",
    "label": "",
    "description": "",
    "module": null,
    "cable": null,
    "cable_end": "",
    "mark_connected": false,
    "_path": null,
    "type": "de-9",
    "speed": null
  }
},
{
  "model": "dcim.consoleport",
  "pk": 9,
  "fields": {
    "created": "2022-12-22T13:48:05.916Z",
    "last_updated": "2022-12-22T13:48:05.916Z",
    "custom_field_data": {},
    "device": 8,
    "name": "VGA",
    "_name": "VGA",
    "label": "",
    "description": "",
    "module": null,
    "cable": null,
    "cable_end": "",
    "mark_connected": false,
    "_path": null,
    "type": "other",
    "speed": null
  }
},
{
  "model": "dcim.consoleport",
  "pk": 10,
  "fields": {
    "created": "2022-12-22T15:09:06.366Z",
    "last_updated": "2022-12-22T15:09:06.366Z",
    "custom_field_data": {},
    "device": 9,
    "name": "Serial",
    "_name": "Serial",
    "label": "",
    "description": "",
    "module": null,
    "cable": null,
    "cable_end": "",
    "mark_connected": false,
    "_path": null,
    "type": "rj-12",
    "speed": null
  }
},
{
  "model": "dcim.consoleport",
  "pk": 11,
  "fields": {
    "created": "2022-12-22T15:09:06.555Z",
    "last_updated": "2022-12-22T15:09:06.555Z",
    "custom_field_data": {},
    "device": 10,
    "name": "Serial",
    "_name": "Serial",
    "label": "",
    "description": "",
    "module": null,
    "cable": null,
    "cable_end": "",
    "mark_connected": false,
    "_path": null,
    "type": "rj-12",
    "speed": null
  }
},
{
  "model": "dcim.consoleport",
  "pk": 119,
  "fields": {
    "created": "2023-08-09T10:00:52.470Z",
    "last_updated": "2023-08-09T10:00:52.470Z",
    "custom_field_data": {},
    "device": 141,
    "name": "Console",
    "_name": "Console",
    "label": "",
    "description": "",
    "module": null,
    "cable": null,
    "cable_end": "",
    "mark_connected": false,
    "_path": null,
    "type": "rj-45",
    "speed": null
  }
},
{
  "model": "dcim.consoleport",
  "pk": 120,
  "fields": {
    "created": "2023-08-09T10:00:52.470Z",
    "last_updated": "2023-08-09T10:00:52.470Z",
    "custom_field_data": {},
    "device": 141,
    "name": "usb",
    "_name": "usb",
    "label": "",
    "description": "",
    "module": null,
    "cable": null,
    "cable_end": "",
    "mark_connected": false,
    "_path": null,
    "type": "usb-mini-b",
    "speed": null
  }
},
{
  "model": "dcim.consoleserverport",
  "pk": 1,
  "fields": {
    "created": "2022-12-22T12:08:11.497Z",
    "last_updated": "2022-12-22T12:08:11.497Z",
    "custom_field_data": {},
    "device": 4,
    "name": "ttyS1",
    "_name": "ttyS00000001",
    "label": "",
    "description": "",
    "module": null,
    "cable": 4,
    "cable_end": "B",
    "mark_connected": false,
    "_path": 115,
    "type": "rj-45",
    "speed": null
  }
},
{
  "model": "dcim.consoleserverport",
  "pk": 2,
  "fields": {
    "created": "2022-12-22T12:08:11.498Z",
    "last_updated": "2022-12-22T12:08:11.498Z",
    "custom_field_data": {},
    "device": 4,
    "name": "ttyS2",
    "_name": "ttyS00000002",
    "label": "",
    "description": "",
    "module": null,
    "cable": 5,
    "cable_end": "B",
    "mark_connected": false,
    "_path": 117,
    "type": "rj-45",
    "speed": null
  }
},
{
  "model": "dcim.consoleserverport",
  "pk": 3,
  "fields": {
    "created": "2022-12-22T12:08:11.498Z",
    "last_updated": "2022-12-22T12:08:11.498Z",
    "custom_field_data": {},
    "device": 4,
    "name": "ttyS3",
    "_name": "ttyS00000003",
    "label": "",
    "description": "",
    "module": null,
    "cable": null,
    "cable_end": "",
    "mark_connected": false,
    "_path": null,
    "type": "rj-45",
    "speed": null
  }
},
{
  "model": "dcim.consoleserverport",
  "pk": 4,
  "fields": {
    "created": "2022-12-22T12:08:11.498Z",
    "last_updated": "2022-12-22T12:08:11.498Z",
    "custom_field_data": {},
    "device": 4,
    "name": "ttyS4",
    "_name": "ttyS00000004",
    "label": "",
    "description": "",
    "module": null,
    "cable": null,
    "cable_end": "",
    "mark_connected": false,
    "_path": null,
    "type": "rj-45",
    "speed": null
  }
},
{
  "model": "dcim.consoleserverport",
  "pk": 5,
  "fields": {
    "created": "2022-12-22T12:08:11.498Z",
    "last_updated": "2022-12-22T12:08:11.498Z",
    "custom_field_data": {},
    "device": 4,
    "name": "ttyS5",
    "_name": "ttyS00000005",
    "label": "",
    "description": "",
    "module": null,
    "cable": null,
    "cable_end": "",
    "mark_connected": false,
    "_path": null,
    "type": "rj-45",
    "speed": null
  }
},
{
  "model": "dcim.consoleserverport",
  "pk": 6,
  "fields": {
    "created": "2022-12-22T12:08:11.498Z",
    "last_updated": "2022-12-22T12:08:11.498Z",
    "custom_field_data": {},
    "device": 4,
    "name": "ttyS6",
    "_name": "ttyS00000006",
    "label": "",
    "description": "",
    "module": null,
    "cable": null,
    "cable_end": "",
    "mark_connected": false,
    "_path": null,
    "type": "rj-45",
    "speed": null
  }
},
{
  "model": "dcim.consoleserverport",
  "pk": 7,
  "fields": {
    "created": "2022-12-22T12:08:11.498Z",
    "last_updated": "2022-12-22T12:08:11.498Z",
    "custom_field_data": {},
    "device": 4,
    "name": "ttyS7",
    "_name": "ttyS00000007",
    "label": "",
    "description": "",
    "module": null,
    "cable": null,
    "cable_end": "",
    "mark_connected": false,
    "_path": null,
    "type": "rj-45",
    "speed": null
  }
},
{
  "model": "dcim.consoleserverport",
  "pk": 8,
  "fields": {
    "created": "2022-12-22T12:08:11.498Z",
    "last_updated": "2022-12-22T12:08:11.498Z",
    "custom_field_data": {},
    "device": 4,
    "name": "ttyS8",
    "_name": "ttyS00000008",
    "label": "",
    "description": "",
    "module": null,
    "cable": null,
    "cable_end": "",
    "mark_connected": false,
    "_path": null,
    "type": "rj-45",
    "speed": null
  }
},
{
  "model": "dcim.consoleserverport",
  "pk": 9,
  "fields": {
    "created": "2022-12-22T12:08:11.498Z",
    "last_updated": "2022-12-22T12:08:11.498Z",
    "custom_field_data": {},
    "device": 4,
    "name": "ttyS9",
    "_name": "ttyS00000009",
    "label": "",
    "description": "",
    "module": null,
    "cable": null,
    "cable_end": "",
    "mark_connected": false,
    "_path": null,
    "type": "rj-45",
    "speed": null
  }
},
{
  "model": "dcim.consoleserverport",
  "pk": 10,
  "fields": {
    "created": "2022-12-22T12:08:11.498Z",
    "last_updated": "2022-12-22T12:08:11.498Z",
    "custom_field_data": {},
    "device": 4,
    "name": "ttyS10",
    "_name": "ttyS00000010",
    "label": "",
    "description": "",
    "module": null,
    "cable": null,
    "cable_end": "",
    "mark_connected": false,
    "_path": null,
    "type": "rj-45",
    "speed": null
  }
},
{
  "model": "dcim.consoleserverport",
  "pk": 11,
  "fields": {
    "created": "2022-12-22T12:08:11.498Z",
    "last_updated": "2022-12-22T12:08:11.498Z",
    "custom_field_data": {},
    "device": 4,
    "name": "ttyS11",
    "_name": "ttyS00000011",
    "label": "",
    "description": "",
    "module": null,
    "cable": null,
    "cable_end": "",
    "mark_connected": false,
    "_path": null,
    "type": "rj-45",
    "speed": null
  }
},
{
  "model": "dcim.consoleserverport",
  "pk": 12,
  "fields": {
    "created": "2022-12-22T12:08:11.498Z",
    "last_updated": "2022-12-22T12:08:11.498Z",
    "custom_field_data": {},
    "device": 4,
    "name": "ttyS12",
    "_name": "ttyS00000012",
    "label": "",
    "description": "",
    "module": null,
    "cable": null,
    "cable_end": "",
    "mark_connected": false,
    "_path": null,
    "type": "rj-45",
    "speed": null
  }
},
{
  "model": "dcim.consoleserverport",
  "pk": 13,
  "fields": {
    "created": "2022-12-22T12:08:11.498Z",
    "last_updated": "2022-12-22T12:08:11.498Z",
    "custom_field_data": {},
    "device": 4,
    "name": "ttyS13",
    "_name": "ttyS00000013",
    "label": "",
    "description": "",
    "module": null,
    "cable": null,
    "cable_end": "",
    "mark_connected": false,
    "_path": null,
    "type": "rj-45",
    "speed": null
  }
},
{
  "model": "dcim.consoleserverport",
  "pk": 14,
  "fields": {
    "created": "2022-12-22T12:08:11.498Z",
    "last_updated": "2022-12-22T12:08:11.498Z",
    "custom_field_data": {},
    "device": 4,
    "name": "ttyS14",
    "_name": "ttyS00000014",
    "label": "",
    "description": "",
    "module": null,
    "cable": null,
    "cable_end": "",
    "mark_connected": false,
    "_path": null,
    "type": "rj-45",
    "speed": null
  }
},
{
  "model": "dcim.consoleserverport",
  "pk": 15,
  "fields": {
    "created": "2022-12-22T12:08:11.498Z",
    "last_updated": "2022-12-22T12:08:11.498Z",
    "custom_field_data": {},
    "device": 4,
    "name": "ttyS15",
    "_name": "ttyS00000015",
    "label": "",
    "description": "",
    "module": null,
    "cable": null,
    "cable_end": "",
    "mark_connected": false,
    "_path": null,
    "type": "rj-45",
    "speed": null
  }
},
{
  "model": "dcim.consoleserverport",
  "pk": 16,
  "fields": {
    "created": "2022-12-22T12:08:11.498Z",
    "last_updated": "2022-12-22T12:08:11.498Z",
    "custom_field_data": {},
    "device": 4,
    "name": "ttyS16",
    "_name": "ttyS00000016",
    "label": "",
    "description": "",
    "module": null,
    "cable": null,
    "cable_end": "",
    "mark_connected": false,
    "_path": null,
    "type": "rj-45",
    "speed": null
  }
},
{
  "model": "dcim.powerport",
  "pk": 1,
  "fields": {
    "created": "2022-12-22T12:08:10.954Z",
    "last_updated": "2023-08-07T10:19:19.508Z",
    "custom_field_data": {},
    "device": 1,
    "name": "PSU0",
    "_name": "PSU00000000",
    "label": "",
    "description": "",
    "module": null,
    "cable": 33,
    "cable_end": "A",
    "mark_connected": false,
    "_path": 65,
    "type": "iec-60320-c6",
    "maximum_draw": 125,
    "allocated_draw": 100
  }
},
{
  "model": "dcim.powerport",
  "pk": 2,
  "fields": {
    "created": "2022-12-22T12:08:11.026Z",
    "last_updated": "2023-08-07T10:19:39.760Z",
    "custom_field_data": {},
    "device": 2,
    "name": "PSU0",
    "_name": "PSU00000000",
    "label": "",
    "description": "",
    "module": null,
    "cable": 30,
    "cable_end": "A",
    "mark_connected": false,
    "_path": 59,
    "type": "iec-60320-c14",
    "maximum_draw": 1100,
    "allocated_draw": 700
  }
},
{
  "model": "dcim.powerport",
  "pk": 3,
  "fields": {
    "created": "2022-12-22T12:08:11.026Z",
    "last_updated": "2023-08-07T10:19:39.809Z",
    "custom_field_data": {},
    "device": 2,
    "name": "PSU1",
    "_name": "PSU00000001",
    "label": "",
    "description": "",
    "module": null,
    "cable": 31,
    "cable_end": "A",
    "mark_connected": false,
    "_path": 61,
    "type": "iec-60320-c14",
    "maximum_draw": 1100,
    "allocated_draw": 700
  }
},
{
  "model": "dcim.powerport",
  "pk": 4,
  "fields": {
    "created": "2022-12-22T12:08:11.506Z",
    "last_updated": "2023-08-07T10:17:43.962Z",
    "custom_field_data": {},
    "device": 4,
    "name": "ps1",
    "_name": "ps00000001",
    "label": "",
    "description": "",
    "module": null,
    "cable": 32,
    "cable_end": "A",
    "mark_connected": false,
    "_path": 63,
    "type": "iec-60320-c14",
    "maximum_draw": 35,
    "allocated_draw": 20
  }
},
{
  "model": "dcim.powerport",
  "pk": 5,
  "fields": {
    "created": "2022-12-22T13:48:05.827Z",
    "last_updated": "2023-08-07T10:20:09.941Z",
    "custom_field_data": {},
    "device": 7,
    "name": "PSU1",
    "_name": "PSU00000001",
    "label": "",
    "description": "",
    "module": null,
    "cable": 34,
    "cable_end": "A",
    "mark_connected": false,
    "_path": 67,
    "type": "iec-60320-c14",
    "maximum_draw": 1400,
    "allocated_draw": 900
  }
},
{
  "model": "dcim.powerport",
  "pk": 6,
  "fields": {
    "created": "2022-12-22T13:48:05.827Z",
    "last_updated": "2023-08-07T10:20:09.988Z",
    "custom_field_data": {},
    "device": 7,
    "name": "PSU2",
    "_name": "PSU00000002",
    "label": "",
    "description": "",
    "module": null,
    "cable": 35,
    "cable_end": "A",
    "mark_connected": false,
    "_path": 69,
    "type": "iec-60320-c14",
    "maximum_draw": 1400,
    "allocated_draw": 900
  }
},
{
  "model": "dcim.powerport",
  "pk": 7,
  "fields": {
    "created": "2022-12-22T13:48:05.923Z",
    "last_updated": "2023-08-07T10:20:30.611Z",
    "custom_field_data": {},
    "device": 8,
    "name": "PSU1",
    "_name": "PSU00000001",
    "label": "",
    "description": "",
    "module": null,
    "cable": 36,
    "cable_end": "A",
    "mark_connected": false,
    "_path": 71,
    "type": "iec-60320-c14",
    "maximum_draw": 1400,
    "allocated_draw": 900
  }
},
{
  "model": "dcim.powerport",
  "pk": 8,
  "fields": {
    "created": "2022-12-22T13:48:05.923Z",
    "last_updated": "2023-08-07T10:20:30.658Z",
    "custom_field_data": {},
    "device": 8,
    "name": "PSU2",
    "_name": "PSU00000002",
    "label": "",
    "description": "",
    "module": null,
    "cable": 37,
    "cable_end": "A",
    "mark_connected": false,
    "_path": 73,
    "type": "iec-60320-c14",
    "maximum_draw": 1400,
    "allocated_draw": 900
  }
},
{
  "model": "dcim.powerport",
  "pk": 9,
  "fields": {
    "created": "2022-12-22T15:09:06.377Z",
    "last_updated": "2022-12-22T15:09:06.377Z",
    "custom_field_data": {},
    "device": 9,
    "name": "Power Port 1",
    "_name": "Power Port 00000001",
    "label": "",
    "description": "",
    "module": null,
    "cable": 73,
    "cable_end": "A",
    "mark_connected": false,
    "_path": 178,
    "type": "iec-60320-c20",
    "maximum_draw": null,
    "allocated_draw": null
  }
},
{
  "model": "dcim.powerport",
  "pk": 10,
  "fields": {
    "created": "2022-12-22T15:09:06.563Z",
    "last_updated": "2022-12-22T15:09:06.563Z",
    "custom_field_data": {},
    "device": 10,
    "name": "Power Port 1",
    "_name": "Power Port 00000001",
    "label": "",
    "description": "",
    "module": null,
    "cable": 74,
    "cable_end": "A",
    "mark_connected": false,
    "_path": 180,
    "type": "iec-60320-c20",
    "maximum_draw": null,
    "allocated_draw": null
  }
},
{
  "model": "dcim.powerport",
  "pk": 109,
  "fields": {
    "created": "2023-08-09T10:00:52.541Z",
    "last_updated": "2023-08-09T10:00:52.541Z",
    "custom_field_data": {},
    "device": 141,
    "name": "PS-1",
    "_name": "PS-00000001",
    "label": "",
    "description": "",
    "module": null,
    "cable": null,
    "cable_end": "",
    "mark_connected": false,
    "_path": null,
    "type": "iec-60320-c14",
    "maximum_draw": 600,
    "allocated_draw": null
  }
},
{
  "model": "dcim.powerport",
  "pk": 110,
  "fields": {
    "created": "2023-08-09T10:00:52.541Z",
    "last_updated": "2023-08-09T10:00:52.541Z",
    "custom_field_data": {},
    "device": 141,
    "name": "PS-2",
    "_name": "PS-00000002",
    "label": "",
    "description": "",
    "module": null,
    "cable": null,
    "cable_end": "",
    "mark_connected": false,
    "_path": null,
    "type": "iec-60320-c14",
    "maximum_draw": 600,
    "allocated_draw": null
  }
},
{
  "model": "dcim.poweroutlet",
  "pk": 1,
  "fields": {
    "created": "2022-12-22T15:09:06.420Z",
    "last_updated": "2022-12-22T15:09:06.420Z",
    "custom_field_data": {},
    "device": 9,
    "name": "Outlet 1",
    "_name": "Outlet 00000001",
    "label": "",
    "description": "",
    "module": null,
    "cable": 30,
    "cable_end": "B",
    "mark_connected": false,
    "_path": 60,
    "type": "iec-60320-c13",
    "power_port": 9,
    "feed_leg": ""
  }
},
{
  "model": "dcim.poweroutlet",
  "pk": 2,
  "fields": {
    "created": "2022-12-22T15:09:06.420Z",
    "last_updated": "2022-12-22T15:09:06.420Z",
    "custom_field_data": {},
    "device": 9,
    "name": "Outlet 2",
    "_name": "Outlet 00000002",
    "label": "",
    "description": "",
    "module": null,
    "cable": 32,
    "cable_end": "B",
    "mark_connected": false,
    "_path": 64,
    "type": "iec-60320-c13",
    "power_port": 9,
    "feed_leg": ""
  }
},
{
  "model": "dcim.poweroutlet",
  "pk": 3,
  "fields": {
    "created": "2022-12-22T15:09:06.420Z",
    "last_updated": "2022-12-22T15:09:06.420Z",
    "custom_field_data": {},
    "device": 9,
    "name": "Outlet 3",
    "_name": "Outlet 00000003",
    "label": "",
    "description": "",
    "module": null,
    "cable": 34,
    "cable_end": "B",
    "mark_connected": false,
    "_path": 68,
    "type": "iec-60320-c13",
    "power_port": 9,
    "feed_leg": ""
  }
},
{
  "model": "dcim.poweroutlet",
  "pk": 4,
  "fields": {
    "created": "2022-12-22T15:09:06.420Z",
    "last_updated": "2022-12-22T15:09:06.420Z",
    "custom_field_data": {},
    "device": 9,
    "name": "Outlet 4",
    "_name": "Outlet 00000004",
    "label": "",
    "description": "",
    "module": null,
    "cable": 36,
    "cable_end": "B",
    "mark_connected": false,
    "_path": 72,
    "type": "iec-60320-c13",
    "power_port": 9,
    "feed_leg": ""
  }
},
{
  "model": "dcim.poweroutlet",
  "pk": 5,
  "fields": {
    "created": "2022-12-22T15:09:06.420Z",
    "last_updated": "2022-12-22T15:09:06.420Z",
    "custom_field_data": {},
    "device": 9,
    "name": "Outlet 5",
    "_name": "Outlet 00000005",
    "label": "",
    "description": "",
    "module": null,
    "cable": null,
    "cable_end": "",
    "mark_connected": false,
    "_path": null,
    "type": "iec-60320-c13",
    "power_port": 9,
    "feed_leg": ""
  }
},
{
  "model": "dcim.poweroutlet",
  "pk": 6,
  "fields": {
    "created": "2022-12-22T15:09:06.420Z",
    "last_updated": "2022-12-22T15:09:06.420Z",
    "custom_field_data": {},
    "device": 9,
    "name": "Outlet 6",
    "_name": "Outlet 00000006",
    "label": "",
    "description": "",
    "module": null,
    "cable": null,
    "cable_end": "",
    "mark_connected": false,
    "_path": null,
    "type": "iec-60320-c13",
    "power_port": 9,
    "feed_leg": ""
  }
},
{
  "model": "dcim.poweroutlet",
  "pk": 7,
  "fields": {
    "created": "2022-12-22T15:09:06.420Z",
    "last_updated": "2022-12-22T15:09:06.420Z",
    "custom_field_data": {},
    "device": 9,
    "name": "Outlet 7",
    "_name": "Outlet 00000007",
    "label": "",
    "description": "",
    "module": null,
    "cable": null,
    "cable_end": "",
    "mark_connected": false,
    "_path": null,
    "type": "iec-60320-c13",
    "power_port": 9,
    "feed_leg": ""
  }
},
{
  "model": "dcim.poweroutlet",
  "pk": 8,
  "fields": {
    "created": "2022-12-22T15:09:06.420Z",
    "last_updated": "2022-12-22T15:09:06.420Z",
    "custom_field_data": {},
    "device": 9,
    "name": "Outlet 8",
    "_name": "Outlet 00000008",
    "label": "",
    "description": "",
    "module": null,
    "cable": null,
    "cable_end": "",
    "mark_connected": false,
    "_path": null,
    "type": "iec-60320-c13",
    "power_port": 9,
    "feed_leg": ""
  }
},
{
  "model": "dcim.poweroutlet",
  "pk": 9,
  "fields": {
    "created": "2022-12-22T15:09:06.599Z",
    "last_updated": "2022-12-22T15:09:06.599Z",
    "custom_field_data": {},
    "device": 10,
    "name": "Outlet 1",
    "_name": "Outlet 00000001",
    "label": "",
    "description": "",
    "module": null,
    "cable": 31,
    "cable_end": "B",
    "mark_connected": false,
    "_path": 62,
    "type": "iec-60320-c13",
    "power_port": 10,
    "feed_leg": ""
  }
},
{
  "model": "dcim.poweroutlet",
  "pk": 10,
  "fields": {
    "created": "2022-12-22T15:09:06.600Z",
    "last_updated": "2022-12-22T15:09:06.600Z",
    "custom_field_data": {},
    "device": 10,
    "name": "Outlet 2",
    "_name": "Outlet 00000002",
    "label": "",
    "description": "",
    "module": null,
    "cable": 33,
    "cable_end": "B",
    "mark_connected": false,
    "_path": 66,
    "type": "iec-60320-c13",
    "power_port": 10,
    "feed_leg": ""
  }
},
{
  "model": "dcim.poweroutlet",
  "pk": 11,
  "fields": {
    "created": "2022-12-22T15:09:06.600Z",
    "last_updated": "2022-12-22T15:09:06.600Z",
    "custom_field_data": {},
    "device": 10,
    "name": "Outlet 3",
    "_name": "Outlet 00000003",
    "label": "",
    "description": "",
    "module": null,
    "cable": 35,
    "cable_end": "B",
    "mark_connected": false,
    "_path": 70,
    "type": "iec-60320-c13",
    "power_port": 10,
    "feed_leg": ""
  }
},
{
  "model": "dcim.poweroutlet",
  "pk": 12,
  "fields": {
    "created": "2022-12-22T15:09:06.600Z",
    "last_updated": "2022-12-22T15:09:06.600Z",
    "custom_field_data": {},
    "device": 10,
    "name": "Outlet 4",
    "_name": "Outlet 00000004",
    "label": "",
    "description": "",
    "module": null,
    "cable": 37,
    "cable_end": "B",
    "mark_connected": false,
    "_path": 74,
    "type": "iec-60320-c13",
    "power_port": 10,
    "feed_leg": ""
  }
},
{
  "model": "dcim.poweroutlet",
  "pk": 13,
  "fields": {
    "created": "2022-12-22T15:09:06.600Z",
    "last_updated": "2022-12-22T15:09:06.600Z",
    "custom_field_data": {},
    "device": 10,
    "name": "Outlet 5",
    "_name": "Outlet 00000005",
    "label": "",
    "description": "",
    "module": null,
    "cable": null,
    "cable_end": "",
    "mark_connected": false,
    "_path": null,
    "type": "iec-60320-c13",
    "power_port": 10,
    "feed_leg": ""
  }
},
{
  "model": "dcim.poweroutlet",
  "pk": 14,
  "fields": {
    "created": "2022-12-22T15:09:06.600Z",
    "last_updated": "2022-12-22T15:09:06.600Z",
    "custom_field_data": {},
    "device": 10,
    "name": "Outlet 6",
    "_name": "Outlet 00000006",
    "label": "",
    "description": "",
    "module": null,
    "cable": null,
    "cable_end": "",
    "mark_connected": false,
    "_path": null,
    "type": "iec-60320-c13",
    "power_port": 10,
    "feed_leg": ""
  }
},
{
  "model": "dcim.poweroutlet",
  "pk": 15,
  "fields": {
    "created": "2022-12-22T15:09:06.600Z",
    "last_updated": "2022-12-22T15:09:06.600Z",
    "custom_field_data": {},
    "device": 10,
    "name": "Outlet 7",
    "_name": "Outlet 00000007",
    "label": "",
    "description": "",
    "module": null,
    "cable": null,
    "cable_end": "",
    "mark_connected": false,
    "_path": null,
    "type": "iec-60320-c13",
    "power_port": 10,
    "feed_leg": ""
  }
},
{
  "model": "dcim.poweroutlet",
  "pk": 16,
  "fields": {
    "created": "2022-12-22T15:09:06.600Z",
    "last_updated": "2022-12-22T15:09:06.600Z",
    "custom_field_data": {},
    "device": 10,
    "name": "Outlet 8",
    "_name": "Outlet 00000008",
    "label": "",
    "description": "",
    "module": null,
    "cable": null,
    "cable_end": "",
    "mark_connected": false,
    "_path": null,
    "type": "iec-60320-c13",
    "power_port": 10,
    "feed_leg": ""
  }
},
{
  "model": "dcim.interface",
  "pk": 1,
  "fields": {
    "created": "2022-12-22T12:08:10.964Z",
    "last_updated": "2022-12-22T12:08:10.964Z",
    "custom_field_data": {},
    "device": 1,
    "name": "GigabitEthernet0/0/0",
    "label": "",
    "description": "",
    "module": null,
    "cable": 2,
    "cable_end": "A",
    "mark_connected": false,
    "_path": 110,
    "enabled": true,
    "mac_address": null,
    "mtu": null,
    "mode": "",
    "parent": null,
    "bridge": null,
    "_name": "0000000099999999GigabitEthernet000000............",
    "lag": null,
    "type": "1000base-x-sfp",
    "mgmt_only": false,
    "speed": null,
    "duplex": null,
    "wwn": null,
    "rf_role": "",
    "rf_channel": "",
    "rf_channel_frequency": null,
    "rf_channel_width": null,
    "tx_power": null,
    "poe_mode": "",
    "poe_type": "",
    "wireless_link": null,
    "untagged_vlan": null,
    "vrf": null,
    "vdcs": [],
    "wireless_lans": [],
    "tagged_vlans": []
  }
},
{
  "model": "dcim.interface",
  "pk": 2,
  "fields": {
    "created": "2022-12-22T12:08:10.964Z",
    "last_updated": "2022-12-22T12:08:10.964Z",
    "custom_field_data": {},
    "device": 1,
    "name": "GigabitEthernet0/0/1",
    "label": "",
    "description": "",
    "module": null,
    "cable": 38,
    "cable_end": "B",
    "mark_connected": false,
    "_path": 75,
    "enabled": true,
    "mac_address": null,
    "mtu": null,
    "mode": "",
    "parent": null,
    "bridge": null,
    "_name": "0000000099999999GigabitEthernet000001............",
    "lag": null,
    "type": "1000base-t",
    "mgmt_only": false,
    "speed": null,
    "duplex": null,
    "wwn": null,
    "rf_role": "",
    "rf_channel": "",
    "rf_channel_frequency": null,
    "rf_channel_width": null,
    "tx_power": null,
    "poe_mode": "",
    "poe_type": "",
    "wireless_link": null,
    "untagged_vlan": null,
    "vrf": null,
    "vdcs": [],
    "wireless_lans": [],
    "tagged_vlans": []
  }
},
{
  "model": "dcim.interface",
  "pk": 3,
  "fields": {
    "created": "2022-12-22T12:08:10.964Z",
    "last_updated": "2022-12-22T12:08:10.964Z",
    "custom_field_data": {},
    "device": 1,
    "name": "GigabitEthernet0",
    "label": "",
    "description": "",
    "module": null,
    "cable": 1,
    "cable_end": "A",
    "mark_connected": false,
    "_path": 108,
    "enabled": true,
    "mac_address": null,
    "mtu": null,
    "mode": "",
    "parent": null,
    "bridge": null,
    "_name": "9999999999999999GigabitEthernet000000............",
    "lag": null,
    "type": "1000base-t",
    "mgmt_only": true,
    "speed": null,
    "duplex": null,
    "wwn": null,
    "rf_role": "",
    "rf_channel": "",
    "rf_channel_frequency": null,
    "rf_channel_width": null,
    "tx_power": null,
    "poe_mode": "",
    "poe_type": "",
    "wireless_link": null,
    "untagged_vlan": null,
    "vrf": null,
    "vdcs": [],
    "wireless_lans": [],
    "tagged_vlans": []
  }
},
{
  "model": "dcim.interface",
  "pk": 4,
  "fields": {
    "created": "2022-12-22T12:08:11.042Z",
    "last_updated": "2022-12-22T12:08:11.042Z",
    "custom_field_data": {},
    "device": 2,
    "name": "ge-0/0/0",
    "label": "",
    "description": "",
    "module": null,
    "cable": 2,
    "cable_end": "B",
    "mark_connected": false,
    "_path": 111,
    "enabled": true,
    "mac_address": null,
    "mtu": null,
    "mode": "",
    "parent": null,
    "bridge": null,
    "_name": "0000000099999999ge-000000............",
    "lag": null,
    "type": "1000base-t",
    "mgmt_only": false,
    "speed": null,
    "duplex": null,
    "wwn": null,
    "rf_role": "",
    "rf_channel": "",
    "rf_channel_frequency": null,
    "rf_channel_width": null,
    "tx_power": null,
    "poe_mode": "",
    "poe_type": "",
    "wireless_link": null,
    "untagged_vlan": null,
    "vrf": null,
    "vdcs": [],
    "wireless_lans": [],
    "tagged_vlans": []
  }
},
{
  "model": "dcim.interface",
  "pk": 5,
  "fields": {
    "created": "2022-12-22T12:08:11.042Z",
    "last_updated": "2022-12-22T13:52:25.349Z",
    "custom_field_data": {},
    "device": 2,
    "name": "ge-0/0/1",
    "label": "",
    "description": "",
    "module": null,
    "cable": 25,
    "cable_end": "B",
    "mark_connected": false,
    "_path": 139,
    "enabled": true,
    "mac_address": null,
    "mtu": null,
    "mode": "tagged-all",
    "parent": null,
    "bridge": null,
    "_name": "0000000099999999ge-000001............",
    "lag": 79,
    "type": "1000base-t",
    "mgmt_only": false,
    "speed": null,
    "duplex": null,
    "wwn": null,
    "rf_role": "",
    "rf_channel": "",
    "rf_channel_frequency": null,
    "rf_channel_width": null,
    "tx_power": null,
    "poe_mode": "",
    "poe_type": "",
    "wireless_link": null,
    "untagged_vlan": null,
    "vrf": null,
    "vdcs": [],
    "wireless_lans": [],
    "tagged_vlans": []
  }
},
{
  "model": "dcim.interface",
  "pk": 6,
  "fields": {
    "created": "2022-12-22T12:08:11.042Z",
    "last_updated": "2022-12-22T13:52:25.458Z",
    "custom_field_data": {},
    "device": 2,
    "name": "ge-0/0/2",
    "label": "",
    "description": "",
    "module": null,
    "cable": 26,
    "cable_end": "B",
    "mark_connected": false,
    "_path": 141,
    "enabled": true,
    "mac_address": null,
    "mtu": null,
    "mode": "tagged-all",
    "parent": null,
    "bridge": null,
    "_name": "0000000099999999ge-000002............",
    "lag": 79,
    "type": "1000base-t",
    "mgmt_only": false,
    "speed": null,
    "duplex": null,
    "wwn": null,
    "rf_role": "",
    "rf_channel": "",
    "rf_channel_frequency": null,
    "rf_channel_width": null,
    "tx_power": null,
    "poe_mode": "",
    "poe_type": "",
    "wireless_link": null,
    "untagged_vlan": null,
    "vrf": null,
    "vdcs": [],
    "wireless_lans": [],
    "tagged_vlans": []
  }
},
{
  "model": "dcim.interface",
  "pk": 7,
  "fields": {
    "created": "2022-12-22T12:08:11.043Z",
    "last_updated": "2022-12-22T13:52:54.011Z",
    "custom_field_data": {},
    "device": 2,
    "name": "ge-0/0/3",
    "label": "",
    "description": "",
    "module": null,
    "cable": 28,
    "cable_end": "B",
    "mark_connected": false,
    "_path": 145,
    "enabled": true,
    "mac_address": null,
    "mtu": null,
    "mode": "tagged-all",
    "parent": null,
    "bridge": null,
    "_name": "0000000099999999ge-000003............",
    "lag": 80,
    "type": "1000base-t",
    "mgmt_only": false,
    "speed": null,
    "duplex": null,
    "wwn": null,
    "rf_role": "",
    "rf_channel": "",
    "rf_channel_frequency": null,
    "rf_channel_width": null,
    "tx_power": null,
    "poe_mode": "",
    "poe_type": "",
    "wireless_link": null,
    "untagged_vlan": null,
    "vrf": null,
    "vdcs": [],
    "wireless_lans": [],
    "tagged_vlans": []
  }
},
{
  "model": "dcim.interface",
  "pk": 8,
  "fields": {
    "created": "2022-12-22T12:08:11.043Z",
    "last_updated": "2022-12-22T13:52:54.089Z",
    "custom_field_data": {},
    "device": 2,
    "name": "ge-0/0/4",
    "label": "",
    "description": "",
    "module": null,
    "cable": 29,
    "cable_end": "B",
    "mark_connected": false,
    "_path": 147,
    "enabled": true,
    "mac_address": null,
    "mtu": null,
    "mode": "tagged-all",
    "parent": null,
    "bridge": null,
    "_name": "0000000099999999ge-000004............",
    "lag": 80,
    "type": "1000base-t",
    "mgmt_only": false,
    "speed": null,
    "duplex": null,
    "wwn": null,
    "rf_role": "",
    "rf_channel": "",
    "rf_channel_frequency": null,
    "rf_channel_width": null,
    "tx_power": null,
    "poe_mode": "",
    "poe_type": "",
    "wireless_link": null,
    "untagged_vlan": null,
    "vrf": null,
    "vdcs": [],
    "wireless_lans": [],
    "tagged_vlans": []
  }
},
{
  "model": "dcim.interface",
  "pk": 9,
  "fields": {
    "created": "2022-12-22T12:08:11.043Z",
    "last_updated": "2022-12-22T12:08:11.043Z",
    "custom_field_data": {},
    "device": 2,
    "name": "ge-0/0/5",
    "label": "",
    "description": "",
    "module": null,
    "cable": null,
    "cable_end": "",
    "mark_connected": false,
    "_path": null,
    "enabled": true,
    "mac_address": null,
    "mtu": null,
    "mode": "",
    "parent": null,
    "bridge": null,
    "_name": "0000000099999999ge-000005............",
    "lag": null,
    "type": "1000base-t",
    "mgmt_only": false,
    "speed": null,
    "duplex": null,
    "wwn": null,
    "rf_role": "",
    "rf_channel": "",
    "rf_channel_frequency": null,
    "rf_channel_width": null,
    "tx_power": null,
    "poe_mode": "",
    "poe_type": "",
    "wireless_link": null,
    "untagged_vlan": null,
    "vrf": null,
    "vdcs": [],
    "wireless_lans": [],
    "tagged_vlans": []
  }
},
{
  "model": "dcim.interface",
  "pk": 10,
  "fields": {
    "created": "2022-12-22T12:08:11.043Z",
    "last_updated": "2022-12-22T12:08:11.043Z",
    "custom_field_data": {},
    "device": 2,
    "name": "ge-0/0/6",
    "label": "",
    "description": "",
    "module": null,
    "cable": null,
    "cable_end": "",
    "mark_connected": false,
    "_path": null,
    "enabled": true,
    "mac_address": null,
    "mtu": null,
    "mode": "",
    "parent": null,
    "bridge": null,
    "_name": "0000000099999999ge-000006............",
    "lag": null,
    "type": "1000base-t",
    "mgmt_only": false,
    "speed": null,
    "duplex": null,
    "wwn": null,
    "rf_role": "",
    "rf_channel": "",
    "rf_channel_frequency": null,
    "rf_channel_width": null,
    "tx_power": null,
    "poe_mode": "",
    "poe_type": "",
    "wireless_link": null,
    "untagged_vlan": null,
    "vrf": null,
    "vdcs": [],
    "wireless_lans": [],
    "tagged_vlans": []
  }
},
{
  "model": "dcim.interface",
  "pk": 11,
  "fields": {
    "created": "2022-12-22T12:08:11.043Z",
    "last_updated": "2022-12-22T12:08:11.043Z",
    "custom_field_data": {},
    "device": 2,
    "name": "ge-0/0/7",
    "label": "",
    "description": "",
    "module": null,
    "cable": null,
    "cable_end": "",
    "mark_connected": false,
    "_path": null,
    "enabled": true,
    "mac_address": null,
    "mtu": null,
    "mode": "",
    "parent": null,
    "bridge": null,
    "_name": "0000000099999999ge-000007............",
    "lag": null,
    "type": "1000base-t",
    "mgmt_only": false,
    "speed": null,
    "duplex": null,
    "wwn": null,
    "rf_role": "",
    "rf_channel": "",
    "rf_channel_frequency": null,
    "rf_channel_width": null,
    "tx_power": null,
    "poe_mode": "",
    "poe_type": "",
    "wireless_link": null,
    "untagged_vlan": null,
    "vrf": null,
    "vdcs": [],
    "wireless_lans": [],
    "tagged_vlans": []
  }
},
{
  "model": "dcim.interface",
  "pk": 12,
  "fields": {
    "created": "2022-12-22T12:08:11.043Z",
    "last_updated": "2022-12-22T12:08:11.043Z",
    "custom_field_data": {},
    "device": 2,
    "name": "ge-0/0/8",
    "label": "",
    "description": "",
    "module": null,
    "cable": null,
    "cable_end": "",
    "mark_connected": false,
    "_path": null,
    "enabled": true,
    "mac_address": null,
    "mtu": null,
    "mode": "",
    "parent": null,
    "bridge": null,
    "_name": "0000000099999999ge-000008............",
    "lag": null,
    "type": "1000base-t",
    "mgmt_only": false,
    "speed": null,
    "duplex": null,
    "wwn": null,
    "rf_role": "",
    "rf_channel": "",
    "rf_channel_frequency": null,
    "rf_channel_width": null,
    "tx_power": null,
    "poe_mode": "",
    "poe_type": "",
    "wireless_link": null,
    "untagged_vlan": null,
    "vrf": null,
    "vdcs": [],
    "wireless_lans": [],
    "tagged_vlans": []
  }
},
{
  "model": "dcim.interface",
  "pk": 13,
  "fields": {
    "created": "2022-12-22T12:08:11.043Z",
    "last_updated": "2022-12-22T12:08:11.043Z",
    "custom_field_data": {},
    "device": 2,
    "name": "ge-0/0/9",
    "label": "",
    "description": "",
    "module": null,
    "cable": null,
    "cable_end": "",
    "mark_connected": false,
    "_path": null,
    "enabled": true,
    "mac_address": null,
    "mtu": null,
    "mode": "",
    "parent": null,
    "bridge": null,
    "_name": "0000000099999999ge-000009............",
    "lag": null,
    "type": "1000base-t",
    "mgmt_only": false,
    "speed": null,
    "duplex": null,
    "wwn": null,
    "rf_role": "",
    "rf_channel": "",
    "rf_channel_frequency": null,
    "rf_channel_width": null,
    "tx_power": null,
    "poe_mode": "",
    "poe_type": "",
    "wireless_link": null,
    "untagged_vlan": null,
    "vrf": null,
    "vdcs": [],
    "wireless_lans": [],
    "tagged_vlans": []
  }
},
{
  "model": "dcim.interface",
  "pk": 14,
  "fields": {
    "created": "2022-12-22T12:08:11.043Z",
    "last_updated": "2022-12-22T12:08:11.043Z",
    "custom_field_data": {},
    "device": 2,
    "name": "ge-0/0/10",
    "label": "",
    "description": "",
    "module": null,
    "cable": 6,
    "cable_end": "A",
    "mark_connected": false,
    "_path": 118,
    "enabled": true,
    "mac_address": null,
    "mtu": null,
    "mode": "",
    "parent": null,
    "bridge": null,
    "_name": "0000000099999999ge-000010............",
    "lag": null,
    "type": "1000base-t",
    "mgmt_only": false,
    "speed": null,
    "duplex": null,
    "wwn": null,
    "rf_role": "",
    "rf_channel": "",
    "rf_channel_frequency": null,
    "rf_channel_width": null,
    "tx_power": null,
    "poe_mode": "",
    "poe_type": "",
    "wireless_link": null,
    "untagged_vlan": null,
    "vrf": null,
    "vdcs": [],
    "wireless_lans": [],
    "tagged_vlans": []
  }
},
{
  "model": "dcim.interface",
  "pk": 15,
  "fields": {
    "created": "2022-12-22T12:08:11.044Z",
    "last_updated": "2022-12-22T12:08:11.044Z",
    "custom_field_data": {},
    "device": 2,
    "name": "ge-0/0/11",
    "label": "",
    "description": "",
    "module": null,
    "cable": 7,
    "cable_end": "A",
    "mark_connected": false,
    "_path": 119,
    "enabled": true,
    "mac_address": null,
    "mtu": null,
    "mode": "",
    "parent": null,
    "bridge": null,
    "_name": "0000000099999999ge-000011............",
    "lag": null,
    "type": "1000base-t",
    "mgmt_only": false,
    "speed": null,
    "duplex": null,
    "wwn": null,
    "rf_role": "",
    "rf_channel": "",
    "rf_channel_frequency": null,
    "rf_channel_width": null,
    "tx_power": null,
    "poe_mode": "",
    "poe_type": "",
    "wireless_link": null,
    "untagged_vlan": null,
    "vrf": null,
    "vdcs": [],
    "wireless_lans": [],
    "tagged_vlans": []
  }
},
{
  "model": "dcim.interface",
  "pk": 16,
  "fields": {
    "created": "2022-12-22T12:08:11.044Z",
    "last_updated": "2022-12-22T12:08:11.044Z",
    "custom_field_data": {},
    "device": 2,
    "name": "ge-0/0/12",
    "label": "",
    "description": "",
    "module": null,
    "cable": 8,
    "cable_end": "A",
    "mark_connected": false,
    "_path": 120,
    "enabled": true,
    "mac_address": null,
    "mtu": null,
    "mode": "",
    "parent": null,
    "bridge": null,
    "_name": "0000000099999999ge-000012............",
    "lag": null,
    "type": "1000base-t",
    "mgmt_only": false,
    "speed": null,
    "duplex": null,
    "wwn": null,
    "rf_role": "",
    "rf_channel": "",
    "rf_channel_frequency": null,
    "rf_channel_width": null,
    "tx_power": null,
    "poe_mode": "",
    "poe_type": "",
    "wireless_link": null,
    "untagged_vlan": null,
    "vrf": null,
    "vdcs": [],
    "wireless_lans": [],
    "tagged_vlans": []
  }
},
{
  "model": "dcim.interface",
  "pk": 17,
  "fields": {
    "created": "2022-12-22T12:08:11.044Z",
    "last_updated": "2022-12-22T12:08:11.044Z",
    "custom_field_data": {},
    "device": 2,
    "name": "ge-0/0/13",
    "label": "",
    "description": "",
    "module": null,
    "cable": 9,
    "cable_end": "A",
    "mark_connected": false,
    "_path": 121,
    "enabled": true,
    "mac_address": null,
    "mtu": null,
    "mode": "",
    "parent": null,
    "bridge": null,
    "_name": "0000000099999999ge-000013............",
    "lag": null,
    "type": "1000base-t",
    "mgmt_only": false,
    "speed": null,
    "duplex": null,
    "wwn": null,
    "rf_role": "",
    "rf_channel": "",
    "rf_channel_frequency": null,
    "rf_channel_width": null,
    "tx_power": null,
    "poe_mode": "",
    "poe_type": "",
    "wireless_link": null,
    "untagged_vlan": null,
    "vrf": null,
    "vdcs": [],
    "wireless_lans": [],
    "tagged_vlans": []
  }
},
{
  "model": "dcim.interface",
  "pk": 18,
  "fields": {
    "created": "2022-12-22T12:08:11.044Z",
    "last_updated": "2022-12-22T12:08:11.044Z",
    "custom_field_data": {},
    "device": 2,
    "name": "ge-0/0/14",
    "label": "",
    "description": "",
    "module": null,
    "cable": 10,
    "cable_end": "A",
    "mark_connected": false,
    "_path": 122,
    "enabled": true,
    "mac_address": null,
    "mtu": null,
    "mode": "",
    "parent": null,
    "bridge": null,
    "_name": "0000000099999999ge-000014............",
    "lag": null,
    "type": "1000base-t",
    "mgmt_only": false,
    "speed": null,
    "duplex": null,
    "wwn": null,
    "rf_role": "",
    "rf_channel": "",
    "rf_channel_frequency": null,
    "rf_channel_width": null,
    "tx_power": null,
    "poe_mode": "",
    "poe_type": "",
    "wireless_link": null,
    "untagged_vlan": null,
    "vrf": null,
    "vdcs": [],
    "wireless_lans": [],
    "tagged_vlans": []
  }
},
{
  "model": "dcim.interface",
  "pk": 19,
  "fields": {
    "created": "2022-12-22T12:08:11.044Z",
    "last_updated": "2022-12-22T12:08:11.044Z",
    "custom_field_data": {},
    "device": 2,
    "name": "ge-0/0/15",
    "label": "",
    "description": "",
    "module": null,
    "cable": 11,
    "cable_end": "A",
    "mark_connected": false,
    "_path": 123,
    "enabled": true,
    "mac_address": null,
    "mtu": null,
    "mode": "",
    "parent": null,
    "bridge": null,
    "_name": "0000000099999999ge-000015............",
    "lag": null,
    "type": "1000base-t",
    "mgmt_only": false,
    "speed": null,
    "duplex": null,
    "wwn": null,
    "rf_role": "",
    "rf_channel": "",
    "rf_channel_frequency": null,
    "rf_channel_width": null,
    "tx_power": null,
    "poe_mode": "",
    "poe_type": "",
    "wireless_link": null,
    "untagged_vlan": null,
    "vrf": null,
    "vdcs": [],
    "wireless_lans": [],
    "tagged_vlans": []
  }
},
{
  "model": "dcim.interface",
  "pk": 20,
  "fields": {
    "created": "2022-12-22T12:08:11.044Z",
    "last_updated": "2022-12-22T12:08:11.044Z",
    "custom_field_data": {},
    "device": 2,
    "name": "ge-0/0/16",
    "label": "",
    "description": "",
    "module": null,
    "cable": 12,
    "cable_end": "A",
    "mark_connected": false,
    "_path": 124,
    "enabled": true,
    "mac_address": null,
    "mtu": null,
    "mode": "",
    "parent": null,
    "bridge": null,
    "_name": "0000000099999999ge-000016............",
    "lag": null,
    "type": "1000base-t",
    "mgmt_only": false,
    "speed": null,
    "duplex": null,
    "wwn": null,
    "rf_role": "",
    "rf_channel": "",
    "rf_channel_frequency": null,
    "rf_channel_width": null,
    "tx_power": null,
    "poe_mode": "",
    "poe_type": "",
    "wireless_link": null,
    "untagged_vlan": null,
    "vrf": null,
    "vdcs": [],
    "wireless_lans": [],
    "tagged_vlans": []
  }
},
{
  "model": "dcim.interface",
  "pk": 21,
  "fields": {
    "created": "2022-12-22T12:08:11.044Z",
    "last_updated": "2022-12-22T12:08:11.044Z",
    "custom_field_data": {},
    "device": 2,
    "name": "ge-0/0/17",
    "label": "",
    "description": "",
    "module": null,
    "cable": 13,
    "cable_end": "A",
    "mark_connected": false,
    "_path": 125,
    "enabled": true,
    "mac_address": null,
    "mtu": null,
    "mode": "",
    "parent": null,
    "bridge": null,
    "_name": "0000000099999999ge-000017............",
    "lag": null,
    "type": "1000base-t",
    "mgmt_only": false,
    "speed": null,
    "duplex": null,
    "wwn": null,
    "rf_role": "",
    "rf_channel": "",
    "rf_channel_frequency": null,
    "rf_channel_width": null,
    "tx_power": null,
    "poe_mode": "",
    "poe_type": "",
    "wireless_link": null,
    "untagged_vlan": null,
    "vrf": null,
    "vdcs": [],
    "wireless_lans": [],
    "tagged_vlans": []
  }
},
{
  "model": "dcim.interface",
  "pk": 22,
  "fields": {
    "created": "2022-12-22T12:08:11.044Z",
    "last_updated": "2022-12-22T12:08:11.044Z",
    "custom_field_data": {},
    "device": 2,
    "name": "ge-0/0/18",
    "label": "",
    "description": "",
    "module": null,
    "cable": 14,
    "cable_end": "A",
    "mark_connected": false,
    "_path": 126,
    "enabled": true,
    "mac_address": null,
    "mtu": null,
    "mode": "",
    "parent": null,
    "bridge": null,
    "_name": "0000000099999999ge-000018............",
    "lag": null,
    "type": "1000base-t",
    "mgmt_only": false,
    "speed": null,
    "duplex": null,
    "wwn": null,
    "rf_role": "",
    "rf_channel": "",
    "rf_channel_frequency": null,
    "rf_channel_width": null,
    "tx_power": null,
    "poe_mode": "",
    "poe_type": "",
    "wireless_link": null,
    "untagged_vlan": null,
    "vrf": null,
    "vdcs": [],
    "wireless_lans": [],
    "tagged_vlans": []
  }
},
{
  "model": "dcim.interface",
  "pk": 23,
  "fields": {
    "created": "2022-12-22T12:08:11.044Z",
    "last_updated": "2022-12-22T12:08:11.044Z",
    "custom_field_data": {},
    "device": 2,
    "name": "ge-0/0/19",
    "label": "",
    "description": "",
    "module": null,
    "cable": 15,
    "cable_end": "A",
    "mark_connected": false,
    "_path": 127,
    "enabled": true,
    "mac_address": null,
    "mtu": null,
    "mode": "",
    "parent": null,
    "bridge": null,
    "_name": "0000000099999999ge-000019............",
    "lag": null,
    "type": "1000base-t",
    "mgmt_only": false,
    "speed": null,
    "duplex": null,
    "wwn": null,
    "rf_role": "",
    "rf_channel": "",
    "rf_channel_frequency": null,
    "rf_channel_width": null,
    "tx_power": null,
    "poe_mode": "",
    "poe_type": "",
    "wireless_link": null,
    "untagged_vlan": null,
    "vrf": null,
    "vdcs": [],
    "wireless_lans": [],
    "tagged_vlans": []
  }
},
{
  "model": "dcim.interface",
  "pk": 24,
  "fields": {
    "created": "2022-12-22T12:08:11.045Z",
    "last_updated": "2022-12-22T12:08:11.045Z",
    "custom_field_data": {},
    "device": 2,
    "name": "ge-0/0/20",
    "label": "",
    "description": "",
    "module": null,
    "cable": 16,
    "cable_end": "A",
    "mark_connected": false,
    "_path": 128,
    "enabled": true,
    "mac_address": null,
    "mtu": null,
    "mode": "",
    "parent": null,
    "bridge": null,
    "_name": "0000000099999999ge-000020............",
    "lag": null,
    "type": "1000base-t",
    "mgmt_only": false,
    "speed": null,
    "duplex": null,
    "wwn": null,
    "rf_role": "",
    "rf_channel": "",
    "rf_channel_frequency": null,
    "rf_channel_width": null,
    "tx_power": null,
    "poe_mode": "",
    "poe_type": "",
    "wireless_link": null,
    "untagged_vlan": null,
    "vrf": null,
    "vdcs": [],
    "wireless_lans": [],
    "tagged_vlans": []
  }
},
{
  "model": "dcim.interface",
  "pk": 25,
  "fields": {
    "created": "2022-12-22T12:08:11.045Z",
    "last_updated": "2022-12-22T12:08:11.045Z",
    "custom_field_data": {},
    "device": 2,
    "name": "ge-0/0/21",
    "label": "",
    "description": "",
    "module": null,
    "cable": 17,
    "cable_end": "A",
    "mark_connected": false,
    "_path": 129,
    "enabled": true,
    "mac_address": null,
    "mtu": null,
    "mode": "",
    "parent": null,
    "bridge": null,
    "_name": "0000000099999999ge-000021............",
    "lag": null,
    "type": "1000base-t",
    "mgmt_only": false,
    "speed": null,
    "duplex": null,
    "wwn": null,
    "rf_role": "",
    "rf_channel": "",
    "rf_channel_frequency": null,
    "rf_channel_width": null,
    "tx_power": null,
    "poe_mode": "",
    "poe_type": "",
    "wireless_link": null,
    "untagged_vlan": null,
    "vrf": null,
    "vdcs": [],
    "wireless_lans": [],
    "tagged_vlans": []
  }
},
{
  "model": "dcim.interface",
  "pk": 26,
  "fields": {
    "created": "2022-12-22T12:08:11.045Z",
    "last_updated": "2022-12-22T12:08:11.045Z",
    "custom_field_data": {},
    "device": 2,
    "name": "ge-0/0/22",
    "label": "",
    "description": "",
    "module": null,
    "cable": 18,
    "cable_end": "A",
    "mark_connected": false,
    "_path": 130,
    "enabled": true,
    "mac_address": null,
    "mtu": null,
    "mode": "",
    "parent": null,
    "bridge": null,
    "_name": "0000000099999999ge-000022............",
    "lag": null,
    "type": "1000base-t",
    "mgmt_only": false,
    "speed": null,
    "duplex": null,
    "wwn": null,
    "rf_role": "",
    "rf_channel": "",
    "rf_channel_frequency": null,
    "rf_channel_width": null,
    "tx_power": null,
    "poe_mode": "",
    "poe_type": "",
    "wireless_link": null,
    "untagged_vlan": null,
    "vrf": null,
    "vdcs": [],
    "wireless_lans": [],
    "tagged_vlans": []
  }
},
{
  "model": "dcim.interface",
  "pk": 27,
  "fields": {
    "created": "2022-12-22T12:08:11.045Z",
    "last_updated": "2022-12-22T12:08:11.045Z",
    "custom_field_data": {},
    "device": 2,
    "name": "ge-0/0/23",
    "label": "",
    "description": "",
    "module": null,
    "cable": 19,
    "cable_end": "A",
    "mark_connected": false,
    "_path": 131,
    "enabled": true,
    "mac_address": null,
    "mtu": null,
    "mode": "",
    "parent": null,
    "bridge": null,
    "_name": "0000000099999999ge-000023............",
    "lag": null,
    "type": "1000base-t",
    "mgmt_only": false,
    "speed": null,
    "duplex": null,
    "wwn": null,
    "rf_role": "",
    "rf_channel": "",
    "rf_channel_frequency": null,
    "rf_channel_width": null,
    "tx_power": null,
    "poe_mode": "",
    "poe_type": "",
    "wireless_link": null,
    "untagged_vlan": null,
    "vrf": null,
    "vdcs": [],
    "wireless_lans": [],
    "tagged_vlans": []
  }
},
{
  "model": "dcim.interface",
  "pk": 28,
  "fields": {
    "created": "2022-12-22T12:08:11.045Z",
    "last_updated": "2022-12-22T12:08:11.045Z",
    "custom_field_data": {},
    "device": 2,
    "name": "ge-0/0/24",
    "label": "",
    "description": "",
    "module": null,
    "cable": 20,
    "cable_end": "A",
    "mark_connected": false,
    "_path": 132,
    "enabled": true,
    "mac_address": null,
    "mtu": null,
    "mode": "",
    "parent": null,
    "bridge": null,
    "_name": "0000000099999999ge-000024............",
    "lag": null,
    "type": "1000base-t",
    "mgmt_only": false,
    "speed": null,
    "duplex": null,
    "wwn": null,
    "rf_role": "",
    "rf_channel": "",
    "rf_channel_frequency": null,
    "rf_channel_width": null,
    "tx_power": null,
    "poe_mode": "",
    "poe_type": "",
    "wireless_link": null,
    "untagged_vlan": null,
    "vrf": null,
    "vdcs": [],
    "wireless_lans": [],
    "tagged_vlans": []
  }
},
{
  "model": "dcim.interface",
  "pk": 29,
  "fields": {
    "created": "2022-12-22T12:08:11.045Z",
    "last_updated": "2022-12-22T12:08:11.045Z",
    "custom_field_data": {},
    "device": 2,
    "name": "ge-0/0/25",
    "label": "",
    "description": "",
    "module": null,
    "cable": 21,
    "cable_end": "A",
    "mark_connected": false,
    "_path": 133,
    "enabled": true,
    "mac_address": null,
    "mtu": null,
    "mode": "",
    "parent": null,
    "bridge": null,
    "_name": "0000000099999999ge-000025............",
    "lag": null,
    "type": "1000base-t",
    "mgmt_only": false,
    "speed": null,
    "duplex": null,
    "wwn": null,
    "rf_role": "",
    "rf_channel": "",
    "rf_channel_frequency": null,
    "rf_channel_width": null,
    "tx_power": null,
    "poe_mode": "",
    "poe_type": "",
    "wireless_link": null,
    "untagged_vlan": null,
    "vrf": null,
    "vdcs": [],
    "wireless_lans": [],
    "tagged_vlans": []
  }
},
{
  "model": "dcim.interface",
  "pk": 30,
  "fields": {
    "created": "2022-12-22T12:08:11.045Z",
    "last_updated": "2022-12-22T12:08:11.045Z",
    "custom_field_data": {},
    "device": 2,
    "name": "ge-0/0/26",
    "label": "",
    "description": "",
    "module": null,
    "cable": 22,
    "cable_end": "A",
    "mark_connected": false,
    "_path": 134,
    "enabled": true,
    "mac_address": null,
    "mtu": null,
    "mode": "",
    "parent": null,
    "bridge": null,
    "_name": "0000000099999999ge-000026............",
    "lag": null,
    "type": "1000base-t",
    "mgmt_only": false,
    "speed": null,
    "duplex": null,
    "wwn": null,
    "rf_role": "",
    "rf_channel": "",
    "rf_channel_frequency": null,
    "rf_channel_width": null,
    "tx_power": null,
    "poe_mode": "",
    "poe_type": "",
    "wireless_link": null,
    "untagged_vlan": null,
    "vrf": null,
    "vdcs": [],
    "wireless_lans": [],
    "tagged_vlans": []
  }
},
{
  "model": "dcim.interface",
  "pk": 31,
  "fields": {
    "created": "2022-12-22T12:08:11.045Z",
    "last_updated": "2022-12-22T12:08:11.045Z",
    "custom_field_data": {},
    "device": 2,
    "name": "ge-0/0/27",
    "label": "",
    "description": "",
    "module": null,
    "cable": 23,
    "cable_end": "A",
    "mark_connected": false,
    "_path": 135,
    "enabled": true,
    "mac_address": null,
    "mtu": null,
    "mode": "",
    "parent": null,
    "bridge": null,
    "_name": "0000000099999999ge-000027............",
    "lag": null,
    "type": "1000base-t",
    "mgmt_only": false,
    "speed": null,
    "duplex": null,
    "wwn": null,
    "rf_role": "",
    "rf_channel": "",
    "rf_channel_frequency": null,
    "rf_channel_width": null,
    "tx_power": null,
    "poe_mode": "",
    "poe_type": "",
    "wireless_link": null,
    "untagged_vlan": null,
    "vrf": null,
    "vdcs": [],
    "wireless_lans": [],
    "tagged_vlans": []
  }
},
{
  "model": "dcim.interface",
  "pk": 32,
  "fields": {
    "created": "2022-12-22T12:08:11.045Z",
    "last_updated": "2022-12-22T12:08:11.045Z",
    "custom_field_data": {},
    "device": 2,
    "name": "ge-0/0/28",
    "label": "",
    "description": "",
    "module": null,
    "cable": null,
    "cable_end": "",
    "mark_connected": false,
    "_path": null,
    "enabled": true,
    "mac_address": null,
    "mtu": null,
    "mode": "",
    "parent": null,
    "bridge": null,
    "_name": "0000000099999999ge-000028............",
    "lag": null,
    "type": "1000base-t",
    "mgmt_only": false,
    "speed": null,
    "duplex": null,
    "wwn": null,
    "rf_role": "",
    "rf_channel": "",
    "rf_channel_frequency": null,
    "rf_channel_width": null,
    "tx_power": null,
    "poe_mode": "",
    "poe_type": "",
    "wireless_link": null,
    "untagged_vlan": null,
    "vrf": null,
    "vdcs": [],
    "wireless_lans": [],
    "tagged_vlans": []
  }
},
{
  "model": "dcim.interface",
  "pk": 33,
  "fields": {
    "created": "2022-12-22T12:08:11.045Z",
    "last_updated": "2022-12-22T12:08:11.046Z",
    "custom_field_data": {},
    "device": 2,
    "name": "ge-0/0/29",
    "label": "",
    "description": "",
    "module": null,
    "cable": null,
    "cable_end": "",
    "mark_connected": false,
    "_path": null,
    "enabled": true,
    "mac_address": null,
    "mtu": null,
    "mode": "",
    "parent": null,
    "bridge": null,
    "_name": "0000000099999999ge-000029............",
    "lag": null,
    "type": "1000base-t",
    "mgmt_only": false,
    "speed": null,
    "duplex": null,
    "wwn": null,
    "rf_role": "",
    "rf_channel": "",
    "rf_channel_frequency": null,
    "rf_channel_width": null,
    "tx_power": null,
    "poe_mode": "",
    "poe_type": "",
    "wireless_link": null,
    "untagged_vlan": null,
    "vrf": null,
    "vdcs": [],
    "wireless_lans": [],
    "tagged_vlans": []
  }
},
{
  "model": "dcim.interface",
  "pk": 34,
  "fields": {
    "created": "2022-12-22T12:08:11.046Z",
    "last_updated": "2022-12-22T12:08:11.046Z",
    "custom_field_data": {},
    "device": 2,
    "name": "ge-0/0/30",
    "label": "",
    "description": "",
    "module": null,
    "cable": null,
    "cable_end": "",
    "mark_connected": false,
    "_path": null,
    "enabled": true,
    "mac_address": null,
    "mtu": null,
    "mode": "",
    "parent": null,
    "bridge": null,
    "_name": "0000000099999999ge-000030............",
    "lag": null,
    "type": "1000base-t",
    "mgmt_only": false,
    "speed": null,
    "duplex": null,
    "wwn": null,
    "rf_role": "",
    "rf_channel": "",
    "rf_channel_frequency": null,
    "rf_channel_width": null,
    "tx_power": null,
    "poe_mode": "",
    "poe_type": "",
    "wireless_link": null,
    "untagged_vlan": null,
    "vrf": null,
    "vdcs": [],
    "wireless_lans": [],
    "tagged_vlans": []
  }
},
{
  "model": "dcim.interface",
  "pk": 35,
  "fields": {
    "created": "2022-12-22T12:08:11.046Z",
    "last_updated": "2022-12-22T12:08:11.046Z",
    "custom_field_data": {},
    "device": 2,
    "name": "ge-0/0/31",
    "label": "",
    "description": "",
    "module": null,
    "cable": null,
    "cable_end": "",
    "mark_connected": false,
    "_path": null,
    "enabled": true,
    "mac_address": null,
    "mtu": null,
    "mode": "",
    "parent": null,
    "bridge": null,
    "_name": "0000000099999999ge-000031............",
    "lag": null,
    "type": "1000base-t",
    "mgmt_only": false,
    "speed": null,
    "duplex": null,
    "wwn": null,
    "rf_role": "",
    "rf_channel": "",
    "rf_channel_frequency": null,
    "rf_channel_width": null,
    "tx_power": null,
    "poe_mode": "",
    "poe_type": "",
    "wireless_link": null,
    "untagged_vlan": null,
    "vrf": null,
    "vdcs": [],
    "wireless_lans": [],
    "tagged_vlans": []
  }
},
{
  "model": "dcim.interface",
  "pk": 36,
  "fields": {
    "created": "2022-12-22T12:08:11.046Z",
    "last_updated": "2022-12-22T12:08:11.046Z",
    "custom_field_data": {},
    "device": 2,
    "name": "ge-0/0/32",
    "label": "",
    "description": "",
    "module": null,
    "cable": null,
    "cable_end": "",
    "mark_connected": false,
    "_path": null,
    "enabled": true,
    "mac_address": null,
    "mtu": null,
    "mode": "",
    "parent": null,
    "bridge": null,
    "_name": "0000000099999999ge-000032............",
    "lag": null,
    "type": "1000base-t",
    "mgmt_only": false,
    "speed": null,
    "duplex": null,
    "wwn": null,
    "rf_role": "",
    "rf_channel": "",
    "rf_channel_frequency": null,
    "rf_channel_width": null,
    "tx_power": null,
    "poe_mode": "",
    "poe_type": "",
    "wireless_link": null,
    "untagged_vlan": null,
    "vrf": null,
    "vdcs": [],
    "wireless_lans": [],
    "tagged_vlans": []
  }
},
{
  "model": "dcim.interface",
  "pk": 37,
  "fields": {
    "created": "2022-12-22T12:08:11.046Z",
    "last_updated": "2022-12-22T12:08:11.046Z",
    "custom_field_data": {},
    "device": 2,
    "name": "ge-0/0/33",
    "label": "",
    "description": "",
    "module": null,
    "cable": null,
    "cable_end": "",
    "mark_connected": false,
    "_path": null,
    "enabled": true,
    "mac_address": null,
    "mtu": null,
    "mode": "",
    "parent": null,
    "bridge": null,
    "_name": "0000000099999999ge-000033............",
    "lag": null,
    "type": "1000base-t",
    "mgmt_only": false,
    "speed": null,
    "duplex": null,
    "wwn": null,
    "rf_role": "",
    "rf_channel": "",
    "rf_channel_frequency": null,
    "rf_channel_width": null,
    "tx_power": null,
    "poe_mode": "",
    "poe_type": "",
    "wireless_link": null,
    "untagged_vlan": null,
    "vrf": null,
    "vdcs": [],
    "wireless_lans": [],
    "tagged_vlans": []
  }
},
{
  "model": "dcim.interface",
  "pk": 38,
  "fields": {
    "created": "2022-12-22T12:08:11.046Z",
    "last_updated": "2022-12-22T12:08:11.046Z",
    "custom_field_data": {},
    "device": 2,
    "name": "ge-0/0/34",
    "label": "",
    "description": "",
    "module": null,
    "cable": null,
    "cable_end": "",
    "mark_connected": false,
    "_path": null,
    "enabled": true,
    "mac_address": null,
    "mtu": null,
    "mode": "",
    "parent": null,
    "bridge": null,
    "_name": "0000000099999999ge-000034............",
    "lag": null,
    "type": "1000base-t",
    "mgmt_only": false,
    "speed": null,
    "duplex": null,
    "wwn": null,
    "rf_role": "",
    "rf_channel": "",
    "rf_channel_frequency": null,
    "rf_channel_width": null,
    "tx_power": null,
    "poe_mode": "",
    "poe_type": "",
    "wireless_link": null,
    "untagged_vlan": null,
    "vrf": null,
    "vdcs": [],
    "wireless_lans": [],
    "tagged_vlans": []
  }
},
{
  "model": "dcim.interface",
  "pk": 39,
  "fields": {
    "created": "2022-12-22T12:08:11.046Z",
    "last_updated": "2022-12-22T12:08:11.046Z",
    "custom_field_data": {},
    "device": 2,
    "name": "ge-0/0/35",
    "label": "",
    "description": "",
    "module": null,
    "cable": null,
    "cable_end": "",
    "mark_connected": false,
    "_path": null,
    "enabled": true,
    "mac_address": null,
    "mtu": null,
    "mode": "",
    "parent": null,
    "bridge": null,
    "_name": "0000000099999999ge-000035............",
    "lag": null,
    "type": "1000base-t",
    "mgmt_only": false,
    "speed": null,
    "duplex": null,
    "wwn": null,
    "rf_role": "",
    "rf_channel": "",
    "rf_channel_frequency": null,
    "rf_channel_width": null,
    "tx_power": null,
    "poe_mode": "",
    "poe_type": "",
    "wireless_link": null,
    "untagged_vlan": null,
    "vrf": null,
    "vdcs": [],
    "wireless_lans": [],
    "tagged_vlans": []
  }
},
{
  "model": "dcim.interface",
  "pk": 40,
  "fields": {
    "created": "2022-12-22T12:08:11.046Z",
    "last_updated": "2022-12-22T12:08:11.046Z",
    "custom_field_data": {},
    "device": 2,
    "name": "ge-0/0/36",
    "label": "",
    "description": "",
    "module": null,
    "cable": null,
    "cable_end": "",
    "mark_connected": false,
    "_path": null,
    "enabled": true,
    "mac_address": null,
    "mtu": null,
    "mode": "",
    "parent": null,
    "bridge": null,
    "_name": "0000000099999999ge-000036............",
    "lag": null,
    "type": "1000base-t",
    "mgmt_only": false,
    "speed": null,
    "duplex": null,
    "wwn": null,
    "rf_role": "",
    "rf_channel": "",
    "rf_channel_frequency": null,
    "rf_channel_width": null,
    "tx_power": null,
    "poe_mode": "",
    "poe_type": "",
    "wireless_link": null,
    "untagged_vlan": null,
    "vrf": null,
    "vdcs": [],
    "wireless_lans": [],
    "tagged_vlans": []
  }
},
{
  "model": "dcim.interface",
  "pk": 41,
  "fields": {
    "created": "2022-12-22T12:08:11.046Z",
    "last_updated": "2022-12-22T12:08:11.046Z",
    "custom_field_data": {},
    "device": 2,
    "name": "ge-0/0/37",
    "label": "",
    "description": "",
    "module": null,
    "cable": null,
    "cable_end": "",
    "mark_connected": false,
    "_path": null,
    "enabled": true,
    "mac_address": null,
    "mtu": null,
    "mode": "",
    "parent": null,
    "bridge": null,
    "_name": "0000000099999999ge-000037............",
    "lag": null,
    "type": "1000base-t",
    "mgmt_only": false,
    "speed": null,
    "duplex": null,
    "wwn": null,
    "rf_role": "",
    "rf_channel": "",
    "rf_channel_frequency": null,
    "rf_channel_width": null,
    "tx_power": null,
    "poe_mode": "",
    "poe_type": "",
    "wireless_link": null,
    "untagged_vlan": null,
    "vrf": null,
    "vdcs": [],
    "wireless_lans": [],
    "tagged_vlans": []
  }
},
{
  "model": "dcim.interface",
  "pk": 42,
  "fields": {
    "created": "2022-12-22T12:08:11.047Z",
    "last_updated": "2022-12-22T12:08:11.047Z",
    "custom_field_data": {},
    "device": 2,
    "name": "ge-0/0/38",
    "label": "",
    "description": "",
    "module": null,
    "cable": null,
    "cable_end": "",
    "mark_connected": false,
    "_path": null,
    "enabled": true,
    "mac_address": null,
    "mtu": null,
    "mode": "",
    "parent": null,
    "bridge": null,
    "_name": "0000000099999999ge-000038............",
    "lag": null,
    "type": "1000base-t",
    "mgmt_only": false,
    "speed": null,
    "duplex": null,
    "wwn": null,
    "rf_role": "",
    "rf_channel": "",
    "rf_channel_frequency": null,
    "rf_channel_width": null,
    "tx_power": null,
    "poe_mode": "",
    "poe_type": "",
    "wireless_link": null,
    "untagged_vlan": null,
    "vrf": null,
    "vdcs": [],
    "wireless_lans": [],
    "tagged_vlans": []
  }
},
{
  "model": "dcim.interface",
  "pk": 43,
  "fields": {
    "created": "2022-12-22T12:08:11.047Z",
    "last_updated": "2022-12-22T12:08:11.047Z",
    "custom_field_data": {},
    "device": 2,
    "name": "ge-0/0/39",
    "label": "",
    "description": "",
    "module": null,
    "cable": null,
    "cable_end": "",
    "mark_connected": false,
    "_path": null,
    "enabled": true,
    "mac_address": null,
    "mtu": null,
    "mode": "",
    "parent": null,
    "bridge": null,
    "_name": "0000000099999999ge-000039............",
    "lag": null,
    "type": "1000base-t",
    "mgmt_only": false,
    "speed": null,
    "duplex": null,
    "wwn": null,
    "rf_role": "",
    "rf_channel": "",
    "rf_channel_frequency": null,
    "rf_channel_width": null,
    "tx_power": null,
    "poe_mode": "",
    "poe_type": "",
    "wireless_link": null,
    "untagged_vlan": null,
    "vrf": null,
    "vdcs": [],
    "wireless_lans": [],
    "tagged_vlans": []
  }
},
{
  "model": "dcim.interface",
  "pk": 44,
  "fields": {
    "created": "2022-12-22T12:08:11.047Z",
    "last_updated": "2022-12-22T12:08:11.047Z",
    "custom_field_data": {},
    "device": 2,
    "name": "ge-0/0/40",
    "label": "",
    "description": "",
    "module": null,
    "cable": null,
    "cable_end": "",
    "mark_connected": false,
    "_path": null,
    "enabled": true,
    "mac_address": null,
    "mtu": null,
    "mode": "",
    "parent": null,
    "bridge": null,
    "_name": "0000000099999999ge-000040............",
    "lag": null,
    "type": "1000base-t",
    "mgmt_only": false,
    "speed": null,
    "duplex": null,
    "wwn": null,
    "rf_role": "",
    "rf_channel": "",
    "rf_channel_frequency": null,
    "rf_channel_width": null,
    "tx_power": null,
    "poe_mode": "",
    "poe_type": "",
    "wireless_link": null,
    "untagged_vlan": null,
    "vrf": null,
    "vdcs": [],
    "wireless_lans": [],
    "tagged_vlans": []
  }
},
{
  "model": "dcim.interface",
  "pk": 45,
  "fields": {
    "created": "2022-12-22T12:08:11.047Z",
    "last_updated": "2022-12-22T12:08:11.047Z",
    "custom_field_data": {},
    "device": 2,
    "name": "ge-0/0/41",
    "label": "",
    "description": "",
    "module": null,
    "cable": null,
    "cable_end": "",
    "mark_connected": false,
    "_path": null,
    "enabled": true,
    "mac_address": null,
    "mtu": null,
    "mode": "",
    "parent": null,
    "bridge": null,
    "_name": "0000000099999999ge-000041............",
    "lag": null,
    "type": "1000base-t",
    "mgmt_only": false,
    "speed": null,
    "duplex": null,
    "wwn": null,
    "rf_role": "",
    "rf_channel": "",
    "rf_channel_frequency": null,
    "rf_channel_width": null,
    "tx_power": null,
    "poe_mode": "",
    "poe_type": "",
    "wireless_link": null,
    "untagged_vlan": null,
    "vrf": null,
    "vdcs": [],
    "wireless_lans": [],
    "tagged_vlans": []
  }
},
{
  "model": "dcim.interface",
  "pk": 46,
  "fields": {
    "created": "2022-12-22T12:08:11.047Z",
    "last_updated": "2023-07-31T10:40:47.653Z",
    "custom_field_data": {},
    "device": 2,
    "name": "ge-0/0/42",
    "label": "",
    "description": "",
    "module": null,
    "cable": 71,
    "cable_end": "A",
    "mark_connected": false,
    "_path": 174,
    "enabled": true,
    "mac_address": null,
    "mtu": null,
    "mode": "tagged",
    "parent": null,
    "bridge": null,
    "_name": "0000000099999999ge-000042............",
    "lag": null,
    "type": "1000base-t",
    "mgmt_only": false,
    "speed": null,
    "duplex": null,
    "wwn": null,
    "rf_role": "",
    "rf_channel": "",
    "rf_channel_frequency": null,
    "rf_channel_width": null,
    "tx_power": null,
    "poe_mode": "",
    "poe_type": "",
    "wireless_link": null,
    "untagged_vlan": null,
    "vrf": null,
    "vdcs": [],
    "wireless_lans": [],
    "tagged_vlans": [
      3,
      4
    ]
  }
},
{
  "model": "dcim.interface",
  "pk": 47,
  "fields": {
    "created": "2022-12-22T12:08:11.047Z",
    "last_updated": "2023-07-31T10:40:47.766Z",
    "custom_field_data": {},
    "device": 2,
    "name": "ge-0/0/43",
    "label": "",
    "description": "",
    "module": null,
    "cable": 72,
    "cable_end": "A",
    "mark_connected": false,
    "_path": 176,
    "enabled": true,
    "mac_address": null,
    "mtu": null,
    "mode": "tagged",
    "parent": null,
    "bridge": null,
    "_name": "0000000099999999ge-000043............",
    "lag": null,
    "type": "1000base-t",
    "mgmt_only": false,
    "speed": null,
    "duplex": null,
    "wwn": null,
    "rf_role": "",
    "rf_channel": "",
    "rf_channel_frequency": null,
    "rf_channel_width": null,
    "tx_power": null,
    "poe_mode": "",
    "poe_type": "",
    "wireless_link": null,
    "untagged_vlan": null,
    "vrf": null,
    "vdcs": [],
    "wireless_lans": [],
    "tagged_vlans": [
      3,
      4
    ]
  }
},
{
  "model": "dcim.interface",
  "pk": 48,
  "fields": {
    "created": "2022-12-22T12:08:11.047Z",
    "last_updated": "2022-12-22T13:53:38.540Z",
    "custom_field_data": {},
    "device": 2,
    "name": "ge-0/0/44",
    "label": "",
    "description": "",
    "module": null,
    "cable": 24,
    "cable_end": "B",
    "mark_connected": false,
    "_path": 137,
    "enabled": true,
    "mac_address": null,
    "mtu": null,
    "mode": "access",
    "parent": null,
    "bridge": null,
    "_name": "0000000099999999ge-000044............",
    "lag": null,
    "type": "1000base-t",
    "mgmt_only": false,
    "speed": null,
    "duplex": null,
    "wwn": null,
    "rf_role": "",
    "rf_channel": "",
    "rf_channel_frequency": null,
    "rf_channel_width": null,
    "tx_power": null,
    "poe_mode": "",
    "poe_type": "",
    "wireless_link": null,
    "untagged_vlan": 5,
    "vrf": null,
    "vdcs": [],
    "wireless_lans": [],
    "tagged_vlans": []
  }
},
{
  "model": "dcim.interface",
  "pk": 49,
  "fields": {
    "created": "2022-12-22T12:08:11.047Z",
    "last_updated": "2022-12-22T13:53:38.621Z",
    "custom_field_data": {},
    "device": 2,
    "name": "ge-0/0/45",
    "label": "",
    "description": "",
    "module": null,
    "cable": 27,
    "cable_end": "B",
    "mark_connected": false,
    "_path": 143,
    "enabled": true,
    "mac_address": null,
    "mtu": null,
    "mode": "access",
    "parent": null,
    "bridge": null,
    "_name": "0000000099999999ge-000045............",
    "lag": null,
    "type": "1000base-t",
    "mgmt_only": false,
    "speed": null,
    "duplex": null,
    "wwn": null,
    "rf_role": "",
    "rf_channel": "",
    "rf_channel_frequency": null,
    "rf_channel_width": null,
    "tx_power": null,
    "poe_mode": "",
    "poe_type": "",
    "wireless_link": null,
    "untagged_vlan": 5,
    "vrf": null,
    "vdcs": [],
    "wireless_lans": [],
    "tagged_vlans": []
  }
},
{
  "model": "dcim.interface",
  "pk": 50,
  "fields": {
    "created": "2022-12-22T12:08:11.048Z",
    "last_updated": "2022-12-22T12:08:11.048Z",
    "custom_field_data": {},
    "device": 2,
    "name": "ge-0/0/46",
    "label": "",
    "description": "",
    "module": null,
    "cable": 3,
    "cable_end": "B",
    "mark_connected": false,
    "_path": 113,
    "enabled": true,
    "mac_address": null,
    "mtu": null,
    "mode": "",
    "parent": null,
    "bridge": null,
    "_name": "0000000099999999ge-000046............",
    "lag": null,
    "type": "1000base-t",
    "mgmt_only": false,
    "speed": null,
    "duplex": null,
    "wwn": null,
    "rf_role": "",
    "rf_channel": "",
    "rf_channel_frequency": null,
    "rf_channel_width": null,
    "tx_power": null,
    "poe_mode": "",
    "poe_type": "",
    "wireless_link": null,
    "untagged_vlan": null,
    "vrf": null,
    "vdcs": [],
    "wireless_lans": [],
    "tagged_vlans": []
  }
},
{
  "model": "dcim.interface",
  "pk": 51,
  "fields": {
    "created": "2022-12-22T12:08:11.048Z",
    "last_updated": "2022-12-22T12:08:11.048Z",
    "custom_field_data": {},
    "device": 2,
    "name": "ge-0/0/47",
    "label": "",
    "description": "",
    "module": null,
    "cable": 1,
    "cable_end": "B",
    "mark_connected": false,
    "_path": 109,
    "enabled": true,
    "mac_address": null,
    "mtu": null,
    "mode": "",
    "parent": null,
    "bridge": null,
    "_name": "0000000099999999ge-000047............",
    "lag": null,
    "type": "1000base-t",
    "mgmt_only": false,
    "speed": null,
    "duplex": null,
    "wwn": null,
    "rf_role": "",
    "rf_channel": "",
    "rf_channel_frequency": null,
    "rf_channel_width": null,
    "tx_power": null,
    "poe_mode": "",
    "poe_type": "",
    "wireless_link": null,
    "untagged_vlan": null,
    "vrf": null,
    "vdcs": [],
    "wireless_lans": [],
    "tagged_vlans": []
  }
},
{
  "model": "dcim.interface",
  "pk": 54,
  "fields": {
    "created": "2022-12-22T12:08:11.048Z",
    "last_updated": "2022-12-22T12:08:11.048Z",
    "custom_field_data": {},
    "device": 2,
    "name": "et-0/1/2",
    "label": "",
    "description": "",
    "module": null,
    "cable": null,
    "cable_end": "",
    "mark_connected": false,
    "_path": null,
    "enabled": true,
    "mac_address": null,
    "mtu": null,
    "mode": "",
    "parent": null,
    "bridge": null,
    "_name": "0000000199999999et-000002............",
    "lag": null,
    "type": "40gbase-x-qsfpp",
    "mgmt_only": false,
    "speed": null,
    "duplex": null,
    "wwn": null,
    "rf_role": "",
    "rf_channel": "",
    "rf_channel_frequency": null,
    "rf_channel_width": null,
    "tx_power": null,
    "poe_mode": "",
    "poe_type": "",
    "wireless_link": null,
    "untagged_vlan": null,
    "vrf": null,
    "vdcs": [],
    "wireless_lans": [],
    "tagged_vlans": []
  }
},
{
  "model": "dcim.interface",
  "pk": 55,
  "fields": {
    "created": "2022-12-22T12:08:11.048Z",
    "last_updated": "2022-12-22T12:08:11.048Z",
    "custom_field_data": {},
    "device": 2,
    "name": "et-0/1/3",
    "label": "",
    "description": "",
    "module": null,
    "cable": null,
    "cable_end": "",
    "mark_connected": false,
    "_path": null,
    "enabled": true,
    "mac_address": null,
    "mtu": null,
    "mode": "",
    "parent": null,
    "bridge": null,
    "_name": "0000000199999999et-000003............",
    "lag": null,
    "type": "40gbase-x-qsfpp",
    "mgmt_only": false,
    "speed": null,
    "duplex": null,
    "wwn": null,
    "rf_role": "",
    "rf_channel": "",
    "rf_channel_frequency": null,
    "rf_channel_width": null,
    "tx_power": null,
    "poe_mode": "",
    "poe_type": "",
    "wireless_link": null,
    "untagged_vlan": null,
    "vrf": null,
    "vdcs": [],
    "wireless_lans": [],
    "tagged_vlans": []
  }
},
{
  "model": "dcim.interface",
  "pk": 56,
  "fields": {
    "created": "2022-12-22T12:08:11.048Z",
    "last_updated": "2022-12-22T12:08:11.048Z",
    "custom_field_data": {},
    "device": 2,
    "name": "me0",
    "label": "",
    "description": "",
    "module": null,
    "cable": null,
    "cable_end": "",
    "mark_connected": false,
    "_path": null,
    "enabled": true,
    "mac_address": null,
    "mtu": null,
    "mode": "",
    "parent": null,
    "bridge": null,
    "_name": "9999999999999999me000000............",
    "lag": null,
    "type": "1000base-t",
    "mgmt_only": true,
    "speed": null,
    "duplex": null,
    "wwn": null,
    "rf_role": "",
    "rf_channel": "",
    "rf_channel_frequency": null,
    "rf_channel_width": null,
    "tx_power": null,
    "poe_mode": "",
    "poe_type": "",
    "wireless_link": null,
    "untagged_vlan": null,
    "vrf": null,
    "vdcs": [],
    "wireless_lans": [],
    "tagged_vlans": []
  }
},
{
  "model": "dcim.interface",
  "pk": 57,
  "fields": {
    "created": "2022-12-22T12:08:11.513Z",
    "last_updated": "2022-12-22T12:08:11.513Z",
    "custom_field_data": {},
    "device": 4,
    "name": "Ethernet",
    "label": "",
    "description": "",
    "module": null,
    "cable": 3,
    "cable_end": "A",
    "mark_connected": false,
    "_path": 112,
    "enabled": true,
    "mac_address": null,
    "mtu": null,
    "mode": "",
    "parent": null,
    "bridge": null,
    "_name": "9999999999999999Ethernet..................",
    "lag": null,
    "type": "100base-tx",
    "mgmt_only": false,
    "speed": null,
    "duplex": null,
    "wwn": null,
    "rf_role": "",
    "rf_channel": "",
    "rf_channel_frequency": null,
    "rf_channel_width": null,
    "tx_power": null,
    "poe_mode": "",
    "poe_type": "",
    "wireless_link": null,
    "untagged_vlan": null,
    "vrf": null,
    "vdcs": [],
    "wireless_lans": [],
    "tagged_vlans": []
  }
},
{
  "model": "dcim.interface",
  "pk": 58,
  "fields": {
    "created": "2022-12-22T12:08:11.569Z",
    "last_updated": "2022-12-22T12:08:11.569Z",
    "custom_field_data": {},
    "device": 5,
    "name": "main",
    "label": "",
    "description": "",
    "module": null,
    "cable": 71,
    "cable_end": "B",
    "mark_connected": false,
    "_path": 175,
    "enabled": true,
    "mac_address": null,
    "mtu": null,
    "mode": "",
    "parent": null,
    "bridge": null,
    "_name": "9999999999999999main..................",
    "lag": null,
    "type": "2.5gbase-t",
    "mgmt_only": false,
    "speed": null,
    "duplex": null,
    "wwn": null,
    "rf_role": "",
    "rf_channel": "",
    "rf_channel_frequency": null,
    "rf_channel_width": null,
    "tx_power": null,
    "poe_mode": "",
    "poe_type": "",
    "wireless_link": null,
    "untagged_vlan": null,
    "vrf": null,
    "vdcs": [],
    "wireless_lans": [],
    "tagged_vlans": []
  }
},
{
  "model": "dcim.interface",
  "pk": 59,
  "fields": {
    "created": "2022-12-22T12:08:11.569Z",
    "last_updated": "2022-12-22T12:08:11.569Z",
    "custom_field_data": {},
    "device": 5,
    "name": "wlan0",
    "label": "",
    "description": "",
    "module": null,
    "cable": null,
    "cable_end": "",
    "mark_connected": false,
    "_path": null,
    "enabled": true,
    "mac_address": null,
    "mtu": null,
    "mode": "",
    "parent": null,
    "bridge": null,
    "_name": "9999999999999999wlan000000............",
    "lag": null,
    "type": "ieee802.11n",
    "mgmt_only": false,
    "speed": null,
    "duplex": null,
    "wwn": null,
    "rf_role": "",
    "rf_channel": "",
    "rf_channel_frequency": null,
    "rf_channel_width": null,
    "tx_power": null,
    "poe_mode": "",
    "poe_type": "",
    "wireless_link": null,
    "untagged_vlan": null,
    "vrf": null,
    "vdcs": [],
    "wireless_lans": [],
    "tagged_vlans": []
  }
},
{
  "model": "dcim.interface",
  "pk": 60,
  "fields": {
    "created": "2022-12-22T12:08:11.569Z",
    "last_updated": "2022-12-22T12:08:11.569Z",
    "custom_field_data": {},
    "device": 5,
    "name": "wlan1",
    "label": "",
    "description": "",
    "module": null,
    "cable": null,
    "cable_end": "",
    "mark_connected": false,
    "_path": null,
    "enabled": true,
    "mac_address": null,
    "mtu": null,
    "mode": "",
    "parent": null,
    "bridge": null,
    "_name": "9999999999999999wlan000001............",
    "lag": null,
    "type": "ieee802.11ac",
    "mgmt_only": false,
    "speed": null,
    "duplex": null,
    "wwn": null,
    "rf_role": "",
    "rf_channel": "",
    "rf_channel_frequency": null,
    "rf_channel_width": null,
    "tx_power": null,
    "poe_mode": "",
    "poe_type": "",
    "wireless_link": null,
    "untagged_vlan": null,
    "vrf": null,
    "vdcs": [],
    "wireless_lans": [],
    "tagged_vlans": []
  }
},
{
  "model": "dcim.interface",
  "pk": 61,
  "fields": {
    "created": "2022-12-22T12:08:11.629Z",
    "last_updated": "2022-12-22T12:08:11.629Z",
    "custom_field_data": {},
    "device": 6,
    "name": "main",
    "label": "",
    "description": "",
    "module": null,
    "cable": 72,
    "cable_end": "B",
    "mark_connected": false,
    "_path": 177,
    "enabled": true,
    "mac_address": null,
    "mtu": null,
    "mode": "",
    "parent": null,
    "bridge": null,
    "_name": "9999999999999999main..................",
    "lag": null,
    "type": "2.5gbase-t",
    "mgmt_only": false,
    "speed": null,
    "duplex": null,
    "wwn": null,
    "rf_role": "",
    "rf_channel": "",
    "rf_channel_frequency": null,
    "rf_channel_width": null,
    "tx_power": null,
    "poe_mode": "",
    "poe_type": "",
    "wireless_link": null,
    "untagged_vlan": null,
    "vrf": null,
    "vdcs": [],
    "wireless_lans": [],
    "tagged_vlans": []
  }
},
{
  "model": "dcim.interface",
  "pk": 62,
  "fields": {
    "created": "2022-12-22T12:08:11.629Z",
    "last_updated": "2022-12-22T12:08:11.629Z",
    "custom_field_data": {},
    "device": 6,
    "name": "wlan0",
    "label": "",
    "description": "",
    "module": null,
    "cable": null,
    "cable_end": "",
    "mark_connected": false,
    "_path": null,
    "enabled": true,
    "mac_address": null,
    "mtu": null,
    "mode": "",
    "parent": null,
    "bridge": null,
    "_name": "9999999999999999wlan000000............",
    "lag": null,
    "type": "ieee802.11n",
    "mgmt_only": false,
    "speed": null,
    "duplex": null,
    "wwn": null,
    "rf_role": "",
    "rf_channel": "",
    "rf_channel_frequency": null,
    "rf_channel_width": null,
    "tx_power": null,
    "poe_mode": "",
    "poe_type": "",
    "wireless_link": null,
    "untagged_vlan": null,
    "vrf": null,
    "vdcs": [],
    "wireless_lans": [],
    "tagged_vlans": []
  }
},
{
  "model": "dcim.interface",
  "pk": 63,
  "fields": {
    "created": "2022-12-22T12:08:11.629Z",
    "last_updated": "2022-12-22T12:08:11.629Z",
    "custom_field_data": {},
    "device": 6,
    "name": "wlan1",
    "label": "",
    "description": "",
    "module": null,
    "cable": null,
    "cable_end": "",
    "mark_connected": false,
    "_path": null,
    "enabled": true,
    "mac_address": null,
    "mtu": null,
    "mode": "",
    "parent": null,
    "bridge": null,
    "_name": "9999999999999999wlan000001............",
    "lag": null,
    "type": "ieee802.11ac",
    "mgmt_only": false,
    "speed": null,
    "duplex": null,
    "wwn": null,
    "rf_role": "",
    "rf_channel": "",
    "rf_channel_frequency": null,
    "rf_channel_width": null,
    "tx_power": null,
    "poe_mode": "",
    "poe_type": "",
    "wireless_link": null,
    "untagged_vlan": null,
    "vrf": null,
    "vdcs": [],
    "wireless_lans": [],
    "tagged_vlans": []
  }
},
{
  "model": "dcim.interface",
  "pk": 64,
  "fields": {
    "created": "2022-12-22T13:12:33.886Z",
    "last_updated": "2022-12-22T13:12:33.886Z",
    "custom_field_data": {},
    "device": 2,
    "name": "vlan.10",
    "label": "",
    "description": "",
    "module": null,
    "cable": null,
    "cable_end": "",
    "mark_connected": false,
    "_path": null,
    "enabled": true,
    "mac_address": null,
    "mtu": null,
    "mode": "",
    "parent": null,
    "bridge": null,
    "_name": "9999999999999999vlan............000010",
    "lag": null,
    "type": "virtual",
    "mgmt_only": false,
    "speed": null,
    "duplex": null,
    "wwn": null,
    "rf_role": "",
    "rf_channel": "",
    "rf_channel_frequency": null,
    "rf_channel_width": null,
    "tx_power": null,
    "poe_mode": "",
    "poe_type": "",
    "wireless_link": null,
    "untagged_vlan": null,
    "vrf": null,
    "vdcs": [],
    "wireless_lans": [],
    "tagged_vlans": []
  }
},
{
  "model": "dcim.interface",
  "pk": 65,
  "fields": {
    "created": "2022-12-22T13:12:35.102Z",
    "last_updated": "2022-12-22T13:12:35.102Z",
    "custom_field_data": {},
    "device": 2,
    "name": "vlan.20",
    "label": "",
    "description": "",
    "module": null,
    "cable": null,
    "cable_end": "",
    "mark_connected": false,
    "_path": null,
    "enabled": true,
    "mac_address": null,
    "mtu": null,
    "mode": "",
    "parent": null,
    "bridge": null,
    "_name": "9999999999999999vlan............000020",
    "lag": null,
    "type": "virtual",
    "mgmt_only": false,
    "speed": null,
    "duplex": null,
    "wwn": null,
    "rf_role": "",
    "rf_channel": "",
    "rf_channel_frequency": null,
    "rf_channel_width": null,
    "tx_power": null,
    "poe_mode": "",
    "poe_type": "",
    "wireless_link": null,
    "untagged_vlan": null,
    "vrf": null,
    "vdcs": [],
    "wireless_lans": [],
    "tagged_vlans": []
  }
},
{
  "model": "dcim.interface",
  "pk": 66,
  "fields": {
    "created": "2022-12-22T13:12:36.399Z",
    "last_updated": "2022-12-22T13:12:36.399Z",
    "custom_field_data": {},
    "device": 2,
    "name": "vlan.30",
    "label": "",
    "description": "",
    "module": null,
    "cable": null,
    "cable_end": "",
    "mark_connected": false,
    "_path": null,
    "enabled": true,
    "mac_address": null,
    "mtu": null,
    "mode": "",
    "parent": null,
    "bridge": null,
    "_name": "9999999999999999vlan............000030",
    "lag": null,
    "type": "virtual",
    "mgmt_only": false,
    "speed": null,
    "duplex": null,
    "wwn": null,
    "rf_role": "",
    "rf_channel": "",
    "rf_channel_frequency": null,
    "rf_channel_width": null,
    "tx_power": null,
    "poe_mode": "",
    "poe_type": "",
    "wireless_link": null,
    "untagged_vlan": null,
    "vrf": null,
    "vdcs": [],
    "wireless_lans": [],
    "tagged_vlans": []
  }
},
{
  "model": "dcim.interface",
  "pk": 67,
  "fields": {
    "created": "2022-12-22T13:12:37.710Z",
    "last_updated": "2022-12-22T13:12:37.710Z",
    "custom_field_data": {},
    "device": 2,
    "name": "vlan.40",
    "label": "",
    "description": "",
    "module": null,
    "cable": null,
    "cable_end": "",
    "mark_connected": false,
    "_path": null,
    "enabled": true,
    "mac_address": null,
    "mtu": null,
    "mode": "",
    "parent": null,
    "bridge": null,
    "_name": "9999999999999999vlan............000040",
    "lag": null,
    "type": "virtual",
    "mgmt_only": false,
    "speed": null,
    "duplex": null,
    "wwn": null,
    "rf_role": "",
    "rf_channel": "",
    "rf_channel_frequency": null,
    "rf_channel_width": null,
    "tx_power": null,
    "poe_mode": "",
    "poe_type": "",
    "wireless_link": null,
    "untagged_vlan": null,
    "vrf": null,
    "vdcs": [],
    "wireless_lans": [],
    "tagged_vlans": []
  }
},
{
  "model": "dcim.interface",
  "pk": 68,
  "fields": {
    "created": "2022-12-22T13:12:38.991Z",
    "last_updated": "2022-12-22T13:12:38.991Z",
    "custom_field_data": {},
    "device": 2,
    "name": "vlan.50",
    "label": "",
    "description": "",
    "module": null,
    "cable": null,
    "cable_end": "",
    "mark_connected": false,
    "_path": null,
    "enabled": true,
    "mac_address": null,
    "mtu": null,
    "mode": "",
    "parent": null,
    "bridge": null,
    "_name": "9999999999999999vlan............000050",
    "lag": null,
    "type": "virtual",
    "mgmt_only": false,
    "speed": null,
    "duplex": null,
    "wwn": null,
    "rf_role": "",
    "rf_channel": "",
    "rf_channel_frequency": null,
    "rf_channel_width": null,
    "tx_power": null,
    "poe_mode": "",
    "poe_type": "",
    "wireless_link": null,
    "untagged_vlan": null,
    "vrf": null,
    "vdcs": [],
    "wireless_lans": [],
    "tagged_vlans": []
  }
},
{
  "model": "dcim.interface",
  "pk": 69,
  "fields": {
    "created": "2022-12-22T13:48:05.835Z",
    "last_updated": "2022-12-22T13:48:05.835Z",
    "custom_field_data": {},
    "device": 7,
    "name": "Gig-E 1",
    "label": "",
    "description": "",
    "module": null,
    "cable": 25,
    "cable_end": "A",
    "mark_connected": false,
    "_path": 138,
    "enabled": true,
    "mac_address": null,
    "mtu": null,
    "mode": "",
    "parent": null,
    "bridge": null,
    "_name": "9999999999999999Gig-E 000001............",
    "lag": null,
    "type": "1000base-t",
    "mgmt_only": false,
    "speed": null,
    "duplex": null,
    "wwn": null,
    "rf_role": "",
    "rf_channel": "",
    "rf_channel_frequency": null,
    "rf_channel_width": null,
    "tx_power": null,
    "poe_mode": "",
    "poe_type": "",
    "wireless_link": null,
    "untagged_vlan": null,
    "vrf": null,
    "vdcs": [],
    "wireless_lans": [],
    "tagged_vlans": []
  }
},
{
  "model": "dcim.interface",
  "pk": 70,
  "fields": {
    "created": "2022-12-22T13:48:05.836Z",
    "last_updated": "2022-12-22T13:48:05.836Z",
    "custom_field_data": {},
    "device": 7,
    "name": "Gig-E 2",
    "label": "",
    "description": "",
    "module": null,
    "cable": 26,
    "cable_end": "A",
    "mark_connected": false,
    "_path": 140,
    "enabled": true,
    "mac_address": null,
    "mtu": null,
    "mode": "",
    "parent": null,
    "bridge": null,
    "_name": "9999999999999999Gig-E 000002............",
    "lag": null,
    "type": "1000base-t",
    "mgmt_only": false,
    "speed": null,
    "duplex": null,
    "wwn": null,
    "rf_role": "",
    "rf_channel": "",
    "rf_channel_frequency": null,
    "rf_channel_width": null,
    "tx_power": null,
    "poe_mode": "",
    "poe_type": "",
    "wireless_link": null,
    "untagged_vlan": null,
    "vrf": null,
    "vdcs": [],
    "wireless_lans": [],
    "tagged_vlans": []
  }
},
{
  "model": "dcim.interface",
  "pk": 71,
  "fields": {
    "created": "2022-12-22T13:48:05.836Z",
    "last_updated": "2022-12-22T13:48:05.836Z",
    "custom_field_data": {},
    "device": 7,
    "name": "Gig-E 3",
    "label": "",
    "description": "",
    "module": null,
    "cable": null,
    "cable_end": "",
    "mark_connected": false,
    "_path": null,
    "enabled": true,
    "mac_address": null,
    "mtu": null,
    "mode": "",
    "parent": null,
    "bridge": null,
    "_name": "9999999999999999Gig-E 000003............",
    "lag": null,
    "type": "1000base-t",
    "mgmt_only": false,
    "speed": null,
    "duplex": null,
    "wwn": null,
    "rf_role": "",
    "rf_channel": "",
    "rf_channel_frequency": null,
    "rf_channel_width": null,
    "tx_power": null,
    "poe_mode": "",
    "poe_type": "",
    "wireless_link": null,
    "untagged_vlan": null,
    "vrf": null,
    "vdcs": [],
    "wireless_lans": [],
    "tagged_vlans": []
  }
},
{
  "model": "dcim.interface",
  "pk": 72,
  "fields": {
    "created": "2022-12-22T13:48:05.836Z",
    "last_updated": "2022-12-22T13:48:05.836Z",
    "custom_field_data": {},
    "device": 7,
    "name": "Gig-E 4",
    "label": "",
    "description": "",
    "module": null,
    "cable": null,
    "cable_end": "",
    "mark_connected": false,
    "_path": null,
    "enabled": true,
    "mac_address": null,
    "mtu": null,
    "mode": "",
    "parent": null,
    "bridge": null,
    "_name": "9999999999999999Gig-E 000004............",
    "lag": null,
    "type": "1000base-t",
    "mgmt_only": false,
    "speed": null,
    "duplex": null,
    "wwn": null,
    "rf_role": "",
    "rf_channel": "",
    "rf_channel_frequency": null,
    "rf_channel_width": null,
    "tx_power": null,
    "poe_mode": "",
    "poe_type": "",
    "wireless_link": null,
    "untagged_vlan": null,
    "vrf": null,
    "vdcs": [],
    "wireless_lans": [],
    "tagged_vlans": []
  }
},
{
  "model": "dcim.interface",
  "pk": 73,
  "fields": {
    "created": "2022-12-22T13:48:05.836Z",
    "last_updated": "2022-12-22T13:48:05.836Z",
    "custom_field_data": {},
    "device": 7,
    "name": "iLO",
    "label": "",
    "description": "",
    "module": null,
    "cable": 24,
    "cable_end": "A",
    "mark_connected": false,
    "_path": 136,
    "enabled": true,
    "mac_address": null,
    "mtu": null,
    "mode": "",
    "parent": null,
    "bridge": null,
    "_name": "9999999999999999iLO..................",
    "lag": null,
    "type": "1000base-t",
    "mgmt_only": true,
    "speed": null,
    "duplex": null,
    "wwn": null,
    "rf_role": "",
    "rf_channel": "",
    "rf_channel_frequency": null,
    "rf_channel_width": null,
    "tx_power": null,
    "poe_mode": "",
    "poe_type": "",
    "wireless_link": null,
    "untagged_vlan": null,
    "vrf": null,
    "vdcs": [],
    "wireless_lans": [],
    "tagged_vlans": []
  }
},
{
  "model": "dcim.interface",
  "pk": 74,
  "fields": {
    "created": "2022-12-22T13:48:05.932Z",
    "last_updated": "2022-12-22T13:48:05.932Z",
    "custom_field_data": {},
    "device": 8,
    "name": "Gig-E 1",
    "label": "",
    "description": "",
    "module": null,
    "cable": 28,
    "cable_end": "A",
    "mark_connected": false,
    "_path": 144,
    "enabled": true,
    "mac_address": null,
    "mtu": null,
    "mode": "",
    "parent": null,
    "bridge": null,
    "_name": "9999999999999999Gig-E 000001............",
    "lag": null,
    "type": "1000base-t",
    "mgmt_only": false,
    "speed": null,
    "duplex": null,
    "wwn": null,
    "rf_role": "",
    "rf_channel": "",
    "rf_channel_frequency": null,
    "rf_channel_width": null,
    "tx_power": null,
    "poe_mode": "",
    "poe_type": "",
    "wireless_link": null,
    "untagged_vlan": null,
    "vrf": null,
    "vdcs": [],
    "wireless_lans": [],
    "tagged_vlans": []
  }
},
{
  "model": "dcim.interface",
  "pk": 75,
  "fields": {
    "created": "2022-12-22T13:48:05.932Z",
    "last_updated": "2022-12-22T13:48:05.932Z",
    "custom_field_data": {},
    "device": 8,
    "name": "Gig-E 2",
    "label": "",
    "description": "",
    "module": null,
    "cable": 29,
    "cable_end": "A",
    "mark_connected": false,
    "_path": 146,
    "enabled": true,
    "mac_address": null,
    "mtu": null,
    "mode": "",
    "parent": null,
    "bridge": null,
    "_name": "9999999999999999Gig-E 000002............",
    "lag": null,
    "type": "1000base-t",
    "mgmt_only": false,
    "speed": null,
    "duplex": null,
    "wwn": null,
    "rf_role": "",
    "rf_channel": "",
    "rf_channel_frequency": null,
    "rf_channel_width": null,
    "tx_power": null,
    "poe_mode": "",
    "poe_type": "",
    "wireless_link": null,
    "untagged_vlan": null,
    "vrf": null,
    "vdcs": [],
    "wireless_lans": [],
    "tagged_vlans": []
  }
},
{
  "model": "dcim.interface",
  "pk": 76,
  "fields": {
    "created": "2022-12-22T13:48:05.932Z",
    "last_updated": "2022-12-22T13:48:05.932Z",
    "custom_field_data": {},
    "device": 8,
    "name": "Gig-E 3",
    "label": "",
    "description": "",
    "module": null,
    "cable": null,
    "cable_end": "",
    "mark_connected": false,
    "_path": null,
    "enabled": true,
    "mac_address": null,
    "mtu": null,
    "mode": "",
    "parent": null,
    "bridge": null,
    "_name": "9999999999999999Gig-E 000003............",
    "lag": null,
    "type": "1000base-t",
    "mgmt_only": false,
    "speed": null,
    "duplex": null,
    "wwn": null,
    "rf_role": "",
    "rf_channel": "",
    "rf_channel_frequency": null,
    "rf_channel_width": null,
    "tx_power": null,
    "poe_mode": "",
    "poe_type": "",
    "wireless_link": null,
    "untagged_vlan": null,
    "vrf": null,
    "vdcs": [],
    "wireless_lans": [],
    "tagged_vlans": []
  }
},
{
  "model": "dcim.interface",
  "pk": 77,
  "fields": {
    "created": "2022-12-22T13:48:05.932Z",
    "last_updated": "2022-12-22T13:48:05.932Z",
    "custom_field_data": {},
    "device": 8,
    "name": "Gig-E 4",
    "label": "",
    "description": "",
    "module": null,
    "cable": null,
    "cable_end": "",
    "mark_connected": false,
    "_path": null,
    "enabled": true,
    "mac_address": null,
    "mtu": null,
    "mode": "",
    "parent": null,
    "bridge": null,
    "_name": "9999999999999999Gig-E 000004............",
    "lag": null,
    "type": "1000base-t",
    "mgmt_only": false,
    "speed": null,
    "duplex": null,
    "wwn": null,
    "rf_role": "",
    "rf_channel": "",
    "rf_channel_frequency": null,
    "rf_channel_width": null,
    "tx_power": null,
    "poe_mode": "",
    "poe_type": "",
    "wireless_link": null,
    "untagged_vlan": null,
    "vrf": null,
    "vdcs": [],
    "wireless_lans": [],
    "tagged_vlans": []
  }
},
{
  "model": "dcim.interface",
  "pk": 78,
  "fields": {
    "created": "2022-12-22T13:48:05.932Z",
    "last_updated": "2022-12-22T13:48:05.932Z",
    "custom_field_data": {},
    "device": 8,
    "name": "iLO",
    "label": "",
    "description": "",
    "module": null,
    "cable": 27,
    "cable_end": "A",
    "mark_connected": false,
    "_path": 142,
    "enabled": true,
    "mac_address": null,
    "mtu": null,
    "mode": "",
    "parent": null,
    "bridge": null,
    "_name": "9999999999999999iLO..................",
    "lag": null,
    "type": "1000base-t",
    "mgmt_only": true,
    "speed": null,
    "duplex": null,
    "wwn": null,
    "rf_role": "",
    "rf_channel": "",
    "rf_channel_frequency": null,
    "rf_channel_width": null,
    "tx_power": null,
    "poe_mode": "",
    "poe_type": "",
    "wireless_link": null,
    "untagged_vlan": null,
    "vrf": null,
    "vdcs": [],
    "wireless_lans": [],
    "tagged_vlans": []
  }
},
{
  "model": "dcim.interface",
  "pk": 79,
  "fields": {
    "created": "2022-12-22T13:51:33.244Z",
    "last_updated": "2022-12-22T13:51:33.244Z",
    "custom_field_data": {},
    "device": 2,
    "name": "ae0",
    "label": "",
    "description": "",
    "module": null,
    "cable": null,
    "cable_end": "",
    "mark_connected": false,
    "_path": null,
    "enabled": true,
    "mac_address": null,
    "mtu": null,
    "mode": "tagged-all",
    "parent": null,
    "bridge": null,
    "_name": "9999999999999999ae000000............",
    "lag": null,
    "type": "lag",
    "mgmt_only": false,
    "speed": null,
    "duplex": null,
    "wwn": null,
    "rf_role": "",
    "rf_channel": "",
    "rf_channel_frequency": null,
    "rf_channel_width": null,
    "tx_power": null,
    "poe_mode": "",
    "poe_type": "",
    "wireless_link": null,
    "untagged_vlan": null,
    "vrf": null,
    "vdcs": [],
    "wireless_lans": [],
    "tagged_vlans": []
  }
},
{
  "model": "dcim.interface",
  "pk": 80,
  "fields": {
    "created": "2022-12-22T13:51:51.281Z",
    "last_updated": "2022-12-22T13:51:51.281Z",
    "custom_field_data": {},
    "device": 2,
    "name": "ae1",
    "label": "",
    "description": "",
    "module": null,
    "cable": null,
    "cable_end": "",
    "mark_connected": false,
    "_path": null,
    "enabled": true,
    "mac_address": null,
    "mtu": null,
    "mode": "tagged-all",
    "parent": null,
    "bridge": null,
    "_name": "9999999999999999ae000001............",
    "lag": null,
    "type": "lag",
    "mgmt_only": false,
    "speed": null,
    "duplex": null,
    "wwn": null,
    "rf_role": "",
    "rf_channel": "",
    "rf_channel_frequency": null,
    "rf_channel_width": null,
    "tx_power": null,
    "poe_mode": "",
    "poe_type": "",
    "wireless_link": null,
    "untagged_vlan": null,
    "vrf": null,
    "vdcs": [],
    "wireless_lans": [],
    "tagged_vlans": []
  }
},
{
  "model": "dcim.interface",
  "pk": 81,
  "fields": {
    "created": "2022-12-22T15:09:06.433Z",
    "last_updated": "2022-12-22T15:09:06.433Z",
    "custom_field_data": {},
    "device": 9,
    "name": "Ethernet",
    "label": "",
    "description": "",
    "module": null,
    "cable": null,
    "cable_end": "",
    "mark_connected": false,
    "_path": null,
    "enabled": true,
    "mac_address": null,
    "mtu": null,
    "mode": "",
    "parent": null,
    "bridge": null,
    "_name": "9999999999999999Ethernet..................",
    "lag": null,
    "type": "100base-tx",
    "mgmt_only": true,
    "speed": null,
    "duplex": null,
    "wwn": null,
    "rf_role": "",
    "rf_channel": "",
    "rf_channel_frequency": null,
    "rf_channel_width": null,
    "tx_power": null,
    "poe_mode": "",
    "poe_type": "",
    "wireless_link": null,
    "untagged_vlan": null,
    "vrf": null,
    "vdcs": [],
    "wireless_lans": [],
    "tagged_vlans": []
  }
},
{
  "model": "dcim.interface",
  "pk": 82,
  "fields": {
    "created": "2022-12-22T15:09:06.607Z",
    "last_updated": "2022-12-22T15:09:06.607Z",
    "custom_field_data": {},
    "device": 10,
    "name": "Ethernet",
    "label": "",
    "description": "",
    "module": null,
    "cable": null,
    "cable_end": "",
    "mark_connected": false,
    "_path": null,
    "enabled": true,
    "mac_address": null,
    "mtu": null,
    "mode": "",
    "parent": null,
    "bridge": null,
    "_name": "9999999999999999Ethernet..................",
    "lag": null,
    "type": "100base-tx",
    "mgmt_only": true,
    "speed": null,
    "duplex": null,
    "wwn": null,
    "rf_role": "",
    "rf_channel": "",
    "rf_channel_frequency": null,
    "rf_channel_width": null,
    "tx_power": null,
    "poe_mode": "",
    "poe_type": "",
    "wireless_link": null,
    "untagged_vlan": null,
    "vrf": null,
    "vdcs": [],
    "wireless_lans": [],
    "tagged_vlans": []
  }
},
{
  "model": "dcim.interface",
  "pk": 677,
  "fields": {
    "created": "2023-08-01T14:29:15.838Z",
    "last_updated": "2023-08-07T16:10:23.784Z",
    "custom_field_data": {},
    "device": 2,
    "name": "et-0/1/0",
    "label": "",
    "description": "",
    "module": null,
    "cable": null,
    "cable_end": "",
    "mark_connected": false,
    "_path": null,
    "enabled": true,
    "mac_address": null,
    "mtu": null,
    "mode": "tagged-all",
    "parent": null,
    "bridge": null,
    "_name": "0000000199999999et-000000............",
    "lag": null,
    "type": "40gbase-x-qsfpp",
    "mgmt_only": false,
    "speed": null,
    "duplex": null,
    "wwn": null,
    "rf_role": "",
    "rf_channel": "",
    "rf_channel_frequency": null,
    "rf_channel_width": null,
    "tx_power": null,
    "poe_mode": "",
    "poe_type": "",
    "wireless_link": null,
    "untagged_vlan": null,
    "vrf": null,
    "vdcs": [],
    "wireless_lans": [],
    "tagged_vlans": []
  }
},
{
  "model": "dcim.interface",
  "pk": 678,
  "fields": {
    "created": "2023-08-01T14:30:00.665Z",
    "last_updated": "2023-08-07T16:10:23.878Z",
    "custom_field_data": {},
    "device": 2,
    "name": "et-0/1/1",
    "label": "",
    "description": "",
    "module": null,
    "cable": null,
    "cable_end": "",
    "mark_connected": false,
    "_path": null,
    "enabled": true,
    "mac_address": null,
    "mtu": null,
    "mode": "tagged-all",
    "parent": null,
    "bridge": null,
    "_name": "0000000199999999et-000001............",
    "lag": null,
    "type": "40gbase-x-qsfpp",
    "mgmt_only": false,
    "speed": null,
    "duplex": null,
    "wwn": null,
    "rf_role": "",
    "rf_channel": "",
    "rf_channel_frequency": null,
    "rf_channel_width": null,
    "tx_power": null,
    "poe_mode": "",
    "poe_type": "",
    "wireless_link": null,
    "untagged_vlan": null,
    "vrf": null,
    "vdcs": [],
    "wireless_lans": [],
    "tagged_vlans": []
  }
},
{
  "model": "dcim.interface",
  "pk": 802,
  "fields": {
    "created": "2023-08-09T10:00:52.589Z",
    "last_updated": "2023-08-09T10:24:19.075Z",
    "custom_field_data": {},
    "device": 141,
    "name": "GigabitEthernet0/0",
    "label": "",
    "description": "",
    "module": null,
    "cable": null,
    "cable_end": "",
    "mark_connected": false,
    "_path": null,
    "enabled": false,
    "mac_address": null,
    "mtu": null,
    "mode": "",
    "parent": null,
    "bridge": null,
    "_name": "0000999999999999GigabitEthernet000000............",
    "lag": null,
    "type": "1000base-t",
    "mgmt_only": false,
    "speed": null,
    "duplex": null,
    "wwn": null,
    "rf_role": "",
    "rf_channel": "",
    "rf_channel_frequency": null,
    "rf_channel_width": null,
    "tx_power": null,
    "poe_mode": "",
    "poe_type": "",
    "wireless_link": null,
    "untagged_vlan": null,
    "vrf": null,
    "vdcs": [],
    "wireless_lans": [],
    "tagged_vlans": []
  }
},
{
  "model": "dcim.interface",
  "pk": 803,
  "fields": {
    "created": "2023-08-09T10:00:52.590Z",
    "last_updated": "2023-08-09T10:12:10.954Z",
    "custom_field_data": {},
    "device": 141,
    "name": "GigabitEthernet1/0/1",
    "label": "",
    "description": "",
    "module": null,
    "cable": null,
    "cable_end": "",
    "mark_connected": false,
    "_path": null,
    "enabled": true,
    "mac_address": null,
    "mtu": null,
    "mode": "access",
    "parent": null,
    "bridge": null,
    "_name": "0001000099999999GigabitEthernet000001............",
    "lag": null,
    "type": "1000base-t",
    "mgmt_only": false,
    "speed": null,
    "duplex": null,
    "wwn": null,
    "rf_role": "",
    "rf_channel": "",
    "rf_channel_frequency": null,
    "rf_channel_width": null,
    "tx_power": null,
    "poe_mode": "pse",
    "poe_type": "type2-ieee802.3at",
    "wireless_link": null,
    "untagged_vlan": 106,
    "vrf": null,
    "vdcs": [],
    "wireless_lans": [],
    "tagged_vlans": []
  }
},
{
  "model": "dcim.interface",
  "pk": 804,
  "fields": {
    "created": "2023-08-09T10:00:52.590Z",
    "last_updated": "2023-08-09T10:12:11.049Z",
    "custom_field_data": {},
    "device": 141,
    "name": "GigabitEthernet1/0/2",
    "label": "",
    "description": "",
    "module": null,
    "cable": null,
    "cable_end": "",
    "mark_connected": false,
    "_path": null,
    "enabled": true,
    "mac_address": null,
    "mtu": null,
    "mode": "access",
    "parent": null,
    "bridge": null,
    "_name": "0001000099999999GigabitEthernet000002............",
    "lag": null,
    "type": "1000base-t",
    "mgmt_only": false,
    "speed": null,
    "duplex": null,
    "wwn": null,
    "rf_role": "",
    "rf_channel": "",
    "rf_channel_frequency": null,
    "rf_channel_width": null,
    "tx_power": null,
    "poe_mode": "pse",
    "poe_type": "type2-ieee802.3at",
    "wireless_link": null,
    "untagged_vlan": 106,
    "vrf": null,
    "vdcs": [],
    "wireless_lans": [],
    "tagged_vlans": []
  }
},
{
  "model": "dcim.interface",
  "pk": 805,
  "fields": {
    "created": "2023-08-09T10:00:52.590Z",
    "last_updated": "2023-08-09T10:12:11.113Z",
    "custom_field_data": {},
    "device": 141,
    "name": "GigabitEthernet1/0/3",
    "label": "",
    "description": "",
    "module": null,
    "cable": null,
    "cable_end": "",
    "mark_connected": false,
    "_path": null,
    "enabled": true,
    "mac_address": null,
    "mtu": null,
    "mode": "access",
    "parent": null,
    "bridge": null,
    "_name": "0001000099999999GigabitEthernet000003............",
    "lag": null,
    "type": "1000base-t",
    "mgmt_only": false,
    "speed": null,
    "duplex": null,
    "wwn": null,
    "rf_role": "",
    "rf_channel": "",
    "rf_channel_frequency": null,
    "rf_channel_width": null,
    "tx_power": null,
    "poe_mode": "pse",
    "poe_type": "type2-ieee802.3at",
    "wireless_link": null,
    "untagged_vlan": 106,
    "vrf": null,
    "vdcs": [],
    "wireless_lans": [],
    "tagged_vlans": []
  }
},
{
  "model": "dcim.interface",
  "pk": 806,
  "fields": {
    "created": "2023-08-09T10:00:52.590Z",
    "last_updated": "2023-08-09T10:12:50.040Z",
    "custom_field_data": {},
    "device": 141,
    "name": "GigabitEthernet1/0/4",
    "label": "",
    "description": "",
    "module": null,
    "cable": null,
    "cable_end": "",
    "mark_connected": false,
    "_path": null,
    "enabled": true,
    "mac_address": null,
    "mtu": null,
    "mode": "access",
    "parent": null,
    "bridge": null,
    "_name": "0001000099999999GigabitEthernet000004............",
    "lag": null,
    "type": "1000base-t",
    "mgmt_only": false,
    "speed": null,
    "duplex": null,
    "wwn": null,
    "rf_role": "",
    "rf_channel": "",
    "rf_channel_frequency": null,
    "rf_channel_width": null,
    "tx_power": null,
    "poe_mode": "pse",
    "poe_type": "type2-ieee802.3at",
    "wireless_link": null,
    "untagged_vlan": 107,
    "vrf": null,
    "vdcs": [],
    "wireless_lans": [],
    "tagged_vlans": []
  }
},
{
  "model": "dcim.interface",
  "pk": 807,
  "fields": {
    "created": "2023-08-09T10:00:52.590Z",
    "last_updated": "2023-08-09T10:12:50.116Z",
    "custom_field_data": {},
    "device": 141,
    "name": "GigabitEthernet1/0/5",
    "label": "",
    "description": "",
    "module": null,
    "cable": null,
    "cable_end": "",
    "mark_connected": false,
    "_path": null,
    "enabled": true,
    "mac_address": null,
    "mtu": null,
    "mode": "access",
    "parent": null,
    "bridge": null,
    "_name": "0001000099999999GigabitEthernet000005............",
    "lag": null,
    "type": "1000base-t",
    "mgmt_only": false,
    "speed": null,
    "duplex": null,
    "wwn": null,
    "rf_role": "",
    "rf_channel": "",
    "rf_channel_frequency": null,
    "rf_channel_width": null,
    "tx_power": null,
    "poe_mode": "pse",
    "poe_type": "type2-ieee802.3at",
    "wireless_link": null,
    "untagged_vlan": 107,
    "vrf": null,
    "vdcs": [],
    "wireless_lans": [],
    "tagged_vlans": []
  }
},
{
  "model": "dcim.interface",
  "pk": 808,
  "fields": {
    "created": "2023-08-09T10:00:52.590Z",
    "last_updated": "2023-08-09T10:12:50.179Z",
    "custom_field_data": {},
    "device": 141,
    "name": "GigabitEthernet1/0/6",
    "label": "",
    "description": "",
    "module": null,
    "cable": null,
    "cable_end": "",
    "mark_connected": false,
    "_path": null,
    "enabled": true,
    "mac_address": null,
    "mtu": null,
    "mode": "access",
    "parent": null,
    "bridge": null,
    "_name": "0001000099999999GigabitEthernet000006............",
    "lag": null,
    "type": "1000base-t",
    "mgmt_only": false,
    "speed": null,
    "duplex": null,
    "wwn": null,
    "rf_role": "",
    "rf_channel": "",
    "rf_channel_frequency": null,
    "rf_channel_width": null,
    "tx_power": null,
    "poe_mode": "pse",
    "poe_type": "type2-ieee802.3at",
    "wireless_link": null,
    "untagged_vlan": 107,
    "vrf": null,
    "vdcs": [],
    "wireless_lans": [],
    "tagged_vlans": []
  }
},
{
  "model": "dcim.interface",
  "pk": 809,
  "fields": {
    "created": "2023-08-09T10:00:52.590Z",
    "last_updated": "2023-08-09T10:23:09.348Z",
    "custom_field_data": {},
    "device": 141,
    "name": "GigabitEthernet1/0/7",
    "label": "",
    "description": "",
    "module": null,
    "cable": null,
    "cable_end": "",
    "mark_connected": false,
    "_path": null,
    "enabled": false,
    "mac_address": null,
    "mtu": null,
    "mode": "",
    "parent": null,
    "bridge": null,
    "_name": "0001000099999999GigabitEthernet000007............",
    "lag": null,
    "type": "1000base-t",
    "mgmt_only": false,
    "speed": null,
    "duplex": null,
    "wwn": null,
    "rf_role": "",
    "rf_channel": "",
    "rf_channel_frequency": null,
    "rf_channel_width": null,
    "tx_power": null,
    "poe_mode": "pse",
    "poe_type": "type2-ieee802.3at",
    "wireless_link": null,
    "untagged_vlan": null,
    "vrf": null,
    "vdcs": [],
    "wireless_lans": [],
    "tagged_vlans": []
  }
},
{
  "model": "dcim.interface",
  "pk": 810,
  "fields": {
    "created": "2023-08-09T10:00:52.590Z",
    "last_updated": "2023-08-09T10:23:09.405Z",
    "custom_field_data": {},
    "device": 141,
    "name": "GigabitEthernet1/0/8",
    "label": "",
    "description": "",
    "module": null,
    "cable": null,
    "cable_end": "",
    "mark_connected": false,
    "_path": null,
    "enabled": false,
    "mac_address": null,
    "mtu": null,
    "mode": "",
    "parent": null,
    "bridge": null,
    "_name": "0001000099999999GigabitEthernet000008............",
    "lag": null,
    "type": "1000base-t",
    "mgmt_only": false,
    "speed": null,
    "duplex": null,
    "wwn": null,
    "rf_role": "",
    "rf_channel": "",
    "rf_channel_frequency": null,
    "rf_channel_width": null,
    "tx_power": null,
    "poe_mode": "pse",
    "poe_type": "type2-ieee802.3at",
    "wireless_link": null,
    "untagged_vlan": null,
    "vrf": null,
    "vdcs": [],
    "wireless_lans": [],
    "tagged_vlans": []
  }
},
{
  "model": "dcim.interface",
  "pk": 811,
  "fields": {
    "created": "2023-08-09T10:00:52.590Z",
    "last_updated": "2023-08-09T10:23:09.458Z",
    "custom_field_data": {},
    "device": 141,
    "name": "GigabitEthernet1/0/9",
    "label": "",
    "description": "",
    "module": null,
    "cable": null,
    "cable_end": "",
    "mark_connected": false,
    "_path": null,
    "enabled": false,
    "mac_address": null,
    "mtu": null,
    "mode": "",
    "parent": null,
    "bridge": null,
    "_name": "0001000099999999GigabitEthernet000009............",
    "lag": null,
    "type": "1000base-t",
    "mgmt_only": false,
    "speed": null,
    "duplex": null,
    "wwn": null,
    "rf_role": "",
    "rf_channel": "",
    "rf_channel_frequency": null,
    "rf_channel_width": null,
    "tx_power": null,
    "poe_mode": "pse",
    "poe_type": "type2-ieee802.3at",
    "wireless_link": null,
    "untagged_vlan": null,
    "vrf": null,
    "vdcs": [],
    "wireless_lans": [],
    "tagged_vlans": []
  }
},
{
  "model": "dcim.interface",
  "pk": 812,
  "fields": {
    "created": "2023-08-09T10:00:52.590Z",
    "last_updated": "2023-08-09T10:23:09.527Z",
    "custom_field_data": {},
    "device": 141,
    "name": "GigabitEthernet1/0/10",
    "label": "",
    "description": "",
    "module": null,
    "cable": null,
    "cable_end": "",
    "mark_connected": false,
    "_path": null,
    "enabled": false,
    "mac_address": null,
    "mtu": null,
    "mode": "",
    "parent": null,
    "bridge": null,
    "_name": "0001000099999999GigabitEthernet000010............",
    "lag": null,
    "type": "1000base-t",
    "mgmt_only": false,
    "speed": null,
    "duplex": null,
    "wwn": null,
    "rf_role": "",
    "rf_channel": "",
    "rf_channel_frequency": null,
    "rf_channel_width": null,
    "tx_power": null,
    "poe_mode": "pse",
    "poe_type": "type2-ieee802.3at",
    "wireless_link": null,
    "untagged_vlan": null,
    "vrf": null,
    "vdcs": [],
    "wireless_lans": [],
    "tagged_vlans": []
  }
},
{
  "model": "dcim.interface",
  "pk": 813,
  "fields": {
    "created": "2023-08-09T10:00:52.591Z",
    "last_updated": "2023-08-09T10:23:09.624Z",
    "custom_field_data": {},
    "device": 141,
    "name": "GigabitEthernet1/0/11",
    "label": "",
    "description": "",
    "module": null,
    "cable": null,
    "cable_end": "",
    "mark_connected": false,
    "_path": null,
    "enabled": false,
    "mac_address": null,
    "mtu": null,
    "mode": "",
    "parent": null,
    "bridge": null,
    "_name": "0001000099999999GigabitEthernet000011............",
    "lag": null,
    "type": "1000base-t",
    "mgmt_only": false,
    "speed": null,
    "duplex": null,
    "wwn": null,
    "rf_role": "",
    "rf_channel": "",
    "rf_channel_frequency": null,
    "rf_channel_width": null,
    "tx_power": null,
    "poe_mode": "pse",
    "poe_type": "type2-ieee802.3at",
    "wireless_link": null,
    "untagged_vlan": null,
    "vrf": null,
    "vdcs": [],
    "wireless_lans": [],
    "tagged_vlans": []
  }
},
{
  "model": "dcim.interface",
  "pk": 814,
  "fields": {
    "created": "2023-08-09T10:00:52.591Z",
    "last_updated": "2023-08-09T10:23:09.682Z",
    "custom_field_data": {},
    "device": 141,
    "name": "GigabitEthernet1/0/12",
    "label": "",
    "description": "",
    "module": null,
    "cable": null,
    "cable_end": "",
    "mark_connected": false,
    "_path": null,
    "enabled": false,
    "mac_address": null,
    "mtu": null,
    "mode": "",
    "parent": null,
    "bridge": null,
    "_name": "0001000099999999GigabitEthernet000012............",
    "lag": null,
    "type": "1000base-t",
    "mgmt_only": false,
    "speed": null,
    "duplex": null,
    "wwn": null,
    "rf_role": "",
    "rf_channel": "",
    "rf_channel_frequency": null,
    "rf_channel_width": null,
    "tx_power": null,
    "poe_mode": "pse",
    "poe_type": "type2-ieee802.3at",
    "wireless_link": null,
    "untagged_vlan": null,
    "vrf": null,
    "vdcs": [],
    "wireless_lans": [],
    "tagged_vlans": []
  }
},
{
  "model": "dcim.interface",
  "pk": 815,
  "fields": {
    "created": "2023-08-09T10:00:52.591Z",
    "last_updated": "2023-08-09T10:23:09.751Z",
    "custom_field_data": {},
    "device": 141,
    "name": "GigabitEthernet1/0/13",
    "label": "",
    "description": "",
    "module": null,
    "cable": null,
    "cable_end": "",
    "mark_connected": false,
    "_path": null,
    "enabled": false,
    "mac_address": null,
    "mtu": null,
    "mode": "",
    "parent": null,
    "bridge": null,
    "_name": "0001000099999999GigabitEthernet000013............",
    "lag": null,
    "type": "1000base-t",
    "mgmt_only": false,
    "speed": null,
    "duplex": null,
    "wwn": null,
    "rf_role": "",
    "rf_channel": "",
    "rf_channel_frequency": null,
    "rf_channel_width": null,
    "tx_power": null,
    "poe_mode": "pse",
    "poe_type": "type2-ieee802.3at",
    "wireless_link": null,
    "untagged_vlan": null,
    "vrf": null,
    "vdcs": [],
    "wireless_lans": [],
    "tagged_vlans": []
  }
},
{
  "model": "dcim.interface",
  "pk": 816,
  "fields": {
    "created": "2023-08-09T10:00:52.591Z",
    "last_updated": "2023-08-09T10:23:09.806Z",
    "custom_field_data": {},
    "device": 141,
    "name": "GigabitEthernet1/0/14",
    "label": "",
    "description": "",
    "module": null,
    "cable": null,
    "cable_end": "",
    "mark_connected": false,
    "_path": null,
    "enabled": false,
    "mac_address": null,
    "mtu": null,
    "mode": "",
    "parent": null,
    "bridge": null,
    "_name": "0001000099999999GigabitEthernet000014............",
    "lag": null,
    "type": "1000base-t",
    "mgmt_only": false,
    "speed": null,
    "duplex": null,
    "wwn": null,
    "rf_role": "",
    "rf_channel": "",
    "rf_channel_frequency": null,
    "rf_channel_width": null,
    "tx_power": null,
    "poe_mode": "pse",
    "poe_type": "type2-ieee802.3at",
    "wireless_link": null,
    "untagged_vlan": null,
    "vrf": null,
    "vdcs": [],
    "wireless_lans": [],
    "tagged_vlans": []
  }
},
{
  "model": "dcim.interface",
  "pk": 817,
  "fields": {
    "created": "2023-08-09T10:00:52.591Z",
    "last_updated": "2023-08-09T10:23:09.857Z",
    "custom_field_data": {},
    "device": 141,
    "name": "GigabitEthernet1/0/15",
    "label": "",
    "description": "",
    "module": null,
    "cable": null,
    "cable_end": "",
    "mark_connected": false,
    "_path": null,
    "enabled": false,
    "mac_address": null,
    "mtu": null,
    "mode": "",
    "parent": null,
    "bridge": null,
    "_name": "0001000099999999GigabitEthernet000015............",
    "lag": null,
    "type": "1000base-t",
    "mgmt_only": false,
    "speed": null,
    "duplex": null,
    "wwn": null,
    "rf_role": "",
    "rf_channel": "",
    "rf_channel_frequency": null,
    "rf_channel_width": null,
    "tx_power": null,
    "poe_mode": "pse",
    "poe_type": "type2-ieee802.3at",
    "wireless_link": null,
    "untagged_vlan": null,
    "vrf": null,
    "vdcs": [],
    "wireless_lans": [],
    "tagged_vlans": []
  }
},
{
  "model": "dcim.interface",
  "pk": 818,
  "fields": {
    "created": "2023-08-09T10:00:52.591Z",
    "last_updated": "2023-08-09T10:23:09.910Z",
    "custom_field_data": {},
    "device": 141,
    "name": "GigabitEthernet1/0/16",
    "label": "",
    "description": "",
    "module": null,
    "cable": null,
    "cable_end": "",
    "mark_connected": false,
    "_path": null,
    "enabled": false,
    "mac_address": null,
    "mtu": null,
    "mode": "",
    "parent": null,
    "bridge": null,
    "_name": "0001000099999999GigabitEthernet000016............",
    "lag": null,
    "type": "1000base-t",
    "mgmt_only": false,
    "speed": null,
    "duplex": null,
    "wwn": null,
    "rf_role": "",
    "rf_channel": "",
    "rf_channel_frequency": null,
    "rf_channel_width": null,
    "tx_power": null,
    "poe_mode": "pse",
    "poe_type": "type2-ieee802.3at",
    "wireless_link": null,
    "untagged_vlan": null,
    "vrf": null,
    "vdcs": [],
    "wireless_lans": [],
    "tagged_vlans": []
  }
},
{
  "model": "dcim.interface",
  "pk": 819,
  "fields": {
    "created": "2023-08-09T10:00:52.591Z",
    "last_updated": "2023-08-09T10:23:09.964Z",
    "custom_field_data": {},
    "device": 141,
    "name": "GigabitEthernet1/0/17",
    "label": "",
    "description": "",
    "module": null,
    "cable": null,
    "cable_end": "",
    "mark_connected": false,
    "_path": null,
    "enabled": false,
    "mac_address": null,
    "mtu": null,
    "mode": "",
    "parent": null,
    "bridge": null,
    "_name": "0001000099999999GigabitEthernet000017............",
    "lag": null,
    "type": "1000base-t",
    "mgmt_only": false,
    "speed": null,
    "duplex": null,
    "wwn": null,
    "rf_role": "",
    "rf_channel": "",
    "rf_channel_frequency": null,
    "rf_channel_width": null,
    "tx_power": null,
    "poe_mode": "pse",
    "poe_type": "type2-ieee802.3at",
    "wireless_link": null,
    "untagged_vlan": null,
    "vrf": null,
    "vdcs": [],
    "wireless_lans": [],
    "tagged_vlans": []
  }
},
{
  "model": "dcim.interface",
  "pk": 820,
  "fields": {
    "created": "2023-08-09T10:00:52.591Z",
    "last_updated": "2023-08-09T10:23:10.036Z",
    "custom_field_data": {},
    "device": 141,
    "name": "GigabitEthernet1/0/18",
    "label": "",
    "description": "",
    "module": null,
    "cable": null,
    "cable_end": "",
    "mark_connected": false,
    "_path": null,
    "enabled": false,
    "mac_address": null,
    "mtu": null,
    "mode": "",
    "parent": null,
    "bridge": null,
    "_name": "0001000099999999GigabitEthernet000018............",
    "lag": null,
    "type": "1000base-t",
    "mgmt_only": false,
    "speed": null,
    "duplex": null,
    "wwn": null,
    "rf_role": "",
    "rf_channel": "",
    "rf_channel_frequency": null,
    "rf_channel_width": null,
    "tx_power": null,
    "poe_mode": "pse",
    "poe_type": "type2-ieee802.3at",
    "wireless_link": null,
    "untagged_vlan": null,
    "vrf": null,
    "vdcs": [],
    "wireless_lans": [],
    "tagged_vlans": []
  }
},
{
  "model": "dcim.interface",
  "pk": 821,
  "fields": {
    "created": "2023-08-09T10:00:52.591Z",
    "last_updated": "2023-08-09T10:23:10.098Z",
    "custom_field_data": {},
    "device": 141,
    "name": "GigabitEthernet1/0/19",
    "label": "",
    "description": "",
    "module": null,
    "cable": null,
    "cable_end": "",
    "mark_connected": false,
    "_path": null,
    "enabled": false,
    "mac_address": null,
    "mtu": null,
    "mode": "",
    "parent": null,
    "bridge": null,
    "_name": "0001000099999999GigabitEthernet000019............",
    "lag": null,
    "type": "1000base-t",
    "mgmt_only": false,
    "speed": null,
    "duplex": null,
    "wwn": null,
    "rf_role": "",
    "rf_channel": "",
    "rf_channel_frequency": null,
    "rf_channel_width": null,
    "tx_power": null,
    "poe_mode": "pse",
    "poe_type": "type2-ieee802.3at",
    "wireless_link": null,
    "untagged_vlan": null,
    "vrf": null,
    "vdcs": [],
    "wireless_lans": [],
    "tagged_vlans": []
  }
},
{
  "model": "dcim.interface",
  "pk": 822,
  "fields": {
    "created": "2023-08-09T10:00:52.591Z",
    "last_updated": "2023-08-09T10:23:10.162Z",
    "custom_field_data": {},
    "device": 141,
    "name": "GigabitEthernet1/0/20",
    "label": "",
    "description": "",
    "module": null,
    "cable": null,
    "cable_end": "",
    "mark_connected": false,
    "_path": null,
    "enabled": false,
    "mac_address": null,
    "mtu": null,
    "mode": "",
    "parent": null,
    "bridge": null,
    "_name": "0001000099999999GigabitEthernet000020............",
    "lag": null,
    "type": "1000base-t",
    "mgmt_only": false,
    "speed": null,
    "duplex": null,
    "wwn": null,
    "rf_role": "",
    "rf_channel": "",
    "rf_channel_frequency": null,
    "rf_channel_width": null,
    "tx_power": null,
    "poe_mode": "pse",
    "poe_type": "type2-ieee802.3at",
    "wireless_link": null,
    "untagged_vlan": null,
    "vrf": null,
    "vdcs": [],
    "wireless_lans": [],
    "tagged_vlans": []
  }
},
{
  "model": "dcim.interface",
  "pk": 823,
  "fields": {
    "created": "2023-08-09T10:00:52.591Z",
    "last_updated": "2023-08-09T10:23:10.215Z",
    "custom_field_data": {},
    "device": 141,
    "name": "GigabitEthernet1/0/21",
    "label": "",
    "description": "",
    "module": null,
    "cable": null,
    "cable_end": "",
    "mark_connected": false,
    "_path": null,
    "enabled": false,
    "mac_address": null,
    "mtu": null,
    "mode": "",
    "parent": null,
    "bridge": null,
    "_name": "0001000099999999GigabitEthernet000021............",
    "lag": null,
    "type": "1000base-t",
    "mgmt_only": false,
    "speed": null,
    "duplex": null,
    "wwn": null,
    "rf_role": "",
    "rf_channel": "",
    "rf_channel_frequency": null,
    "rf_channel_width": null,
    "tx_power": null,
    "poe_mode": "pse",
    "poe_type": "type2-ieee802.3at",
    "wireless_link": null,
    "untagged_vlan": null,
    "vrf": null,
    "vdcs": [],
    "wireless_lans": [],
    "tagged_vlans": []
  }
},
{
  "model": "dcim.interface",
  "pk": 824,
  "fields": {
    "created": "2023-08-09T10:00:52.591Z",
    "last_updated": "2023-08-09T10:23:10.271Z",
    "custom_field_data": {},
    "device": 141,
    "name": "GigabitEthernet1/0/22",
    "label": "",
    "description": "",
    "module": null,
    "cable": null,
    "cable_end": "",
    "mark_connected": false,
    "_path": null,
    "enabled": false,
    "mac_address": null,
    "mtu": null,
    "mode": "",
    "parent": null,
    "bridge": null,
    "_name": "0001000099999999GigabitEthernet000022............",
    "lag": null,
    "type": "1000base-t",
    "mgmt_only": false,
    "speed": null,
    "duplex": null,
    "wwn": null,
    "rf_role": "",
    "rf_channel": "",
    "rf_channel_frequency": null,
    "rf_channel_width": null,
    "tx_power": null,
    "poe_mode": "pse",
    "poe_type": "type2-ieee802.3at",
    "wireless_link": null,
    "untagged_vlan": null,
    "vrf": null,
    "vdcs": [],
    "wireless_lans": [],
    "tagged_vlans": []
  }
},
{
  "model": "dcim.interface",
  "pk": 825,
  "fields": {
    "created": "2023-08-09T10:00:52.592Z",
    "last_updated": "2023-08-09T10:23:10.327Z",
    "custom_field_data": {},
    "device": 141,
    "name": "GigabitEthernet1/0/23",
    "label": "",
    "description": "",
    "module": null,
    "cable": null,
    "cable_end": "",
    "mark_connected": false,
    "_path": null,
    "enabled": false,
    "mac_address": null,
    "mtu": null,
    "mode": "",
    "parent": null,
    "bridge": null,
    "_name": "0001000099999999GigabitEthernet000023............",
    "lag": null,
    "type": "1000base-t",
    "mgmt_only": false,
    "speed": null,
    "duplex": null,
    "wwn": null,
    "rf_role": "",
    "rf_channel": "",
    "rf_channel_frequency": null,
    "rf_channel_width": null,
    "tx_power": null,
    "poe_mode": "pse",
    "poe_type": "type2-ieee802.3at",
    "wireless_link": null,
    "untagged_vlan": null,
    "vrf": null,
    "vdcs": [],
    "wireless_lans": [],
    "tagged_vlans": []
  }
},
{
  "model": "dcim.interface",
  "pk": 826,
  "fields": {
    "created": "2023-08-09T10:00:52.592Z",
    "last_updated": "2023-08-09T10:23:10.380Z",
    "custom_field_data": {},
    "device": 141,
    "name": "GigabitEthernet1/0/24",
    "label": "",
    "description": "",
    "module": null,
    "cable": null,
    "cable_end": "",
    "mark_connected": false,
    "_path": null,
    "enabled": false,
    "mac_address": null,
    "mtu": null,
    "mode": "",
    "parent": null,
    "bridge": null,
    "_name": "0001000099999999GigabitEthernet000024............",
    "lag": null,
    "type": "1000base-t",
    "mgmt_only": false,
    "speed": null,
    "duplex": null,
    "wwn": null,
    "rf_role": "",
    "rf_channel": "",
    "rf_channel_frequency": null,
    "rf_channel_width": null,
    "tx_power": null,
    "poe_mode": "pse",
    "poe_type": "type2-ieee802.3at",
    "wireless_link": null,
    "untagged_vlan": null,
    "vrf": null,
    "vdcs": [],
    "wireless_lans": [],
    "tagged_vlans": []
  }
},
{
  "model": "dcim.interface",
  "pk": 827,
  "fields": {
    "created": "2023-08-09T10:13:43.611Z",
    "last_updated": "2023-08-09T10:13:43.611Z",
    "custom_field_data": {},
    "device": 141,
    "name": "TenGigabitEthernet1/1/1",
    "label": "",
    "description": "",
    "module": null,
    "cable": null,
    "cable_end": "",
    "mark_connected": false,
    "_path": null,
    "enabled": true,
    "mac_address": null,
    "mtu": null,
    "mode": "",
    "parent": null,
    "bridge": null,
    "_name": "0001000199999999TenGigabitEthernet000001............",
    "lag": null,
    "type": "10gbase-x-sfpp",
    "mgmt_only": false,
    "speed": null,
    "duplex": null,
    "wwn": null,
    "rf_role": "",
    "rf_channel": "",
    "rf_channel_frequency": null,
    "rf_channel_width": null,
    "tx_power": null,
    "poe_mode": "",
    "poe_type": "",
    "wireless_link": null,
    "untagged_vlan": null,
    "vrf": null,
    "vdcs": [],
    "wireless_lans": [],
    "tagged_vlans": []
  }
},
{
  "model": "dcim.interface",
  "pk": 828,
  "fields": {
    "created": "2023-08-09T10:14:06.444Z",
    "last_updated": "2023-08-09T10:14:06.444Z",
    "custom_field_data": {},
    "device": 141,
    "name": "TenGigabitEthernet1/1/2",
    "label": "",
    "description": "",
    "module": null,
    "cable": null,
    "cable_end": "",
    "mark_connected": false,
    "_path": null,
    "enabled": true,
    "mac_address": null,
    "mtu": null,
    "mode": "",
    "parent": null,
    "bridge": null,
    "_name": "0001000199999999TenGigabitEthernet000002............",
    "lag": null,
    "type": "10gbase-x-sfpp",
    "mgmt_only": false,
    "speed": null,
    "duplex": null,
    "wwn": null,
    "rf_role": "",
    "rf_channel": "",
    "rf_channel_frequency": null,
    "rf_channel_width": null,
    "tx_power": null,
    "poe_mode": "",
    "poe_type": "",
    "wireless_link": null,
    "untagged_vlan": null,
    "vrf": null,
    "vdcs": [],
    "wireless_lans": [],
    "tagged_vlans": []
  }
},
{
  "model": "dcim.interface",
  "pk": 829,
  "fields": {
    "created": "2023-08-09T10:15:04.856Z",
    "last_updated": "2023-08-09T10:15:04.856Z",
    "custom_field_data": {},
    "device": 141,
    "name": "Port-Channel10",
    "label": "",
    "description": "",
    "module": null,
    "cable": null,
    "cable_end": "",
    "mark_connected": false,
    "_path": null,
    "enabled": true,
    "mac_address": null,
    "mtu": null,
    "mode": "tagged",
    "parent": null,
    "bridge": null,
    "_name": "9999999999999999Port-Channel000010............",
    "lag": null,
    "type": "lag",
    "mgmt_only": false,
    "speed": null,
    "duplex": null,
    "wwn": null,
    "rf_role": "",
    "rf_channel": "",
    "rf_channel_frequency": null,
    "rf_channel_width": null,
    "tx_power": null,
    "poe_mode": "",
    "poe_type": "",
    "wireless_link": null,
    "untagged_vlan": null,
    "vrf": null,
    "vdcs": [],
    "wireless_lans": [],
    "tagged_vlans": [
      106,
      107,
      108
    ]
  }
},
{
  "model": "dcim.interface",
  "pk": 831,
  "fields": {
    "created": "2023-08-09T10:24:58.295Z",
    "last_updated": "2023-08-09T10:24:58.295Z",
    "custom_field_data": {},
    "device": 141,
    "name": "Vlan50",
    "label": "",
    "description": "",
    "module": null,
    "cable": null,
    "cable_end": "",
    "mark_connected": false,
    "_path": null,
    "enabled": true,
    "mac_address": null,
    "mtu": null,
    "mode": "",
    "parent": null,
    "bridge": null,
    "_name": "9999999999999999Vlan000050............",
    "lag": null,
    "type": "virtual",
    "mgmt_only": true,
    "speed": null,
    "duplex": null,
    "wwn": null,
    "rf_role": "",
    "rf_channel": "",
    "rf_channel_frequency": null,
    "rf_channel_width": null,
    "tx_power": null,
    "poe_mode": "",
    "poe_type": "",
    "wireless_link": null,
    "untagged_vlan": null,
    "vrf": null,
    "vdcs": [],
    "wireless_lans": [],
    "tagged_vlans": []
  }
},
{
  "model": "dcim.frontport",
  "pk": 1,
  "fields": {
    "created": "2022-12-22T12:08:11.445Z",
    "last_updated": "2022-12-22T12:08:11.445Z",
    "custom_field_data": {},
    "device": 3,
    "name": "01",
    "_name": "00000001",
    "label": "",
    "description": "",
    "module": null,
    "cable": 6,
    "cable_end": "B",
    "mark_connected": false,
    "type": "8p8c",
    "color": "",
    "rear_port": 1,
    "rear_port_position": 1
  }
},
{
  "model": "dcim.frontport",
  "pk": 2,
  "fields": {
    "created": "2022-12-22T12:08:11.445Z",
    "last_updated": "2022-12-22T12:08:11.445Z",
    "custom_field_data": {},
    "device": 3,
    "name": "02",
    "_name": "00000002",
    "label": "",
    "description": "",
    "module": null,
    "cable": 7,
    "cable_end": "B",
    "mark_connected": false,
    "type": "8p8c",
    "color": "",
    "rear_port": 2,
    "rear_port_position": 1
  }
},
{
  "model": "dcim.frontport",
  "pk": 3,
  "fields": {
    "created": "2022-12-22T12:08:11.445Z",
    "last_updated": "2022-12-22T12:08:11.445Z",
    "custom_field_data": {},
    "device": 3,
    "name": "03",
    "_name": "00000003",
    "label": "",
    "description": "",
    "module": null,
    "cable": 8,
    "cable_end": "B",
    "mark_connected": false,
    "type": "8p8c",
    "color": "",
    "rear_port": 3,
    "rear_port_position": 1
  }
},
{
  "model": "dcim.frontport",
  "pk": 4,
  "fields": {
    "created": "2022-12-22T12:08:11.445Z",
    "last_updated": "2022-12-22T12:08:11.445Z",
    "custom_field_data": {},
    "device": 3,
    "name": "04",
    "_name": "00000004",
    "label": "",
    "description": "",
    "module": null,
    "cable": 9,
    "cable_end": "B",
    "mark_connected": false,
    "type": "8p8c",
    "color": "",
    "rear_port": 4,
    "rear_port_position": 1
  }
},
{
  "model": "dcim.frontport",
  "pk": 5,
  "fields": {
    "created": "2022-12-22T12:08:11.445Z",
    "last_updated": "2022-12-22T12:08:11.445Z",
    "custom_field_data": {},
    "device": 3,
    "name": "05",
    "_name": "00000005",
    "label": "",
    "description": "",
    "module": null,
    "cable": 10,
    "cable_end": "B",
    "mark_connected": false,
    "type": "8p8c",
    "color": "",
    "rear_port": 5,
    "rear_port_position": 1
  }
},
{
  "model": "dcim.frontport",
  "pk": 6,
  "fields": {
    "created": "2022-12-22T12:08:11.445Z",
    "last_updated": "2022-12-22T12:08:11.445Z",
    "custom_field_data": {},
    "device": 3,
    "name": "06",
    "_name": "00000006",
    "label": "",
    "description": "",
    "module": null,
    "cable": 11,
    "cable_end": "B",
    "mark_connected": false,
    "type": "8p8c",
    "color": "",
    "rear_port": 6,
    "rear_port_position": 1
  }
},
{
  "model": "dcim.frontport",
  "pk": 7,
  "fields": {
    "created": "2022-12-22T12:08:11.445Z",
    "last_updated": "2022-12-22T12:08:11.445Z",
    "custom_field_data": {},
    "device": 3,
    "name": "07",
    "_name": "00000007",
    "label": "",
    "description": "",
    "module": null,
    "cable": 12,
    "cable_end": "B",
    "mark_connected": false,
    "type": "8p8c",
    "color": "",
    "rear_port": 7,
    "rear_port_position": 1
  }
},
{
  "model": "dcim.frontport",
  "pk": 8,
  "fields": {
    "created": "2022-12-22T12:08:11.445Z",
    "last_updated": "2022-12-22T12:08:11.445Z",
    "custom_field_data": {},
    "device": 3,
    "name": "08",
    "_name": "00000008",
    "label": "",
    "description": "",
    "module": null,
    "cable": 13,
    "cable_end": "B",
    "mark_connected": false,
    "type": "8p8c",
    "color": "",
    "rear_port": 8,
    "rear_port_position": 1
  }
},
{
  "model": "dcim.frontport",
  "pk": 9,
  "fields": {
    "created": "2022-12-22T12:08:11.445Z",
    "last_updated": "2022-12-22T12:08:11.445Z",
    "custom_field_data": {},
    "device": 3,
    "name": "09",
    "_name": "00000009",
    "label": "",
    "description": "",
    "module": null,
    "cable": 14,
    "cable_end": "B",
    "mark_connected": false,
    "type": "8p8c",
    "color": "",
    "rear_port": 9,
    "rear_port_position": 1
  }
},
{
  "model": "dcim.frontport",
  "pk": 10,
  "fields": {
    "created": "2022-12-22T12:08:11.445Z",
    "last_updated": "2022-12-22T12:08:11.445Z",
    "custom_field_data": {},
    "device": 3,
    "name": "10",
    "_name": "00000010",
    "label": "",
    "description": "",
    "module": null,
    "cable": 15,
    "cable_end": "B",
    "mark_connected": false,
    "type": "8p8c",
    "color": "",
    "rear_port": 10,
    "rear_port_position": 1
  }
},
{
  "model": "dcim.frontport",
  "pk": 11,
  "fields": {
    "created": "2022-12-22T12:08:11.445Z",
    "last_updated": "2022-12-22T12:08:11.445Z",
    "custom_field_data": {},
    "device": 3,
    "name": "11",
    "_name": "00000011",
    "label": "",
    "description": "",
    "module": null,
    "cable": 16,
    "cable_end": "B",
    "mark_connected": false,
    "type": "8p8c",
    "color": "",
    "rear_port": 11,
    "rear_port_position": 1
  }
},
{
  "model": "dcim.frontport",
  "pk": 12,
  "fields": {
    "created": "2022-12-22T12:08:11.445Z",
    "last_updated": "2022-12-22T12:08:11.445Z",
    "custom_field_data": {},
    "device": 3,
    "name": "12",
    "_name": "00000012",
    "label": "",
    "description": "",
    "module": null,
    "cable": 17,
    "cable_end": "B",
    "mark_connected": false,
    "type": "8p8c",
    "color": "",
    "rear_port": 12,
    "rear_port_position": 1
  }
},
{
  "model": "dcim.frontport",
  "pk": 13,
  "fields": {
    "created": "2022-12-22T12:08:11.445Z",
    "last_updated": "2022-12-22T12:08:11.445Z",
    "custom_field_data": {},
    "device": 3,
    "name": "13",
    "_name": "00000013",
    "label": "",
    "description": "",
    "module": null,
    "cable": 18,
    "cable_end": "B",
    "mark_connected": false,
    "type": "8p8c",
    "color": "",
    "rear_port": 13,
    "rear_port_position": 1
  }
},
{
  "model": "dcim.frontport",
  "pk": 14,
  "fields": {
    "created": "2022-12-22T12:08:11.445Z",
    "last_updated": "2022-12-22T12:08:11.445Z",
    "custom_field_data": {},
    "device": 3,
    "name": "14",
    "_name": "00000014",
    "label": "",
    "description": "",
    "module": null,
    "cable": 19,
    "cable_end": "B",
    "mark_connected": false,
    "type": "8p8c",
    "color": "",
    "rear_port": 14,
    "rear_port_position": 1
  }
},
{
  "model": "dcim.frontport",
  "pk": 15,
  "fields": {
    "created": "2022-12-22T12:08:11.445Z",
    "last_updated": "2022-12-22T12:08:11.445Z",
    "custom_field_data": {},
    "device": 3,
    "name": "15",
    "_name": "00000015",
    "label": "",
    "description": "",
    "module": null,
    "cable": 20,
    "cable_end": "B",
    "mark_connected": false,
    "type": "8p8c",
    "color": "",
    "rear_port": 15,
    "rear_port_position": 1
  }
},
{
  "model": "dcim.frontport",
  "pk": 16,
  "fields": {
    "created": "2022-12-22T12:08:11.445Z",
    "last_updated": "2022-12-22T12:08:11.445Z",
    "custom_field_data": {},
    "device": 3,
    "name": "16",
    "_name": "00000016",
    "label": "",
    "description": "",
    "module": null,
    "cable": 21,
    "cable_end": "B",
    "mark_connected": false,
    "type": "8p8c",
    "color": "",
    "rear_port": 16,
    "rear_port_position": 1
  }
},
{
  "model": "dcim.frontport",
  "pk": 17,
  "fields": {
    "created": "2022-12-22T12:08:11.445Z",
    "last_updated": "2022-12-22T12:08:11.445Z",
    "custom_field_data": {},
    "device": 3,
    "name": "17",
    "_name": "00000017",
    "label": "",
    "description": "",
    "module": null,
    "cable": 22,
    "cable_end": "B",
    "mark_connected": false,
    "type": "8p8c",
    "color": "",
    "rear_port": 17,
    "rear_port_position": 1
  }
},
{
  "model": "dcim.frontport",
  "pk": 18,
  "fields": {
    "created": "2022-12-22T12:08:11.445Z",
    "last_updated": "2022-12-22T12:08:11.445Z",
    "custom_field_data": {},
    "device": 3,
    "name": "18",
    "_name": "00000018",
    "label": "",
    "description": "",
    "module": null,
    "cable": 23,
    "cable_end": "B",
    "mark_connected": false,
    "type": "8p8c",
    "color": "",
    "rear_port": 18,
    "rear_port_position": 1
  }
},
{
  "model": "dcim.frontport",
  "pk": 19,
  "fields": {
    "created": "2022-12-22T12:08:11.445Z",
    "last_updated": "2022-12-22T12:08:11.445Z",
    "custom_field_data": {},
    "device": 3,
    "name": "19",
    "_name": "00000019",
    "label": "",
    "description": "",
    "module": null,
    "cable": null,
    "cable_end": "",
    "mark_connected": false,
    "type": "8p8c",
    "color": "",
    "rear_port": 19,
    "rear_port_position": 1
  }
},
{
  "model": "dcim.frontport",
  "pk": 20,
  "fields": {
    "created": "2022-12-22T12:08:11.445Z",
    "last_updated": "2022-12-22T12:08:11.445Z",
    "custom_field_data": {},
    "device": 3,
    "name": "20",
    "_name": "00000020",
    "label": "",
    "description": "",
    "module": null,
    "cable": null,
    "cable_end": "",
    "mark_connected": false,
    "type": "8p8c",
    "color": "",
    "rear_port": 20,
    "rear_port_position": 1
  }
},
{
  "model": "dcim.frontport",
  "pk": 21,
  "fields": {
    "created": "2022-12-22T12:08:11.446Z",
    "last_updated": "2022-12-22T12:08:11.446Z",
    "custom_field_data": {},
    "device": 3,
    "name": "21",
    "_name": "00000021",
    "label": "",
    "description": "",
    "module": null,
    "cable": null,
    "cable_end": "",
    "mark_connected": false,
    "type": "8p8c",
    "color": "",
    "rear_port": 21,
    "rear_port_position": 1
  }
},
{
  "model": "dcim.frontport",
  "pk": 22,
  "fields": {
    "created": "2022-12-22T12:08:11.446Z",
    "last_updated": "2022-12-22T12:08:11.446Z",
    "custom_field_data": {},
    "device": 3,
    "name": "22",
    "_name": "00000022",
    "label": "",
    "description": "",
    "module": null,
    "cable": null,
    "cable_end": "",
    "mark_connected": false,
    "type": "8p8c",
    "color": "",
    "rear_port": 22,
    "rear_port_position": 1
  }
},
{
  "model": "dcim.frontport",
  "pk": 23,
  "fields": {
    "created": "2022-12-22T12:08:11.446Z",
    "last_updated": "2022-12-22T12:08:11.446Z",
    "custom_field_data": {},
    "device": 3,
    "name": "23",
    "_name": "00000023",
    "label": "",
    "description": "",
    "module": null,
    "cable": null,
    "cable_end": "",
    "mark_connected": false,
    "type": "8p8c",
    "color": "",
    "rear_port": 23,
    "rear_port_position": 1
  }
},
{
  "model": "dcim.frontport",
  "pk": 24,
  "fields": {
    "created": "2022-12-22T12:08:11.446Z",
    "last_updated": "2022-12-22T12:08:11.446Z",
    "custom_field_data": {},
    "device": 3,
    "name": "24",
    "_name": "00000024",
    "label": "",
    "description": "",
    "module": null,
    "cable": null,
    "cable_end": "",
    "mark_connected": false,
    "type": "8p8c",
    "color": "",
    "rear_port": 24,
    "rear_port_position": 1
  }
},
{
  "model": "dcim.frontport",
  "pk": 25,
  "fields": {
    "created": "2022-12-22T12:08:11.446Z",
    "last_updated": "2022-12-22T12:08:11.446Z",
    "custom_field_data": {},
    "device": 3,
    "name": "25",
    "_name": "00000025",
    "label": "",
    "description": "",
    "module": null,
    "cable": null,
    "cable_end": "",
    "mark_connected": false,
    "type": "8p8c",
    "color": "",
    "rear_port": 25,
    "rear_port_position": 1
  }
},
{
  "model": "dcim.frontport",
  "pk": 26,
  "fields": {
    "created": "2022-12-22T12:08:11.446Z",
    "last_updated": "2022-12-22T12:08:11.446Z",
    "custom_field_data": {},
    "device": 3,
    "name": "26",
    "_name": "00000026",
    "label": "",
    "description": "",
    "module": null,
    "cable": null,
    "cable_end": "",
    "mark_connected": false,
    "type": "8p8c",
    "color": "",
    "rear_port": 26,
    "rear_port_position": 1
  }
},
{
  "model": "dcim.frontport",
  "pk": 27,
  "fields": {
    "created": "2022-12-22T12:08:11.446Z",
    "last_updated": "2022-12-22T12:08:11.446Z",
    "custom_field_data": {},
    "device": 3,
    "name": "27",
    "_name": "00000027",
    "label": "",
    "description": "",
    "module": null,
    "cable": null,
    "cable_end": "",
    "mark_connected": false,
    "type": "8p8c",
    "color": "",
    "rear_port": 27,
    "rear_port_position": 1
  }
},
{
  "model": "dcim.frontport",
  "pk": 28,
  "fields": {
    "created": "2022-12-22T12:08:11.446Z",
    "last_updated": "2022-12-22T12:08:11.446Z",
    "custom_field_data": {},
    "device": 3,
    "name": "28",
    "_name": "00000028",
    "label": "",
    "description": "",
    "module": null,
    "cable": null,
    "cable_end": "",
    "mark_connected": false,
    "type": "8p8c",
    "color": "",
    "rear_port": 28,
    "rear_port_position": 1
  }
},
{
  "model": "dcim.frontport",
  "pk": 29,
  "fields": {
    "created": "2022-12-22T12:08:11.446Z",
    "last_updated": "2022-12-22T12:08:11.446Z",
    "custom_field_data": {},
    "device": 3,
    "name": "29",
    "_name": "00000029",
    "label": "",
    "description": "",
    "module": null,
    "cable": null,
    "cable_end": "",
    "mark_connected": false,
    "type": "8p8c",
    "color": "",
    "rear_port": 29,
    "rear_port_position": 1
  }
},
{
  "model": "dcim.frontport",
  "pk": 30,
  "fields": {
    "created": "2022-12-22T12:08:11.446Z",
    "last_updated": "2022-12-22T12:08:11.446Z",
    "custom_field_data": {},
    "device": 3,
    "name": "30",
    "_name": "00000030",
    "label": "",
    "description": "",
    "module": null,
    "cable": null,
    "cable_end": "",
    "mark_connected": false,
    "type": "8p8c",
    "color": "",
    "rear_port": 30,
    "rear_port_position": 1
  }
},
{
  "model": "dcim.frontport",
  "pk": 31,
  "fields": {
    "created": "2022-12-22T12:08:11.446Z",
    "last_updated": "2022-12-22T12:08:11.446Z",
    "custom_field_data": {},
    "device": 3,
    "name": "31",
    "_name": "00000031",
    "label": "",
    "description": "",
    "module": null,
    "cable": null,
    "cable_end": "",
    "mark_connected": false,
    "type": "8p8c",
    "color": "",
    "rear_port": 31,
    "rear_port_position": 1
  }
},
{
  "model": "dcim.frontport",
  "pk": 32,
  "fields": {
    "created": "2022-12-22T12:08:11.446Z",
    "last_updated": "2022-12-22T12:08:11.446Z",
    "custom_field_data": {},
    "device": 3,
    "name": "32",
    "_name": "00000032",
    "label": "",
    "description": "",
    "module": null,
    "cable": null,
    "cable_end": "",
    "mark_connected": false,
    "type": "8p8c",
    "color": "",
    "rear_port": 32,
    "rear_port_position": 1
  }
},
{
  "model": "dcim.frontport",
  "pk": 33,
  "fields": {
    "created": "2022-12-22T12:08:11.446Z",
    "last_updated": "2022-12-22T12:08:11.446Z",
    "custom_field_data": {},
    "device": 3,
    "name": "33",
    "_name": "00000033",
    "label": "",
    "description": "",
    "module": null,
    "cable": null,
    "cable_end": "",
    "mark_connected": false,
    "type": "8p8c",
    "color": "",
    "rear_port": 33,
    "rear_port_position": 1
  }
},
{
  "model": "dcim.frontport",
  "pk": 34,
  "fields": {
    "created": "2022-12-22T12:08:11.446Z",
    "last_updated": "2022-12-22T12:08:11.446Z",
    "custom_field_data": {},
    "device": 3,
    "name": "34",
    "_name": "00000034",
    "label": "",
    "description": "",
    "module": null,
    "cable": null,
    "cable_end": "",
    "mark_connected": false,
    "type": "8p8c",
    "color": "",
    "rear_port": 34,
    "rear_port_position": 1
  }
},
{
  "model": "dcim.frontport",
  "pk": 35,
  "fields": {
    "created": "2022-12-22T12:08:11.446Z",
    "last_updated": "2022-12-22T12:08:11.446Z",
    "custom_field_data": {},
    "device": 3,
    "name": "35",
    "_name": "00000035",
    "label": "",
    "description": "",
    "module": null,
    "cable": null,
    "cable_end": "",
    "mark_connected": false,
    "type": "8p8c",
    "color": "",
    "rear_port": 35,
    "rear_port_position": 1
  }
},
{
  "model": "dcim.frontport",
  "pk": 36,
  "fields": {
    "created": "2022-12-22T12:08:11.446Z",
    "last_updated": "2022-12-22T12:08:11.446Z",
    "custom_field_data": {},
    "device": 3,
    "name": "36",
    "_name": "00000036",
    "label": "",
    "description": "",
    "module": null,
    "cable": null,
    "cable_end": "",
    "mark_connected": false,
    "type": "8p8c",
    "color": "",
    "rear_port": 36,
    "rear_port_position": 1
  }
},
{
  "model": "dcim.frontport",
  "pk": 37,
  "fields": {
    "created": "2022-12-22T12:08:11.446Z",
    "last_updated": "2022-12-22T12:08:11.446Z",
    "custom_field_data": {},
    "device": 3,
    "name": "37",
    "_name": "00000037",
    "label": "",
    "description": "",
    "module": null,
    "cable": null,
    "cable_end": "",
    "mark_connected": false,
    "type": "8p8c",
    "color": "",
    "rear_port": 37,
    "rear_port_position": 1
  }
},
{
  "model": "dcim.frontport",
  "pk": 38,
  "fields": {
    "created": "2022-12-22T12:08:11.446Z",
    "last_updated": "2022-12-22T12:08:11.446Z",
    "custom_field_data": {},
    "device": 3,
    "name": "38",
    "_name": "00000038",
    "label": "",
    "description": "",
    "module": null,
    "cable": null,
    "cable_end": "",
    "mark_connected": false,
    "type": "8p8c",
    "color": "",
    "rear_port": 38,
    "rear_port_position": 1
  }
},
{
  "model": "dcim.frontport",
  "pk": 39,
  "fields": {
    "created": "2022-12-22T12:08:11.446Z",
    "last_updated": "2022-12-22T12:08:11.446Z",
    "custom_field_data": {},
    "device": 3,
    "name": "39",
    "_name": "00000039",
    "label": "",
    "description": "",
    "module": null,
    "cable": null,
    "cable_end": "",
    "mark_connected": false,
    "type": "8p8c",
    "color": "",
    "rear_port": 39,
    "rear_port_position": 1
  }
},
{
  "model": "dcim.frontport",
  "pk": 40,
  "fields": {
    "created": "2022-12-22T12:08:11.446Z",
    "last_updated": "2022-12-22T12:08:11.446Z",
    "custom_field_data": {},
    "device": 3,
    "name": "40",
    "_name": "00000040",
    "label": "",
    "description": "",
    "module": null,
    "cable": null,
    "cable_end": "",
    "mark_connected": false,
    "type": "8p8c",
    "color": "",
    "rear_port": 40,
    "rear_port_position": 1
  }
},
{
  "model": "dcim.frontport",
  "pk": 41,
  "fields": {
    "created": "2022-12-22T12:08:11.446Z",
    "last_updated": "2022-12-22T12:08:11.446Z",
    "custom_field_data": {},
    "device": 3,
    "name": "41",
    "_name": "00000041",
    "label": "",
    "description": "",
    "module": null,
    "cable": null,
    "cable_end": "",
    "mark_connected": false,
    "type": "8p8c",
    "color": "",
    "rear_port": 41,
    "rear_port_position": 1
  }
},
{
  "model": "dcim.frontport",
  "pk": 42,
  "fields": {
    "created": "2022-12-22T12:08:11.446Z",
    "last_updated": "2022-12-22T12:08:11.446Z",
    "custom_field_data": {},
    "device": 3,
    "name": "42",
    "_name": "00000042",
    "label": "",
    "description": "",
    "module": null,
    "cable": null,
    "cable_end": "",
    "mark_connected": false,
    "type": "8p8c",
    "color": "",
    "rear_port": 42,
    "rear_port_position": 1
  }
},
{
  "model": "dcim.frontport",
  "pk": 43,
  "fields": {
    "created": "2022-12-22T12:08:11.446Z",
    "last_updated": "2022-12-22T12:08:11.446Z",
    "custom_field_data": {},
    "device": 3,
    "name": "43",
    "_name": "00000043",
    "label": "",
    "description": "",
    "module": null,
    "cable": null,
    "cable_end": "",
    "mark_connected": false,
    "type": "8p8c",
    "color": "",
    "rear_port": 43,
    "rear_port_position": 1
  }
},
{
  "model": "dcim.frontport",
  "pk": 44,
  "fields": {
    "created": "2022-12-22T12:08:11.446Z",
    "last_updated": "2022-12-22T12:08:11.446Z",
    "custom_field_data": {},
    "device": 3,
    "name": "44",
    "_name": "00000044",
    "label": "",
    "description": "",
    "module": null,
    "cable": null,
    "cable_end": "",
    "mark_connected": false,
    "type": "8p8c",
    "color": "",
    "rear_port": 44,
    "rear_port_position": 1
  }
},
{
  "model": "dcim.frontport",
  "pk": 45,
  "fields": {
    "created": "2022-12-22T12:08:11.446Z",
    "last_updated": "2022-12-22T12:08:11.446Z",
    "custom_field_data": {},
    "device": 3,
    "name": "45",
    "_name": "00000045",
    "label": "",
    "description": "",
    "module": null,
    "cable": null,
    "cable_end": "",
    "mark_connected": false,
    "type": "8p8c",
    "color": "",
    "rear_port": 45,
    "rear_port_position": 1
  }
},
{
  "model": "dcim.frontport",
  "pk": 46,
  "fields": {
    "created": "2022-12-22T12:08:11.447Z",
    "last_updated": "2022-12-22T12:08:11.447Z",
    "custom_field_data": {},
    "device": 3,
    "name": "46",
    "_name": "00000046",
    "label": "",
    "description": "",
    "module": null,
    "cable": null,
    "cable_end": "",
    "mark_connected": false,
    "type": "8p8c",
    "color": "",
    "rear_port": 46,
    "rear_port_position": 1
  }
},
{
  "model": "dcim.frontport",
  "pk": 47,
  "fields": {
    "created": "2022-12-22T12:08:11.447Z",
    "last_updated": "2022-12-22T12:08:11.447Z",
    "custom_field_data": {},
    "device": 3,
    "name": "47",
    "_name": "00000047",
    "label": "",
    "description": "",
    "module": null,
    "cable": null,
    "cable_end": "",
    "mark_connected": false,
    "type": "8p8c",
    "color": "",
    "rear_port": 47,
    "rear_port_position": 1
  }
},
{
  "model": "dcim.frontport",
  "pk": 48,
  "fields": {
    "created": "2022-12-22T12:08:11.447Z",
    "last_updated": "2022-12-22T12:08:11.447Z",
    "custom_field_data": {},
    "device": 3,
    "name": "48",
    "_name": "00000048",
    "label": "",
    "description": "",
    "module": null,
    "cable": null,
    "cable_end": "",
    "mark_connected": false,
    "type": "8p8c",
    "color": "",
    "rear_port": 48,
    "rear_port_position": 1
  }
},
{
  "model": "dcim.rearport",
  "pk": 1,
  "fields": {
    "created": "2022-12-22T12:08:11.299Z",
    "last_updated": "2022-12-22T12:08:11.299Z",
    "custom_field_data": {},
    "device": 3,
    "name": "01",
    "_name": "00000001",
    "label": "",
    "description": "",
    "module": null,
    "cable": null,
    "cable_end": "",
    "mark_connected": false,
    "type": "110-punch",
    "color": "",
    "positions": 1
  }
},
{
  "model": "dcim.rearport",
  "pk": 2,
  "fields": {
    "created": "2022-12-22T12:08:11.299Z",
    "last_updated": "2022-12-22T12:08:11.299Z",
    "custom_field_data": {},
    "device": 3,
    "name": "02",
    "_name": "00000002",
    "label": "",
    "description": "",
    "module": null,
    "cable": null,
    "cable_end": "",
    "mark_connected": false,
    "type": "110-punch",
    "color": "",
    "positions": 1
  }
},
{
  "model": "dcim.rearport",
  "pk": 3,
  "fields": {
    "created": "2022-12-22T12:08:11.299Z",
    "last_updated": "2022-12-22T12:08:11.299Z",
    "custom_field_data": {},
    "device": 3,
    "name": "03",
    "_name": "00000003",
    "label": "",
    "description": "",
    "module": null,
    "cable": null,
    "cable_end": "",
    "mark_connected": false,
    "type": "110-punch",
    "color": "",
    "positions": 1
  }
},
{
  "model": "dcim.rearport",
  "pk": 4,
  "fields": {
    "created": "2022-12-22T12:08:11.299Z",
    "last_updated": "2022-12-22T12:08:11.299Z",
    "custom_field_data": {},
    "device": 3,
    "name": "04",
    "_name": "00000004",
    "label": "",
    "description": "",
    "module": null,
    "cable": null,
    "cable_end": "",
    "mark_connected": false,
    "type": "110-punch",
    "color": "",
    "positions": 1
  }
},
{
  "model": "dcim.rearport",
  "pk": 5,
  "fields": {
    "created": "2022-12-22T12:08:11.299Z",
    "last_updated": "2022-12-22T12:08:11.299Z",
    "custom_field_data": {},
    "device": 3,
    "name": "05",
    "_name": "00000005",
    "label": "",
    "description": "",
    "module": null,
    "cable": null,
    "cable_end": "",
    "mark_connected": false,
    "type": "110-punch",
    "color": "",
    "positions": 1
  }
},
{
  "model": "dcim.rearport",
  "pk": 6,
  "fields": {
    "created": "2022-12-22T12:08:11.299Z",
    "last_updated": "2022-12-22T12:08:11.299Z",
    "custom_field_data": {},
    "device": 3,
    "name": "06",
    "_name": "00000006",
    "label": "",
    "description": "",
    "module": null,
    "cable": null,
    "cable_end": "",
    "mark_connected": false,
    "type": "110-punch",
    "color": "",
    "positions": 1
  }
},
{
  "model": "dcim.rearport",
  "pk": 7,
  "fields": {
    "created": "2022-12-22T12:08:11.299Z",
    "last_updated": "2022-12-22T12:08:11.299Z",
    "custom_field_data": {},
    "device": 3,
    "name": "07",
    "_name": "00000007",
    "label": "",
    "description": "",
    "module": null,
    "cable": null,
    "cable_end": "",
    "mark_connected": false,
    "type": "110-punch",
    "color": "",
    "positions": 1
  }
},
{
  "model": "dcim.rearport",
  "pk": 8,
  "fields": {
    "created": "2022-12-22T12:08:11.299Z",
    "last_updated": "2022-12-22T12:08:11.299Z",
    "custom_field_data": {},
    "device": 3,
    "name": "08",
    "_name": "00000008",
    "label": "",
    "description": "",
    "module": null,
    "cable": null,
    "cable_end": "",
    "mark_connected": false,
    "type": "110-punch",
    "color": "",
    "positions": 1
  }
},
{
  "model": "dcim.rearport",
  "pk": 9,
  "fields": {
    "created": "2022-12-22T12:08:11.299Z",
    "last_updated": "2022-12-22T12:08:11.299Z",
    "custom_field_data": {},
    "device": 3,
    "name": "09",
    "_name": "00000009",
    "label": "",
    "description": "",
    "module": null,
    "cable": null,
    "cable_end": "",
    "mark_connected": false,
    "type": "110-punch",
    "color": "",
    "positions": 1
  }
},
{
  "model": "dcim.rearport",
  "pk": 10,
  "fields": {
    "created": "2022-12-22T12:08:11.299Z",
    "last_updated": "2022-12-22T12:08:11.299Z",
    "custom_field_data": {},
    "device": 3,
    "name": "10",
    "_name": "00000010",
    "label": "",
    "description": "",
    "module": null,
    "cable": null,
    "cable_end": "",
    "mark_connected": false,
    "type": "110-punch",
    "color": "",
    "positions": 1
  }
},
{
  "model": "dcim.rearport",
  "pk": 11,
  "fields": {
    "created": "2022-12-22T12:08:11.299Z",
    "last_updated": "2022-12-22T12:08:11.299Z",
    "custom_field_data": {},
    "device": 3,
    "name": "11",
    "_name": "00000011",
    "label": "",
    "description": "",
    "module": null,
    "cable": null,
    "cable_end": "",
    "mark_connected": false,
    "type": "110-punch",
    "color": "",
    "positions": 1
  }
},
{
  "model": "dcim.rearport",
  "pk": 12,
  "fields": {
    "created": "2022-12-22T12:08:11.299Z",
    "last_updated": "2022-12-22T12:08:11.299Z",
    "custom_field_data": {},
    "device": 3,
    "name": "12",
    "_name": "00000012",
    "label": "",
    "description": "",
    "module": null,
    "cable": null,
    "cable_end": "",
    "mark_connected": false,
    "type": "110-punch",
    "color": "",
    "positions": 1
  }
},
{
  "model": "dcim.rearport",
  "pk": 13,
  "fields": {
    "created": "2022-12-22T12:08:11.299Z",
    "last_updated": "2022-12-22T12:08:11.299Z",
    "custom_field_data": {},
    "device": 3,
    "name": "13",
    "_name": "00000013",
    "label": "",
    "description": "",
    "module": null,
    "cable": null,
    "cable_end": "",
    "mark_connected": false,
    "type": "110-punch",
    "color": "",
    "positions": 1
  }
},
{
  "model": "dcim.rearport",
  "pk": 14,
  "fields": {
    "created": "2022-12-22T12:08:11.299Z",
    "last_updated": "2022-12-22T12:08:11.299Z",
    "custom_field_data": {},
    "device": 3,
    "name": "14",
    "_name": "00000014",
    "label": "",
    "description": "",
    "module": null,
    "cable": null,
    "cable_end": "",
    "mark_connected": false,
    "type": "110-punch",
    "color": "",
    "positions": 1
  }
},
{
  "model": "dcim.rearport",
  "pk": 15,
  "fields": {
    "created": "2022-12-22T12:08:11.299Z",
    "last_updated": "2022-12-22T12:08:11.299Z",
    "custom_field_data": {},
    "device": 3,
    "name": "15",
    "_name": "00000015",
    "label": "",
    "description": "",
    "module": null,
    "cable": null,
    "cable_end": "",
    "mark_connected": false,
    "type": "110-punch",
    "color": "",
    "positions": 1
  }
},
{
  "model": "dcim.rearport",
  "pk": 16,
  "fields": {
    "created": "2022-12-22T12:08:11.299Z",
    "last_updated": "2022-12-22T12:08:11.299Z",
    "custom_field_data": {},
    "device": 3,
    "name": "16",
    "_name": "00000016",
    "label": "",
    "description": "",
    "module": null,
    "cable": null,
    "cable_end": "",
    "mark_connected": false,
    "type": "110-punch",
    "color": "",
    "positions": 1
  }
},
{
  "model": "dcim.rearport",
  "pk": 17,
  "fields": {
    "created": "2022-12-22T12:08:11.299Z",
    "last_updated": "2022-12-22T12:08:11.299Z",
    "custom_field_data": {},
    "device": 3,
    "name": "17",
    "_name": "00000017",
    "label": "",
    "description": "",
    "module": null,
    "cable": null,
    "cable_end": "",
    "mark_connected": false,
    "type": "110-punch",
    "color": "",
    "positions": 1
  }
},
{
  "model": "dcim.rearport",
  "pk": 18,
  "fields": {
    "created": "2022-12-22T12:08:11.299Z",
    "last_updated": "2022-12-22T12:08:11.299Z",
    "custom_field_data": {},
    "device": 3,
    "name": "18",
    "_name": "00000018",
    "label": "",
    "description": "",
    "module": null,
    "cable": null,
    "cable_end": "",
    "mark_connected": false,
    "type": "110-punch",
    "color": "",
    "positions": 1
  }
},
{
  "model": "dcim.rearport",
  "pk": 19,
  "fields": {
    "created": "2022-12-22T12:08:11.299Z",
    "last_updated": "2022-12-22T12:08:11.299Z",
    "custom_field_data": {},
    "device": 3,
    "name": "19",
    "_name": "00000019",
    "label": "",
    "description": "",
    "module": null,
    "cable": null,
    "cable_end": "",
    "mark_connected": false,
    "type": "110-punch",
    "color": "",
    "positions": 1
  }
},
{
  "model": "dcim.rearport",
  "pk": 20,
  "fields": {
    "created": "2022-12-22T12:08:11.299Z",
    "last_updated": "2022-12-22T12:08:11.299Z",
    "custom_field_data": {},
    "device": 3,
    "name": "20",
    "_name": "00000020",
    "label": "",
    "description": "",
    "module": null,
    "cable": null,
    "cable_end": "",
    "mark_connected": false,
    "type": "110-punch",
    "color": "",
    "positions": 1
  }
},
{
  "model": "dcim.rearport",
  "pk": 21,
  "fields": {
    "created": "2022-12-22T12:08:11.299Z",
    "last_updated": "2022-12-22T12:08:11.299Z",
    "custom_field_data": {},
    "device": 3,
    "name": "21",
    "_name": "00000021",
    "label": "",
    "description": "",
    "module": null,
    "cable": null,
    "cable_end": "",
    "mark_connected": false,
    "type": "110-punch",
    "color": "",
    "positions": 1
  }
},
{
  "model": "dcim.rearport",
  "pk": 22,
  "fields": {
    "created": "2022-12-22T12:08:11.299Z",
    "last_updated": "2022-12-22T12:08:11.299Z",
    "custom_field_data": {},
    "device": 3,
    "name": "22",
    "_name": "00000022",
    "label": "",
    "description": "",
    "module": null,
    "cable": null,
    "cable_end": "",
    "mark_connected": false,
    "type": "110-punch",
    "color": "",
    "positions": 1
  }
},
{
  "model": "dcim.rearport",
  "pk": 23,
  "fields": {
    "created": "2022-12-22T12:08:11.300Z",
    "last_updated": "2022-12-22T12:08:11.300Z",
    "custom_field_data": {},
    "device": 3,
    "name": "23",
    "_name": "00000023",
    "label": "",
    "description": "",
    "module": null,
    "cable": null,
    "cable_end": "",
    "mark_connected": false,
    "type": "110-punch",
    "color": "",
    "positions": 1
  }
},
{
  "model": "dcim.rearport",
  "pk": 24,
  "fields": {
    "created": "2022-12-22T12:08:11.300Z",
    "last_updated": "2022-12-22T12:08:11.300Z",
    "custom_field_data": {},
    "device": 3,
    "name": "24",
    "_name": "00000024",
    "label": "",
    "description": "",
    "module": null,
    "cable": null,
    "cable_end": "",
    "mark_connected": false,
    "type": "110-punch",
    "color": "",
    "positions": 1
  }
},
{
  "model": "dcim.rearport",
  "pk": 25,
  "fields": {
    "created": "2022-12-22T12:08:11.300Z",
    "last_updated": "2022-12-22T12:08:11.300Z",
    "custom_field_data": {},
    "device": 3,
    "name": "25",
    "_name": "00000025",
    "label": "",
    "description": "",
    "module": null,
    "cable": null,
    "cable_end": "",
    "mark_connected": false,
    "type": "110-punch",
    "color": "",
    "positions": 1
  }
},
{
  "model": "dcim.rearport",
  "pk": 26,
  "fields": {
    "created": "2022-12-22T12:08:11.300Z",
    "last_updated": "2022-12-22T12:08:11.300Z",
    "custom_field_data": {},
    "device": 3,
    "name": "26",
    "_name": "00000026",
    "label": "",
    "description": "",
    "module": null,
    "cable": null,
    "cable_end": "",
    "mark_connected": false,
    "type": "110-punch",
    "color": "",
    "positions": 1
  }
},
{
  "model": "dcim.rearport",
  "pk": 27,
  "fields": {
    "created": "2022-12-22T12:08:11.300Z",
    "last_updated": "2022-12-22T12:08:11.300Z",
    "custom_field_data": {},
    "device": 3,
    "name": "27",
    "_name": "00000027",
    "label": "",
    "description": "",
    "module": null,
    "cable": null,
    "cable_end": "",
    "mark_connected": false,
    "type": "110-punch",
    "color": "",
    "positions": 1
  }
},
{
  "model": "dcim.rearport",
  "pk": 28,
  "fields": {
    "created": "2022-12-22T12:08:11.300Z",
    "last_updated": "2022-12-22T12:08:11.300Z",
    "custom_field_data": {},
    "device": 3,
    "name": "28",
    "_name": "00000028",
    "label": "",
    "description": "",
    "module": null,
    "cable": null,
    "cable_end": "",
    "mark_connected": false,
    "type": "110-punch",
    "color": "",
    "positions": 1
  }
},
{
  "model": "dcim.rearport",
  "pk": 29,
  "fields": {
    "created": "2022-12-22T12:08:11.300Z",
    "last_updated": "2022-12-22T12:08:11.300Z",
    "custom_field_data": {},
    "device": 3,
    "name": "29",
    "_name": "00000029",
    "label": "",
    "description": "",
    "module": null,
    "cable": null,
    "cable_end": "",
    "mark_connected": false,
    "type": "110-punch",
    "color": "",
    "positions": 1
  }
},
{
  "model": "dcim.rearport",
  "pk": 30,
  "fields": {
    "created": "2022-12-22T12:08:11.300Z",
    "last_updated": "2022-12-22T12:08:11.300Z",
    "custom_field_data": {},
    "device": 3,
    "name": "30",
    "_name": "00000030",
    "label": "",
    "description": "",
    "module": null,
    "cable": null,
    "cable_end": "",
    "mark_connected": false,
    "type": "110-punch",
    "color": "",
    "positions": 1
  }
},
{
  "model": "dcim.rearport",
  "pk": 31,
  "fields": {
    "created": "2022-12-22T12:08:11.300Z",
    "last_updated": "2022-12-22T12:08:11.300Z",
    "custom_field_data": {},
    "device": 3,
    "name": "31",
    "_name": "00000031",
    "label": "",
    "description": "",
    "module": null,
    "cable": null,
    "cable_end": "",
    "mark_connected": false,
    "type": "110-punch",
    "color": "",
    "positions": 1
  }
},
{
  "model": "dcim.rearport",
  "pk": 32,
  "fields": {
    "created": "2022-12-22T12:08:11.300Z",
    "last_updated": "2022-12-22T12:08:11.300Z",
    "custom_field_data": {},
    "device": 3,
    "name": "32",
    "_name": "00000032",
    "label": "",
    "description": "",
    "module": null,
    "cable": null,
    "cable_end": "",
    "mark_connected": false,
    "type": "110-punch",
    "color": "",
    "positions": 1
  }
},
{
  "model": "dcim.rearport",
  "pk": 33,
  "fields": {
    "created": "2022-12-22T12:08:11.300Z",
    "last_updated": "2022-12-22T12:08:11.300Z",
    "custom_field_data": {},
    "device": 3,
    "name": "33",
    "_name": "00000033",
    "label": "",
    "description": "",
    "module": null,
    "cable": null,
    "cable_end": "",
    "mark_connected": false,
    "type": "110-punch",
    "color": "",
    "positions": 1
  }
},
{
  "model": "dcim.rearport",
  "pk": 34,
  "fields": {
    "created": "2022-12-22T12:08:11.300Z",
    "last_updated": "2022-12-22T12:08:11.300Z",
    "custom_field_data": {},
    "device": 3,
    "name": "34",
    "_name": "00000034",
    "label": "",
    "description": "",
    "module": null,
    "cable": null,
    "cable_end": "",
    "mark_connected": false,
    "type": "110-punch",
    "color": "",
    "positions": 1
  }
},
{
  "model": "dcim.rearport",
  "pk": 35,
  "fields": {
    "created": "2022-12-22T12:08:11.300Z",
    "last_updated": "2022-12-22T12:08:11.300Z",
    "custom_field_data": {},
    "device": 3,
    "name": "35",
    "_name": "00000035",
    "label": "",
    "description": "",
    "module": null,
    "cable": null,
    "cable_end": "",
    "mark_connected": false,
    "type": "110-punch",
    "color": "",
    "positions": 1
  }
},
{
  "model": "dcim.rearport",
  "pk": 36,
  "fields": {
    "created": "2022-12-22T12:08:11.300Z",
    "last_updated": "2022-12-22T12:08:11.300Z",
    "custom_field_data": {},
    "device": 3,
    "name": "36",
    "_name": "00000036",
    "label": "",
    "description": "",
    "module": null,
    "cable": null,
    "cable_end": "",
    "mark_connected": false,
    "type": "110-punch",
    "color": "",
    "positions": 1
  }
},
{
  "model": "dcim.rearport",
  "pk": 37,
  "fields": {
    "created": "2022-12-22T12:08:11.300Z",
    "last_updated": "2022-12-22T12:08:11.300Z",
    "custom_field_data": {},
    "device": 3,
    "name": "37",
    "_name": "00000037",
    "label": "",
    "description": "",
    "module": null,
    "cable": null,
    "cable_end": "",
    "mark_connected": false,
    "type": "110-punch",
    "color": "",
    "positions": 1
  }
},
{
  "model": "dcim.rearport",
  "pk": 38,
  "fields": {
    "created": "2022-12-22T12:08:11.300Z",
    "last_updated": "2022-12-22T12:08:11.300Z",
    "custom_field_data": {},
    "device": 3,
    "name": "38",
    "_name": "00000038",
    "label": "",
    "description": "",
    "module": null,
    "cable": null,
    "cable_end": "",
    "mark_connected": false,
    "type": "110-punch",
    "color": "",
    "positions": 1
  }
},
{
  "model": "dcim.rearport",
  "pk": 39,
  "fields": {
    "created": "2022-12-22T12:08:11.300Z",
    "last_updated": "2022-12-22T12:08:11.300Z",
    "custom_field_data": {},
    "device": 3,
    "name": "39",
    "_name": "00000039",
    "label": "",
    "description": "",
    "module": null,
    "cable": null,
    "cable_end": "",
    "mark_connected": false,
    "type": "110-punch",
    "color": "",
    "positions": 1
  }
},
{
  "model": "dcim.rearport",
  "pk": 40,
  "fields": {
    "created": "2022-12-22T12:08:11.300Z",
    "last_updated": "2022-12-22T12:08:11.300Z",
    "custom_field_data": {},
    "device": 3,
    "name": "40",
    "_name": "00000040",
    "label": "",
    "description": "",
    "module": null,
    "cable": null,
    "cable_end": "",
    "mark_connected": false,
    "type": "110-punch",
    "color": "",
    "positions": 1
  }
},
{
  "model": "dcim.rearport",
  "pk": 41,
  "fields": {
    "created": "2022-12-22T12:08:11.300Z",
    "last_updated": "2022-12-22T12:08:11.300Z",
    "custom_field_data": {},
    "device": 3,
    "name": "41",
    "_name": "00000041",
    "label": "",
    "description": "",
    "module": null,
    "cable": null,
    "cable_end": "",
    "mark_connected": false,
    "type": "110-punch",
    "color": "",
    "positions": 1
  }
},
{
  "model": "dcim.rearport",
  "pk": 42,
  "fields": {
    "created": "2022-12-22T12:08:11.300Z",
    "last_updated": "2022-12-22T12:08:11.300Z",
    "custom_field_data": {},
    "device": 3,
    "name": "42",
    "_name": "00000042",
    "label": "",
    "description": "",
    "module": null,
    "cable": null,
    "cable_end": "",
    "mark_connected": false,
    "type": "110-punch",
    "color": "",
    "positions": 1
  }
},
{
  "model": "dcim.rearport",
  "pk": 43,
  "fields": {
    "created": "2022-12-22T12:08:11.300Z",
    "last_updated": "2022-12-22T12:08:11.300Z",
    "custom_field_data": {},
    "device": 3,
    "name": "43",
    "_name": "00000043",
    "label": "",
    "description": "",
    "module": null,
    "cable": null,
    "cable_end": "",
    "mark_connected": false,
    "type": "110-punch",
    "color": "",
    "positions": 1
  }
},
{
  "model": "dcim.rearport",
  "pk": 44,
  "fields": {
    "created": "2022-12-22T12:08:11.300Z",
    "last_updated": "2022-12-22T12:08:11.300Z",
    "custom_field_data": {},
    "device": 3,
    "name": "44",
    "_name": "00000044",
    "label": "",
    "description": "",
    "module": null,
    "cable": null,
    "cable_end": "",
    "mark_connected": false,
    "type": "110-punch",
    "color": "",
    "positions": 1
  }
},
{
  "model": "dcim.rearport",
  "pk": 45,
  "fields": {
    "created": "2022-12-22T12:08:11.300Z",
    "last_updated": "2022-12-22T12:08:11.300Z",
    "custom_field_data": {},
    "device": 3,
    "name": "45",
    "_name": "00000045",
    "label": "",
    "description": "",
    "module": null,
    "cable": null,
    "cable_end": "",
    "mark_connected": false,
    "type": "110-punch",
    "color": "",
    "positions": 1
  }
},
{
  "model": "dcim.rearport",
  "pk": 46,
  "fields": {
    "created": "2022-12-22T12:08:11.300Z",
    "last_updated": "2022-12-22T12:08:11.300Z",
    "custom_field_data": {},
    "device": 3,
    "name": "46",
    "_name": "00000046",
    "label": "",
    "description": "",
    "module": null,
    "cable": null,
    "cable_end": "",
    "mark_connected": false,
    "type": "110-punch",
    "color": "",
    "positions": 1
  }
},
{
  "model": "dcim.rearport",
  "pk": 47,
  "fields": {
    "created": "2022-12-22T12:08:11.300Z",
    "last_updated": "2022-12-22T12:08:11.300Z",
    "custom_field_data": {},
    "device": 3,
    "name": "47",
    "_name": "00000047",
    "label": "",
    "description": "",
    "module": null,
    "cable": null,
    "cable_end": "",
    "mark_connected": false,
    "type": "110-punch",
    "color": "",
    "positions": 1
  }
},
{
  "model": "dcim.rearport",
  "pk": 48,
  "fields": {
    "created": "2022-12-22T12:08:11.300Z",
    "last_updated": "2022-12-22T12:08:11.300Z",
    "custom_field_data": {},
    "device": 3,
    "name": "48",
    "_name": "00000048",
    "label": "",
    "description": "",
    "module": null,
    "cable": null,
    "cable_end": "",
    "mark_connected": false,
    "type": "110-punch",
    "color": "",
    "positions": 1
  }
},
{
  "model": "dcim.modulebay",
  "pk": 1,
  "fields": {
    "created": "2022-12-22T12:08:11.250Z",
    "last_updated": "2022-12-22T12:08:11.250Z",
    "custom_field_data": {},
    "device": 2,
    "name": "Front Expansion Module",
    "_name": "Front Expansion Module",
    "label": "",
    "description": "",
    "position": "2"
  }
},
{
  "model": "dcim.modulebay",
  "pk": 72,
  "fields": {
    "created": "2023-08-09T10:00:53.739Z",
    "last_updated": "2023-08-09T10:00:53.739Z",
    "custom_field_data": {},
    "device": 141,
    "name": "Network Module",
    "_name": "Network Module",
    "label": "",
    "description": "",
    "position": "1"
  }
},
{
  "model": "dcim.modulebay",
  "pk": 73,
  "fields": {
    "created": "2023-08-09T10:00:53.739Z",
    "last_updated": "2023-08-09T10:00:53.739Z",
    "custom_field_data": {},
    "device": 141,
    "name": "StackPort1/1",
    "_name": "StackPort00000001/00000001",
    "label": "",
    "description": "",
    "position": "1/1"
  }
},
{
  "model": "dcim.modulebay",
  "pk": 74,
  "fields": {
    "created": "2023-08-09T10:00:53.739Z",
    "last_updated": "2023-08-09T10:00:53.739Z",
    "custom_field_data": {},
    "device": 141,
    "name": "StackPort1/2",
    "_name": "StackPort00000001/00000002",
    "label": "",
    "description": "",
    "position": "1/2"
  }
},
{
  "model": "dcim.cable",
  "pk": 1,
  "fields": {
    "created": "2022-12-22T13:14:29.595Z",
    "last_updated": "2023-07-27T10:26:46.081Z",
    "custom_field_data": {},
    "description": "",
    "comments": "",
    "type": "cat6",
    "status": "connected",
    "tenant": 5,
    "label": "",
    "color": "ff0000",
    "length": "0.50",
    "length_unit": "m",
    "_abs_length": "0.5000"
  }
},
{
  "model": "dcim.cable",
  "pk": 2,
  "fields": {
    "created": "2022-12-22T13:14:29.700Z",
    "last_updated": "2023-07-27T10:26:46.197Z",
    "custom_field_data": {},
    "description": "",
    "comments": "",
    "type": "cat6",
    "status": "connected",
    "tenant": 5,
    "label": "",
    "color": "ff0000",
    "length": "0.50",
    "length_unit": "m",
    "_abs_length": "0.5000"
  }
},
{
  "model": "dcim.cable",
  "pk": 3,
  "fields": {
    "created": "2022-12-22T13:14:29.797Z",
    "last_updated": "2023-07-27T10:26:46.281Z",
    "custom_field_data": {},
    "description": "",
    "comments": "",
    "type": "cat6",
    "status": "connected",
    "tenant": 5,
    "label": "",
    "color": "ff0000",
    "length": "0.50",
    "length_unit": "m",
    "_abs_length": "0.5000"
  }
},
{
  "model": "dcim.cable",
  "pk": 4,
  "fields": {
    "created": "2022-12-22T13:14:29.909Z",
    "last_updated": "2023-07-27T10:26:46.365Z",
    "custom_field_data": {},
    "description": "",
    "comments": "",
    "type": "cat6",
    "status": "connected",
    "tenant": 5,
    "label": "",
    "color": "4287f5",
    "length": "1.00",
    "length_unit": "m",
    "_abs_length": "1.0000"
  }
},
{
  "model": "dcim.cable",
  "pk": 5,
  "fields": {
    "created": "2022-12-22T13:14:30.021Z",
    "last_updated": "2023-07-27T10:26:46.469Z",
    "custom_field_data": {},
    "description": "",
    "comments": "",
    "type": "cat6",
    "status": "connected",
    "tenant": 5,
    "label": "",
    "color": "4287f5",
    "length": "1.00",
    "length_unit": "m",
    "_abs_length": "1.0000"
  }
},
{
  "model": "dcim.cable",
  "pk": 6,
  "fields": {
    "created": "2022-12-22T13:14:30.128Z",
    "last_updated": "2023-07-27T10:26:46.568Z",
    "custom_field_data": {},
    "description": "",
    "comments": "",
    "type": "cat6",
    "status": "connected",
    "tenant": 5,
    "label": "",
    "color": "ce42f5",
    "length": "0.50",
    "length_unit": "m",
    "_abs_length": "0.5000"
  }
},
{
  "model": "dcim.cable",
  "pk": 7,
  "fields": {
    "created": "2022-12-22T13:14:30.280Z",
    "last_updated": "2023-07-27T10:26:46.634Z",
    "custom_field_data": {},
    "description": "",
    "comments": "",
    "type": "cat6",
    "status": "connected",
    "tenant": 5,
    "label": "",
    "color": "ce42f5",
    "length": "0.50",
    "length_unit": "m",
    "_abs_length": "0.5000"
  }
},
{
  "model": "dcim.cable",
  "pk": 8,
  "fields": {
    "created": "2022-12-22T13:14:30.407Z",
    "last_updated": "2023-07-27T10:26:46.696Z",
    "custom_field_data": {},
    "description": "",
    "comments": "",
    "type": "cat6",
    "status": "connected",
    "tenant": 5,
    "label": "",
    "color": "ce42f5",
    "length": "0.50",
    "length_unit": "m",
    "_abs_length": "0.5000"
  }
},
{
  "model": "dcim.cable",
  "pk": 9,
  "fields": {
    "created": "2022-12-22T13:14:30.530Z",
    "last_updated": "2023-07-27T10:26:46.759Z",
    "custom_field_data": {},
    "description": "",
    "comments": "",
    "type": "cat6",
    "status": "connected",
    "tenant": 5,
    "label": "",
    "color": "ce42f5",
    "length": "0.50",
    "length_unit": "m",
    "_abs_length": "0.5000"
  }
},
{
  "model": "dcim.cable",
  "pk": 10,
  "fields": {
    "created": "2022-12-22T13:14:30.673Z",
    "last_updated": "2023-07-27T10:26:46.822Z",
    "custom_field_data": {},
    "description": "",
    "comments": "",
    "type": "cat6",
    "status": "connected",
    "tenant": 5,
    "label": "",
    "color": "ce42f5",
    "length": "0.50",
    "length_unit": "m",
    "_abs_length": "0.5000"
  }
},
{
  "model": "dcim.cable",
  "pk": 11,
  "fields": {
    "created": "2022-12-22T13:14:30.807Z",
    "last_updated": "2023-07-27T10:26:46.888Z",
    "custom_field_data": {},
    "description": "",
    "comments": "",
    "type": "cat6",
    "status": "connected",
    "tenant": 5,
    "label": "",
    "color": "ce42f5",
    "length": "0.50",
    "length_unit": "m",
    "_abs_length": "0.5000"
  }
},
{
  "model": "dcim.cable",
  "pk": 12,
  "fields": {
    "created": "2022-12-22T13:14:30.972Z",
    "last_updated": "2023-07-27T10:26:46.950Z",
    "custom_field_data": {},
    "description": "",
    "comments": "",
    "type": "cat6",
    "status": "connected",
    "tenant": 5,
    "label": "",
    "color": "ce42f5",
    "length": "0.50",
    "length_unit": "m",
    "_abs_length": "0.5000"
  }
},
{
  "model": "dcim.cable",
  "pk": 13,
  "fields": {
    "created": "2022-12-22T13:14:31.120Z",
    "last_updated": "2023-07-27T10:26:47.040Z",
    "custom_field_data": {},
    "description": "",
    "comments": "",
    "type": "cat6",
    "status": "connected",
    "tenant": 5,
    "label": "",
    "color": "ce42f5",
    "length": "0.50",
    "length_unit": "m",
    "_abs_length": "0.5000"
  }
},
{
  "model": "dcim.cable",
  "pk": 14,
  "fields": {
    "created": "2022-12-22T13:14:31.264Z",
    "last_updated": "2023-07-27T10:26:47.120Z",
    "custom_field_data": {},
    "description": "",
    "comments": "",
    "type": "cat6",
    "status": "connected",
    "tenant": 5,
    "label": "",
    "color": "ce42f5",
    "length": "0.50",
    "length_unit": "m",
    "_abs_length": "0.5000"
  }
},
{
  "model": "dcim.cable",
  "pk": 15,
  "fields": {
    "created": "2022-12-22T13:14:31.405Z",
    "last_updated": "2023-07-27T10:26:47.186Z",
    "custom_field_data": {},
    "description": "",
    "comments": "",
    "type": "cat6",
    "status": "connected",
    "tenant": 5,
    "label": "",
    "color": "ce42f5",
    "length": "0.50",
    "length_unit": "m",
    "_abs_length": "0.5000"
  }
},
{
  "model": "dcim.cable",
  "pk": 16,
  "fields": {
    "created": "2022-12-22T13:14:31.533Z",
    "last_updated": "2023-07-27T10:26:47.250Z",
    "custom_field_data": {},
    "description": "",
    "comments": "",
    "type": "cat6",
    "status": "connected",
    "tenant": 5,
    "label": "",
    "color": "ce42f5",
    "length": "0.50",
    "length_unit": "m",
    "_abs_length": "0.5000"
  }
},
{
  "model": "dcim.cable",
  "pk": 17,
  "fields": {
    "created": "2022-12-22T13:14:31.666Z",
    "last_updated": "2023-07-27T10:26:47.344Z",
    "custom_field_data": {},
    "description": "",
    "comments": "",
    "type": "cat6",
    "status": "connected",
    "tenant": 5,
    "label": "",
    "color": "ce42f5",
    "length": "0.50",
    "length_unit": "m",
    "_abs_length": "0.5000"
  }
},
{
  "model": "dcim.cable",
  "pk": 18,
  "fields": {
    "created": "2022-12-22T13:14:31.808Z",
    "last_updated": "2023-07-27T10:26:47.406Z",
    "custom_field_data": {},
    "description": "",
    "comments": "",
    "type": "cat6",
    "status": "connected",
    "tenant": 5,
    "label": "",
    "color": "ce42f5",
    "length": "0.50",
    "length_unit": "m",
    "_abs_length": "0.5000"
  }
},
{
  "model": "dcim.cable",
  "pk": 19,
  "fields": {
    "created": "2022-12-22T13:14:31.949Z",
    "last_updated": "2023-07-27T10:26:47.470Z",
    "custom_field_data": {},
    "description": "",
    "comments": "",
    "type": "cat6",
    "status": "connected",
    "tenant": 5,
    "label": "",
    "color": "ce42f5",
    "length": "0.50",
    "length_unit": "m",
    "_abs_length": "0.5000"
  }
},
{
  "model": "dcim.cable",
  "pk": 20,
  "fields": {
    "created": "2022-12-22T13:14:32.087Z",
    "last_updated": "2023-07-27T10:26:47.535Z",
    "custom_field_data": {},
    "description": "",
    "comments": "",
    "type": "cat6",
    "status": "connected",
    "tenant": 5,
    "label": "",
    "color": "ce42f5",
    "length": "0.50",
    "length_unit": "m",
    "_abs_length": "0.5000"
  }
},
{
  "model": "dcim.cable",
  "pk": 21,
  "fields": {
    "created": "2022-12-22T13:14:32.216Z",
    "last_updated": "2023-07-27T10:26:47.600Z",
    "custom_field_data": {},
    "description": "",
    "comments": "",
    "type": "cat6",
    "status": "connected",
    "tenant": 5,
    "label": "",
    "color": "ce42f5",
    "length": "0.50",
    "length_unit": "m",
    "_abs_length": "0.5000"
  }
},
{
  "model": "dcim.cable",
  "pk": 22,
  "fields": {
    "created": "2022-12-22T13:14:32.340Z",
    "last_updated": "2023-07-27T10:26:47.663Z",
    "custom_field_data": {},
    "description": "",
    "comments": "",
    "type": "cat6",
    "status": "connected",
    "tenant": 5,
    "label": "",
    "color": "ce42f5",
    "length": "0.50",
    "length_unit": "m",
    "_abs_length": "0.5000"
  }
},
{
  "model": "dcim.cable",
  "pk": 23,
  "fields": {
    "created": "2022-12-22T13:14:32.478Z",
    "last_updated": "2023-07-27T10:26:47.725Z",
    "custom_field_data": {},
    "description": "",
    "comments": "",
    "type": "cat6",
    "status": "connected",
    "tenant": 5,
    "label": "",
    "color": "ce42f5",
    "length": "0.50",
    "length_unit": "m",
    "_abs_length": "0.5000"
  }
},
{
  "model": "dcim.cable",
  "pk": 24,
  "fields": {
    "created": "2022-12-22T13:49:10.316Z",
    "last_updated": "2023-07-27T10:26:47.786Z",
    "custom_field_data": {},
    "description": "",
    "comments": "",
    "type": "cat6",
    "status": "connected",
    "tenant": 5,
    "label": "",
    "color": "4287f5",
    "length": "2.00",
    "length_unit": "m",
    "_abs_length": "2.0000"
  }
},
{
  "model": "dcim.cable",
  "pk": 25,
  "fields": {
    "created": "2022-12-22T13:49:10.427Z",
    "last_updated": "2023-07-27T10:26:47.866Z",
    "custom_field_data": {},
    "description": "",
    "comments": "",
    "type": "cat6",
    "status": "connected",
    "tenant": 5,
    "label": "",
    "color": "00ff00",
    "length": "2.00",
    "length_unit": "m",
    "_abs_length": "2.0000"
  }
},
{
  "model": "dcim.cable",
  "pk": 26,
  "fields": {
    "created": "2022-12-22T13:49:10.525Z",
    "last_updated": "2023-07-27T10:26:47.945Z",
    "custom_field_data": {},
    "description": "",
    "comments": "",
    "type": "cat6",
    "status": "connected",
    "tenant": 5,
    "label": "",
    "color": "00ff00",
    "length": "2.00",
    "length_unit": "m",
    "_abs_length": "2.0000"
  }
},
{
  "model": "dcim.cable",
  "pk": 27,
  "fields": {
    "created": "2022-12-22T13:49:10.622Z",
    "last_updated": "2023-07-27T10:26:48.076Z",
    "custom_field_data": {},
    "description": "",
    "comments": "",
    "type": "cat6",
    "status": "connected",
    "tenant": 5,
    "label": "",
    "color": "4287f5",
    "length": "2.00",
    "length_unit": "m",
    "_abs_length": "2.0000"
  }
},
{
  "model": "dcim.cable",
  "pk": 28,
  "fields": {
    "created": "2022-12-22T13:49:10.718Z",
    "last_updated": "2023-07-27T10:26:48.166Z",
    "custom_field_data": {},
    "description": "",
    "comments": "",
    "type": "cat6",
    "status": "connected",
    "tenant": 5,
    "label": "",
    "color": "00ff00",
    "length": "2.00",
    "length_unit": "m",
    "_abs_length": "2.0000"
  }
},
{
  "model": "dcim.cable",
  "pk": 29,
  "fields": {
    "created": "2022-12-22T13:49:11.031Z",
    "last_updated": "2023-07-27T10:26:48.249Z",
    "custom_field_data": {},
    "description": "",
    "comments": "",
    "type": "cat6",
    "status": "connected",
    "tenant": 5,
    "label": "",
    "color": "00ff00",
    "length": "2.00",
    "length_unit": "m",
    "_abs_length": "2.0000"
  }
},
{
  "model": "dcim.cable",
  "pk": 30,
  "fields": {
    "created": "2022-12-22T15:09:24.578Z",
    "last_updated": "2023-07-27T10:26:48.337Z",
    "custom_field_data": {},
    "description": "",
    "comments": "",
    "type": "power",
    "status": "connected",
    "tenant": 5,
    "label": "",
    "color": "",
    "length": null,
    "length_unit": "",
    "_abs_length": null
  }
},
{
  "model": "dcim.cable",
  "pk": 31,
  "fields": {
    "created": "2022-12-22T15:09:24.717Z",
    "last_updated": "2023-07-27T10:26:48.365Z",
    "custom_field_data": {},
    "description": "",
    "comments": "",
    "type": "power",
    "status": "connected",
    "tenant": 5,
    "label": "",
    "color": "",
    "length": null,
    "length_unit": "",
    "_abs_length": null
  }
},
{
  "model": "dcim.cable",
  "pk": 32,
  "fields": {
    "created": "2022-12-22T15:09:24.852Z",
    "last_updated": "2023-07-27T10:26:48.394Z",
    "custom_field_data": {},
    "description": "",
    "comments": "",
    "type": "power",
    "status": "connected",
    "tenant": 5,
    "label": "",
    "color": "",
    "length": null,
    "length_unit": "",
    "_abs_length": null
  }
},
{
  "model": "dcim.cable",
  "pk": 33,
  "fields": {
    "created": "2022-12-22T15:09:24.973Z",
    "last_updated": "2023-07-27T10:26:48.421Z",
    "custom_field_data": {},
    "description": "",
    "comments": "",
    "type": "power",
    "status": "connected",
    "tenant": 5,
    "label": "",
    "color": "",
    "length": null,
    "length_unit": "",
    "_abs_length": null
  }
},
{
  "model": "dcim.cable",
  "pk": 34,
  "fields": {
    "created": "2022-12-22T15:09:25.088Z",
    "last_updated": "2023-07-27T10:26:48.449Z",
    "custom_field_data": {},
    "description": "",
    "comments": "",
    "type": "power",
    "status": "connected",
    "tenant": 5,
    "label": "",
    "color": "",
    "length": null,
    "length_unit": "",
    "_abs_length": null
  }
},
{
  "model": "dcim.cable",
  "pk": 35,
  "fields": {
    "created": "2022-12-22T15:09:25.199Z",
    "last_updated": "2023-07-27T10:26:48.479Z",
    "custom_field_data": {},
    "description": "",
    "comments": "",
    "type": "power",
    "status": "connected",
    "tenant": 5,
    "label": "",
    "color": "",
    "length": null,
    "length_unit": "",
    "_abs_length": null
  }
},
{
  "model": "dcim.cable",
  "pk": 36,
  "fields": {
    "created": "2022-12-22T15:09:25.309Z",
    "last_updated": "2023-07-27T10:26:48.510Z",
    "custom_field_data": {},
    "description": "",
    "comments": "",
    "type": "power",
    "status": "connected",
    "tenant": 5,
    "label": "",
    "color": "",
    "length": null,
    "length_unit": "",
    "_abs_length": null
  }
},
{
  "model": "dcim.cable",
  "pk": 37,
  "fields": {
    "created": "2022-12-22T15:09:25.411Z",
    "last_updated": "2023-07-27T10:26:48.536Z",
    "custom_field_data": {},
    "description": "",
    "comments": "",
    "type": "power",
    "status": "connected",
    "tenant": 5,
    "label": "",
    "color": "",
    "length": null,
    "length_unit": "",
    "_abs_length": null
  }
},
{
  "model": "dcim.cable",
  "pk": 38,
  "fields": {
    "created": "2023-07-26T12:39:09.335Z",
    "last_updated": "2023-07-27T10:26:48.563Z",
    "custom_field_data": {},
    "description": "",
    "comments": "",
    "type": "",
    "status": "connected",
    "tenant": null,
    "label": "",
    "color": "",
    "length": null,
    "length_unit": "",
    "_abs_length": null
  }
},
{
  "model": "dcim.cable",
  "pk": 71,
  "fields": {
    "created": "2023-07-31T10:45:59.066Z",
    "last_updated": "2023-07-31T10:45:59.066Z",
    "custom_field_data": {},
    "description": "",
    "comments": "",
    "type": "cat6",
    "status": "connected",
    "tenant": null,
    "label": "",
    "color": "ffeb3b",
    "length": null,
    "length_unit": "",
    "_abs_length": null
  }
},
{
  "model": "dcim.cable",
  "pk": 72,
  "fields": {
    "created": "2023-07-31T10:47:02.911Z",
    "last_updated": "2023-07-31T10:47:02.911Z",
    "custom_field_data": {},
    "description": "",
    "comments": "",
    "type": "cat6",
    "status": "connected",
    "tenant": null,
    "label": "",
    "color": "ffeb3b",
    "length": null,
    "length_unit": "",
    "_abs_length": null
  }
},
{
  "model": "dcim.cable",
  "pk": 73,
  "fields": {
    "created": "2023-07-31T10:59:43.348Z",
    "last_updated": "2023-07-31T10:59:43.348Z",
    "custom_field_data": {},
    "description": "",
    "comments": "",
    "type": "",
    "status": "connected",
    "tenant": null,
    "label": "",
    "color": "",
    "length": null,
    "length_unit": "",
    "_abs_length": null
  }
},
{
  "model": "dcim.cable",
  "pk": 74,
  "fields": {
    "created": "2023-07-31T11:00:12.487Z",
    "last_updated": "2023-07-31T11:00:12.487Z",
    "custom_field_data": {},
    "description": "",
    "comments": "",
    "type": "",
    "status": "connected",
    "tenant": null,
    "label": "",
    "color": "",
    "length": null,
    "length_unit": "",
    "_abs_length": null
  }
},
{
  "model": "dcim.cabletermination",
  "pk": 1,
  "fields": {
    "created": "2023-06-21T15:45:17.671Z",
    "last_updated": "2023-06-21T15:45:17.769Z",
    "cable": 1,
    "cable_end": "A",
    "termination_type": [
      "dcim",
      "interface"
    ],
    "termination_id": 3,
    "_device": 1,
    "_rack": 1,
    "_location": 1,
    "_site": 1
  }
},
{
  "model": "dcim.cabletermination",
  "pk": 2,
  "fields": {
    "created": "2023-06-21T15:45:17.671Z",
    "last_updated": "2023-06-21T15:45:17.769Z",
    "cable": 1,
    "cable_end": "B",
    "termination_type": [
      "dcim",
      "interface"
    ],
    "termination_id": 51,
    "_device": 2,
    "_rack": 1,
    "_location": 1,
    "_site": 1
  }
},
{
  "model": "dcim.cabletermination",
  "pk": 3,
  "fields": {
    "created": "2023-06-21T15:45:17.671Z",
    "last_updated": "2023-06-21T15:45:17.769Z",
    "cable": 2,
    "cable_end": "A",
    "termination_type": [
      "dcim",
      "interface"
    ],
    "termination_id": 1,
    "_device": 1,
    "_rack": 1,
    "_location": 1,
    "_site": 1
  }
},
{
  "model": "dcim.cabletermination",
  "pk": 4,
  "fields": {
    "created": "2023-06-21T15:45:17.671Z",
    "last_updated": "2023-06-21T15:45:17.769Z",
    "cable": 2,
    "cable_end": "B",
    "termination_type": [
      "dcim",
      "interface"
    ],
    "termination_id": 4,
    "_device": 2,
    "_rack": 1,
    "_location": 1,
    "_site": 1
  }
},
{
  "model": "dcim.cabletermination",
  "pk": 5,
  "fields": {
    "created": "2023-06-21T15:45:17.671Z",
    "last_updated": "2023-06-21T15:45:17.769Z",
    "cable": 3,
    "cable_end": "A",
    "termination_type": [
      "dcim",
      "interface"
    ],
    "termination_id": 57,
    "_device": 4,
    "_rack": 1,
    "_location": 1,
    "_site": 1
  }
},
{
  "model": "dcim.cabletermination",
  "pk": 6,
  "fields": {
    "created": "2023-06-21T15:45:17.671Z",
    "last_updated": "2023-06-21T15:45:17.769Z",
    "cable": 3,
    "cable_end": "B",
    "termination_type": [
      "dcim",
      "interface"
    ],
    "termination_id": 50,
    "_device": 2,
    "_rack": 1,
    "_location": 1,
    "_site": 1
  }
},
{
  "model": "dcim.cabletermination",
  "pk": 7,
  "fields": {
    "created": "2023-06-21T15:45:17.671Z",
    "last_updated": "2023-06-21T15:45:17.769Z",
    "cable": 4,
    "cable_end": "A",
    "termination_type": [
      "dcim",
      "consoleport"
    ],
    "termination_id": 1,
    "_device": 1,
    "_rack": 1,
    "_location": 1,
    "_site": 1
  }
},
{
  "model": "dcim.cabletermination",
  "pk": 8,
  "fields": {
    "created": "2023-06-21T15:45:17.671Z",
    "last_updated": "2023-06-21T15:45:17.769Z",
    "cable": 4,
    "cable_end": "B",
    "termination_type": [
      "dcim",
      "consoleserverport"
    ],
    "termination_id": 1,
    "_device": 4,
    "_rack": 1,
    "_location": 1,
    "_site": 1
  }
},
{
  "model": "dcim.cabletermination",
  "pk": 9,
  "fields": {
    "created": "2023-06-21T15:45:17.671Z",
    "last_updated": "2023-06-21T15:45:17.769Z",
    "cable": 5,
    "cable_end": "A",
    "termination_type": [
      "dcim",
      "consoleport"
    ],
    "termination_id": 3,
    "_device": 2,
    "_rack": 1,
    "_location": 1,
    "_site": 1
  }
},
{
  "model": "dcim.cabletermination",
  "pk": 10,
  "fields": {
    "created": "2023-06-21T15:45:17.671Z",
    "last_updated": "2023-06-21T15:45:17.769Z",
    "cable": 5,
    "cable_end": "B",
    "termination_type": [
      "dcim",
      "consoleserverport"
    ],
    "termination_id": 2,
    "_device": 4,
    "_rack": 1,
    "_location": 1,
    "_site": 1
  }
},
{
  "model": "dcim.cabletermination",
  "pk": 11,
  "fields": {
    "created": "2023-06-21T15:45:17.671Z",
    "last_updated": "2023-06-21T15:45:17.769Z",
    "cable": 6,
    "cable_end": "A",
    "termination_type": [
      "dcim",
      "interface"
    ],
    "termination_id": 14,
    "_device": 2,
    "_rack": 1,
    "_location": 1,
    "_site": 1
  }
},
{
  "model": "dcim.cabletermination",
  "pk": 12,
  "fields": {
    "created": "2023-06-21T15:45:17.671Z",
    "last_updated": "2023-06-21T15:45:17.769Z",
    "cable": 6,
    "cable_end": "B",
    "termination_type": [
      "dcim",
      "frontport"
    ],
    "termination_id": 1,
    "_device": 3,
    "_rack": 1,
    "_location": 1,
    "_site": 1
  }
},
{
  "model": "dcim.cabletermination",
  "pk": 13,
  "fields": {
    "created": "2023-06-21T15:45:17.671Z",
    "last_updated": "2023-06-21T15:45:17.769Z",
    "cable": 7,
    "cable_end": "A",
    "termination_type": [
      "dcim",
      "interface"
    ],
    "termination_id": 15,
    "_device": 2,
    "_rack": 1,
    "_location": 1,
    "_site": 1
  }
},
{
  "model": "dcim.cabletermination",
  "pk": 14,
  "fields": {
    "created": "2023-06-21T15:45:17.671Z",
    "last_updated": "2023-06-21T15:45:17.769Z",
    "cable": 7,
    "cable_end": "B",
    "termination_type": [
      "dcim",
      "frontport"
    ],
    "termination_id": 2,
    "_device": 3,
    "_rack": 1,
    "_location": 1,
    "_site": 1
  }
},
{
  "model": "dcim.cabletermination",
  "pk": 15,
  "fields": {
    "created": "2023-06-21T15:45:17.671Z",
    "last_updated": "2023-06-21T15:45:17.769Z",
    "cable": 8,
    "cable_end": "A",
    "termination_type": [
      "dcim",
      "interface"
    ],
    "termination_id": 16,
    "_device": 2,
    "_rack": 1,
    "_location": 1,
    "_site": 1
  }
},
{
  "model": "dcim.cabletermination",
  "pk": 16,
  "fields": {
    "created": "2023-06-21T15:45:17.671Z",
    "last_updated": "2023-06-21T15:45:17.769Z",
    "cable": 8,
    "cable_end": "B",
    "termination_type": [
      "dcim",
      "frontport"
    ],
    "termination_id": 3,
    "_device": 3,
    "_rack": 1,
    "_location": 1,
    "_site": 1
  }
},
{
  "model": "dcim.cabletermination",
  "pk": 17,
  "fields": {
    "created": "2023-06-21T15:45:17.671Z",
    "last_updated": "2023-06-21T15:45:17.769Z",
    "cable": 9,
    "cable_end": "A",
    "termination_type": [
      "dcim",
      "interface"
    ],
    "termination_id": 17,
    "_device": 2,
    "_rack": 1,
    "_location": 1,
    "_site": 1
  }
},
{
  "model": "dcim.cabletermination",
  "pk": 18,
  "fields": {
    "created": "2023-06-21T15:45:17.671Z",
    "last_updated": "2023-06-21T15:45:17.769Z",
    "cable": 9,
    "cable_end": "B",
    "termination_type": [
      "dcim",
      "frontport"
    ],
    "termination_id": 4,
    "_device": 3,
    "_rack": 1,
    "_location": 1,
    "_site": 1
  }
},
{
  "model": "dcim.cabletermination",
  "pk": 19,
  "fields": {
    "created": "2023-06-21T15:45:17.671Z",
    "last_updated": "2023-06-21T15:45:17.769Z",
    "cable": 10,
    "cable_end": "A",
    "termination_type": [
      "dcim",
      "interface"
    ],
    "termination_id": 18,
    "_device": 2,
    "_rack": 1,
    "_location": 1,
    "_site": 1
  }
},
{
  "model": "dcim.cabletermination",
  "pk": 20,
  "fields": {
    "created": "2023-06-21T15:45:17.671Z",
    "last_updated": "2023-06-21T15:45:17.769Z",
    "cable": 10,
    "cable_end": "B",
    "termination_type": [
      "dcim",
      "frontport"
    ],
    "termination_id": 5,
    "_device": 3,
    "_rack": 1,
    "_location": 1,
    "_site": 1
  }
},
{
  "model": "dcim.cabletermination",
  "pk": 21,
  "fields": {
    "created": "2023-06-21T15:45:17.671Z",
    "last_updated": "2023-06-21T15:45:17.769Z",
    "cable": 11,
    "cable_end": "A",
    "termination_type": [
      "dcim",
      "interface"
    ],
    "termination_id": 19,
    "_device": 2,
    "_rack": 1,
    "_location": 1,
    "_site": 1
  }
},
{
  "model": "dcim.cabletermination",
  "pk": 22,
  "fields": {
    "created": "2023-06-21T15:45:17.671Z",
    "last_updated": "2023-06-21T15:45:17.769Z",
    "cable": 11,
    "cable_end": "B",
    "termination_type": [
      "dcim",
      "frontport"
    ],
    "termination_id": 6,
    "_device": 3,
    "_rack": 1,
    "_location": 1,
    "_site": 1
  }
},
{
  "model": "dcim.cabletermination",
  "pk": 23,
  "fields": {
    "created": "2023-06-21T15:45:17.671Z",
    "last_updated": "2023-06-21T15:45:17.769Z",
    "cable": 12,
    "cable_end": "A",
    "termination_type": [
      "dcim",
      "interface"
    ],
    "termination_id": 20,
    "_device": 2,
    "_rack": 1,
    "_location": 1,
    "_site": 1
  }
},
{
  "model": "dcim.cabletermination",
  "pk": 24,
  "fields": {
    "created": "2023-06-21T15:45:17.671Z",
    "last_updated": "2023-06-21T15:45:17.769Z",
    "cable": 12,
    "cable_end": "B",
    "termination_type": [
      "dcim",
      "frontport"
    ],
    "termination_id": 7,
    "_device": 3,
    "_rack": 1,
    "_location": 1,
    "_site": 1
  }
},
{
  "model": "dcim.cabletermination",
  "pk": 25,
  "fields": {
    "created": "2023-06-21T15:45:17.671Z",
    "last_updated": "2023-06-21T15:45:17.769Z",
    "cable": 13,
    "cable_end": "A",
    "termination_type": [
      "dcim",
      "interface"
    ],
    "termination_id": 21,
    "_device": 2,
    "_rack": 1,
    "_location": 1,
    "_site": 1
  }
},
{
  "model": "dcim.cabletermination",
  "pk": 26,
  "fields": {
    "created": "2023-06-21T15:45:17.671Z",
    "last_updated": "2023-06-21T15:45:17.769Z",
    "cable": 13,
    "cable_end": "B",
    "termination_type": [
      "dcim",
      "frontport"
    ],
    "termination_id": 8,
    "_device": 3,
    "_rack": 1,
    "_location": 1,
    "_site": 1
  }
},
{
  "model": "dcim.cabletermination",
  "pk": 27,
  "fields": {
    "created": "2023-06-21T15:45:17.671Z",
    "last_updated": "2023-06-21T15:45:17.769Z",
    "cable": 14,
    "cable_end": "A",
    "termination_type": [
      "dcim",
      "interface"
    ],
    "termination_id": 22,
    "_device": 2,
    "_rack": 1,
    "_location": 1,
    "_site": 1
  }
},
{
  "model": "dcim.cabletermination",
  "pk": 28,
  "fields": {
    "created": "2023-06-21T15:45:17.671Z",
    "last_updated": "2023-06-21T15:45:17.769Z",
    "cable": 14,
    "cable_end": "B",
    "termination_type": [
      "dcim",
      "frontport"
    ],
    "termination_id": 9,
    "_device": 3,
    "_rack": 1,
    "_location": 1,
    "_site": 1
  }
},
{
  "model": "dcim.cabletermination",
  "pk": 29,
  "fields": {
    "created": "2023-06-21T15:45:17.671Z",
    "last_updated": "2023-06-21T15:45:17.769Z",
    "cable": 15,
    "cable_end": "A",
    "termination_type": [
      "dcim",
      "interface"
    ],
    "termination_id": 23,
    "_device": 2,
    "_rack": 1,
    "_location": 1,
    "_site": 1
  }
},
{
  "model": "dcim.cabletermination",
  "pk": 30,
  "fields": {
    "created": "2023-06-21T15:45:17.671Z",
    "last_updated": "2023-06-21T15:45:17.769Z",
    "cable": 15,
    "cable_end": "B",
    "termination_type": [
      "dcim",
      "frontport"
    ],
    "termination_id": 10,
    "_device": 3,
    "_rack": 1,
    "_location": 1,
    "_site": 1
  }
},
{
  "model": "dcim.cabletermination",
  "pk": 31,
  "fields": {
    "created": "2023-06-21T15:45:17.671Z",
    "last_updated": "2023-06-21T15:45:17.769Z",
    "cable": 16,
    "cable_end": "A",
    "termination_type": [
      "dcim",
      "interface"
    ],
    "termination_id": 24,
    "_device": 2,
    "_rack": 1,
    "_location": 1,
    "_site": 1
  }
},
{
  "model": "dcim.cabletermination",
  "pk": 32,
  "fields": {
    "created": "2023-06-21T15:45:17.671Z",
    "last_updated": "2023-06-21T15:45:17.769Z",
    "cable": 16,
    "cable_end": "B",
    "termination_type": [
      "dcim",
      "frontport"
    ],
    "termination_id": 11,
    "_device": 3,
    "_rack": 1,
    "_location": 1,
    "_site": 1
  }
},
{
  "model": "dcim.cabletermination",
  "pk": 33,
  "fields": {
    "created": "2023-06-21T15:45:17.671Z",
    "last_updated": "2023-06-21T15:45:17.769Z",
    "cable": 17,
    "cable_end": "A",
    "termination_type": [
      "dcim",
      "interface"
    ],
    "termination_id": 25,
    "_device": 2,
    "_rack": 1,
    "_location": 1,
    "_site": 1
  }
},
{
  "model": "dcim.cabletermination",
  "pk": 34,
  "fields": {
    "created": "2023-06-21T15:45:17.671Z",
    "last_updated": "2023-06-21T15:45:17.769Z",
    "cable": 17,
    "cable_end": "B",
    "termination_type": [
      "dcim",
      "frontport"
    ],
    "termination_id": 12,
    "_device": 3,
    "_rack": 1,
    "_location": 1,
    "_site": 1
  }
},
{
  "model": "dcim.cabletermination",
  "pk": 35,
  "fields": {
    "created": "2023-06-21T15:45:17.671Z",
    "last_updated": "2023-06-21T15:45:17.769Z",
    "cable": 18,
    "cable_end": "A",
    "termination_type": [
      "dcim",
      "interface"
    ],
    "termination_id": 26,
    "_device": 2,
    "_rack": 1,
    "_location": 1,
    "_site": 1
  }
},
{
  "model": "dcim.cabletermination",
  "pk": 36,
  "fields": {
    "created": "2023-06-21T15:45:17.671Z",
    "last_updated": "2023-06-21T15:45:17.769Z",
    "cable": 18,
    "cable_end": "B",
    "termination_type": [
      "dcim",
      "frontport"
    ],
    "termination_id": 13,
    "_device": 3,
    "_rack": 1,
    "_location": 1,
    "_site": 1
  }
},
{
  "model": "dcim.cabletermination",
  "pk": 37,
  "fields": {
    "created": "2023-06-21T15:45:17.671Z",
    "last_updated": "2023-06-21T15:45:17.769Z",
    "cable": 19,
    "cable_end": "A",
    "termination_type": [
      "dcim",
      "interface"
    ],
    "termination_id": 27,
    "_device": 2,
    "_rack": 1,
    "_location": 1,
    "_site": 1
  }
},
{
  "model": "dcim.cabletermination",
  "pk": 38,
  "fields": {
    "created": "2023-06-21T15:45:17.671Z",
    "last_updated": "2023-06-21T15:45:17.769Z",
    "cable": 19,
    "cable_end": "B",
    "termination_type": [
      "dcim",
      "frontport"
    ],
    "termination_id": 14,
    "_device": 3,
    "_rack": 1,
    "_location": 1,
    "_site": 1
  }
},
{
  "model": "dcim.cabletermination",
  "pk": 39,
  "fields": {
    "created": "2023-06-21T15:45:17.671Z",
    "last_updated": "2023-06-21T15:45:17.769Z",
    "cable": 20,
    "cable_end": "A",
    "termination_type": [
      "dcim",
      "interface"
    ],
    "termination_id": 28,
    "_device": 2,
    "_rack": 1,
    "_location": 1,
    "_site": 1
  }
},
{
  "model": "dcim.cabletermination",
  "pk": 40,
  "fields": {
    "created": "2023-06-21T15:45:17.671Z",
    "last_updated": "2023-06-21T15:45:17.769Z",
    "cable": 20,
    "cable_end": "B",
    "termination_type": [
      "dcim",
      "frontport"
    ],
    "termination_id": 15,
    "_device": 3,
    "_rack": 1,
    "_location": 1,
    "_site": 1
  }
},
{
  "model": "dcim.cabletermination",
  "pk": 41,
  "fields": {
    "created": "2023-06-21T15:45:17.671Z",
    "last_updated": "2023-06-21T15:45:17.769Z",
    "cable": 21,
    "cable_end": "A",
    "termination_type": [
      "dcim",
      "interface"
    ],
    "termination_id": 29,
    "_device": 2,
    "_rack": 1,
    "_location": 1,
    "_site": 1
  }
},
{
  "model": "dcim.cabletermination",
  "pk": 42,
  "fields": {
    "created": "2023-06-21T15:45:17.671Z",
    "last_updated": "2023-06-21T15:45:17.769Z",
    "cable": 21,
    "cable_end": "B",
    "termination_type": [
      "dcim",
      "frontport"
    ],
    "termination_id": 16,
    "_device": 3,
    "_rack": 1,
    "_location": 1,
    "_site": 1
  }
},
{
  "model": "dcim.cabletermination",
  "pk": 43,
  "fields": {
    "created": "2023-06-21T15:45:17.671Z",
    "last_updated": "2023-06-21T15:45:17.769Z",
    "cable": 22,
    "cable_end": "A",
    "termination_type": [
      "dcim",
      "interface"
    ],
    "termination_id": 30,
    "_device": 2,
    "_rack": 1,
    "_location": 1,
    "_site": 1
  }
},
{
  "model": "dcim.cabletermination",
  "pk": 44,
  "fields": {
    "created": "2023-06-21T15:45:17.671Z",
    "last_updated": "2023-06-21T15:45:17.769Z",
    "cable": 22,
    "cable_end": "B",
    "termination_type": [
      "dcim",
      "frontport"
    ],
    "termination_id": 17,
    "_device": 3,
    "_rack": 1,
    "_location": 1,
    "_site": 1
  }
},
{
  "model": "dcim.cabletermination",
  "pk": 45,
  "fields": {
    "created": "2023-06-21T15:45:17.671Z",
    "last_updated": "2023-06-21T15:45:17.769Z",
    "cable": 23,
    "cable_end": "A",
    "termination_type": [
      "dcim",
      "interface"
    ],
    "termination_id": 31,
    "_device": 2,
    "_rack": 1,
    "_location": 1,
    "_site": 1
  }
},
{
  "model": "dcim.cabletermination",
  "pk": 46,
  "fields": {
    "created": "2023-06-21T15:45:17.671Z",
    "last_updated": "2023-06-21T15:45:17.769Z",
    "cable": 23,
    "cable_end": "B",
    "termination_type": [
      "dcim",
      "frontport"
    ],
    "termination_id": 18,
    "_device": 3,
    "_rack": 1,
    "_location": 1,
    "_site": 1
  }
},
{
  "model": "dcim.cabletermination",
  "pk": 47,
  "fields": {
    "created": "2023-06-21T15:45:17.671Z",
    "last_updated": "2023-06-21T15:45:17.769Z",
    "cable": 24,
    "cable_end": "A",
    "termination_type": [
      "dcim",
      "interface"
    ],
    "termination_id": 73,
    "_device": 7,
    "_rack": 1,
    "_location": 1,
    "_site": 1
  }
},
{
  "model": "dcim.cabletermination",
  "pk": 48,
  "fields": {
    "created": "2023-06-21T15:45:17.671Z",
    "last_updated": "2023-06-21T15:45:17.769Z",
    "cable": 24,
    "cable_end": "B",
    "termination_type": [
      "dcim",
      "interface"
    ],
    "termination_id": 48,
    "_device": 2,
    "_rack": 1,
    "_location": 1,
    "_site": 1
  }
},
{
  "model": "dcim.cabletermination",
  "pk": 49,
  "fields": {
    "created": "2023-06-21T15:45:17.671Z",
    "last_updated": "2023-06-21T15:45:17.769Z",
    "cable": 25,
    "cable_end": "A",
    "termination_type": [
      "dcim",
      "interface"
    ],
    "termination_id": 69,
    "_device": 7,
    "_rack": 1,
    "_location": 1,
    "_site": 1
  }
},
{
  "model": "dcim.cabletermination",
  "pk": 50,
  "fields": {
    "created": "2023-06-21T15:45:17.671Z",
    "last_updated": "2023-06-21T15:45:17.769Z",
    "cable": 25,
    "cable_end": "B",
    "termination_type": [
      "dcim",
      "interface"
    ],
    "termination_id": 5,
    "_device": 2,
    "_rack": 1,
    "_location": 1,
    "_site": 1
  }
},
{
  "model": "dcim.cabletermination",
  "pk": 51,
  "fields": {
    "created": "2023-06-21T15:45:17.671Z",
    "last_updated": "2023-06-21T15:45:17.769Z",
    "cable": 26,
    "cable_end": "A",
    "termination_type": [
      "dcim",
      "interface"
    ],
    "termination_id": 70,
    "_device": 7,
    "_rack": 1,
    "_location": 1,
    "_site": 1
  }
},
{
  "model": "dcim.cabletermination",
  "pk": 52,
  "fields": {
    "created": "2023-06-21T15:45:17.671Z",
    "last_updated": "2023-06-21T15:45:17.769Z",
    "cable": 26,
    "cable_end": "B",
    "termination_type": [
      "dcim",
      "interface"
    ],
    "termination_id": 6,
    "_device": 2,
    "_rack": 1,
    "_location": 1,
    "_site": 1
  }
},
{
  "model": "dcim.cabletermination",
  "pk": 53,
  "fields": {
    "created": "2023-06-21T15:45:17.671Z",
    "last_updated": "2023-06-21T15:45:17.769Z",
    "cable": 27,
    "cable_end": "A",
    "termination_type": [
      "dcim",
      "interface"
    ],
    "termination_id": 78,
    "_device": 8,
    "_rack": 1,
    "_location": 1,
    "_site": 1
  }
},
{
  "model": "dcim.cabletermination",
  "pk": 54,
  "fields": {
    "created": "2023-06-21T15:45:17.671Z",
    "last_updated": "2023-06-21T15:45:17.769Z",
    "cable": 27,
    "cable_end": "B",
    "termination_type": [
      "dcim",
      "interface"
    ],
    "termination_id": 49,
    "_device": 2,
    "_rack": 1,
    "_location": 1,
    "_site": 1
  }
},
{
  "model": "dcim.cabletermination",
  "pk": 55,
  "fields": {
    "created": "2023-06-21T15:45:17.671Z",
    "last_updated": "2023-06-21T15:45:17.769Z",
    "cable": 28,
    "cable_end": "A",
    "termination_type": [
      "dcim",
      "interface"
    ],
    "termination_id": 74,
    "_device": 8,
    "_rack": 1,
    "_location": 1,
    "_site": 1
  }
},
{
  "model": "dcim.cabletermination",
  "pk": 56,
  "fields": {
    "created": "2023-06-21T15:45:17.671Z",
    "last_updated": "2023-06-21T15:45:17.769Z",
    "cable": 28,
    "cable_end": "B",
    "termination_type": [
      "dcim",
      "interface"
    ],
    "termination_id": 7,
    "_device": 2,
    "_rack": 1,
    "_location": 1,
    "_site": 1
  }
},
{
  "model": "dcim.cabletermination",
  "pk": 57,
  "fields": {
    "created": "2023-06-21T15:45:17.671Z",
    "last_updated": "2023-06-21T15:45:17.769Z",
    "cable": 29,
    "cable_end": "A",
    "termination_type": [
      "dcim",
      "interface"
    ],
    "termination_id": 75,
    "_device": 8,
    "_rack": 1,
    "_location": 1,
    "_site": 1
  }
},
{
  "model": "dcim.cabletermination",
  "pk": 58,
  "fields": {
    "created": "2023-06-21T15:45:17.671Z",
    "last_updated": "2023-06-21T15:45:17.769Z",
    "cable": 29,
    "cable_end": "B",
    "termination_type": [
      "dcim",
      "interface"
    ],
    "termination_id": 8,
    "_device": 2,
    "_rack": 1,
    "_location": 1,
    "_site": 1
  }
},
{
  "model": "dcim.cabletermination",
  "pk": 59,
  "fields": {
    "created": "2023-06-21T15:45:17.671Z",
    "last_updated": "2023-06-21T15:45:17.769Z",
    "cable": 30,
    "cable_end": "A",
    "termination_type": [
      "dcim",
      "powerport"
    ],
    "termination_id": 2,
    "_device": 2,
    "_rack": 1,
    "_location": 1,
    "_site": 1
  }
},
{
  "model": "dcim.cabletermination",
  "pk": 60,
  "fields": {
    "created": "2023-06-21T15:45:17.671Z",
    "last_updated": "2023-06-21T15:45:17.769Z",
    "cable": 30,
    "cable_end": "B",
    "termination_type": [
      "dcim",
      "poweroutlet"
    ],
    "termination_id": 1,
    "_device": 9,
    "_rack": 1,
    "_location": 1,
    "_site": 1
  }
},
{
  "model": "dcim.cabletermination",
  "pk": 61,
  "fields": {
    "created": "2023-06-21T15:45:17.671Z",
    "last_updated": "2023-06-21T15:45:17.769Z",
    "cable": 31,
    "cable_end": "A",
    "termination_type": [
      "dcim",
      "powerport"
    ],
    "termination_id": 3,
    "_device": 2,
    "_rack": 1,
    "_location": 1,
    "_site": 1
  }
},
{
  "model": "dcim.cabletermination",
  "pk": 62,
  "fields": {
    "created": "2023-06-21T15:45:17.671Z",
    "last_updated": "2023-06-21T15:45:17.769Z",
    "cable": 31,
    "cable_end": "B",
    "termination_type": [
      "dcim",
      "poweroutlet"
    ],
    "termination_id": 9,
    "_device": 10,
    "_rack": 1,
    "_location": 1,
    "_site": 1
  }
},
{
  "model": "dcim.cabletermination",
  "pk": 63,
  "fields": {
    "created": "2023-06-21T15:45:17.671Z",
    "last_updated": "2023-06-21T15:45:17.769Z",
    "cable": 32,
    "cable_end": "A",
    "termination_type": [
      "dcim",
      "powerport"
    ],
    "termination_id": 4,
    "_device": 4,
    "_rack": 1,
    "_location": 1,
    "_site": 1
  }
},
{
  "model": "dcim.cabletermination",
  "pk": 64,
  "fields": {
    "created": "2023-06-21T15:45:17.671Z",
    "last_updated": "2023-06-21T15:45:17.769Z",
    "cable": 32,
    "cable_end": "B",
    "termination_type": [
      "dcim",
      "poweroutlet"
    ],
    "termination_id": 2,
    "_device": 9,
    "_rack": 1,
    "_location": 1,
    "_site": 1
  }
},
{
  "model": "dcim.cabletermination",
  "pk": 65,
  "fields": {
    "created": "2023-06-21T15:45:17.671Z",
    "last_updated": "2023-06-21T15:45:17.769Z",
    "cable": 33,
    "cable_end": "A",
    "termination_type": [
      "dcim",
      "powerport"
    ],
    "termination_id": 1,
    "_device": 1,
    "_rack": 1,
    "_location": 1,
    "_site": 1
  }
},
{
  "model": "dcim.cabletermination",
  "pk": 66,
  "fields": {
    "created": "2023-06-21T15:45:17.671Z",
    "last_updated": "2023-06-21T15:45:17.769Z",
    "cable": 33,
    "cable_end": "B",
    "termination_type": [
      "dcim",
      "poweroutlet"
    ],
    "termination_id": 10,
    "_device": 10,
    "_rack": 1,
    "_location": 1,
    "_site": 1
  }
},
{
  "model": "dcim.cabletermination",
  "pk": 67,
  "fields": {
    "created": "2023-06-21T15:45:17.671Z",
    "last_updated": "2023-06-21T15:45:17.769Z",
    "cable": 34,
    "cable_end": "A",
    "termination_type": [
      "dcim",
      "powerport"
    ],
    "termination_id": 5,
    "_device": 7,
    "_rack": 1,
    "_location": 1,
    "_site": 1
  }
},
{
  "model": "dcim.cabletermination",
  "pk": 68,
  "fields": {
    "created": "2023-06-21T15:45:17.671Z",
    "last_updated": "2023-06-21T15:45:17.769Z",
    "cable": 34,
    "cable_end": "B",
    "termination_type": [
      "dcim",
      "poweroutlet"
    ],
    "termination_id": 3,
    "_device": 9,
    "_rack": 1,
    "_location": 1,
    "_site": 1
  }
},
{
  "model": "dcim.cabletermination",
  "pk": 69,
  "fields": {
    "created": "2023-06-21T15:45:17.671Z",
    "last_updated": "2023-06-21T15:45:17.769Z",
    "cable": 35,
    "cable_end": "A",
    "termination_type": [
      "dcim",
      "powerport"
    ],
    "termination_id": 6,
    "_device": 7,
    "_rack": 1,
    "_location": 1,
    "_site": 1
  }
},
{
  "model": "dcim.cabletermination",
  "pk": 70,
  "fields": {
    "created": "2023-06-21T15:45:17.671Z",
    "last_updated": "2023-06-21T15:45:17.769Z",
    "cable": 35,
    "cable_end": "B",
    "termination_type": [
      "dcim",
      "poweroutlet"
    ],
    "termination_id": 11,
    "_device": 10,
    "_rack": 1,
    "_location": 1,
    "_site": 1
  }
},
{
  "model": "dcim.cabletermination",
  "pk": 71,
  "fields": {
    "created": "2023-06-21T15:45:17.671Z",
    "last_updated": "2023-06-21T15:45:17.769Z",
    "cable": 36,
    "cable_end": "A",
    "termination_type": [
      "dcim",
      "powerport"
    ],
    "termination_id": 7,
    "_device": 8,
    "_rack": 1,
    "_location": 1,
    "_site": 1
  }
},
{
  "model": "dcim.cabletermination",
  "pk": 72,
  "fields": {
    "created": "2023-06-21T15:45:17.671Z",
    "last_updated": "2023-06-21T15:45:17.769Z",
    "cable": 36,
    "cable_end": "B",
    "termination_type": [
      "dcim",
      "poweroutlet"
    ],
    "termination_id": 4,
    "_device": 9,
    "_rack": 1,
    "_location": 1,
    "_site": 1
  }
},
{
  "model": "dcim.cabletermination",
  "pk": 73,
  "fields": {
    "created": "2023-06-21T15:45:17.671Z",
    "last_updated": "2023-06-21T15:45:17.769Z",
    "cable": 37,
    "cable_end": "A",
    "termination_type": [
      "dcim",
      "powerport"
    ],
    "termination_id": 8,
    "_device": 8,
    "_rack": 1,
    "_location": 1,
    "_site": 1
  }
},
{
  "model": "dcim.cabletermination",
  "pk": 74,
  "fields": {
    "created": "2023-06-21T15:45:17.671Z",
    "last_updated": "2023-06-21T15:45:17.769Z",
    "cable": 37,
    "cable_end": "B",
    "termination_type": [
      "dcim",
      "poweroutlet"
    ],
    "termination_id": 12,
    "_device": 10,
    "_rack": 1,
    "_location": 1,
    "_site": 1
  }
},
{
  "model": "dcim.cabletermination",
  "pk": 75,
  "fields": {
    "created": "2023-07-26T12:39:09.384Z",
    "last_updated": "2023-07-26T12:39:09.384Z",
    "cable": 38,
    "cable_end": "A",
    "termination_type": [
      "circuits",
      "circuittermination"
    ],
    "termination_id": 1,
    "_device": null,
    "_rack": null,
    "_location": null,
    "_site": 1
  }
},
{
  "model": "dcim.cabletermination",
  "pk": 76,
  "fields": {
    "created": "2023-07-26T12:39:09.419Z",
    "last_updated": "2023-07-26T12:39:09.419Z",
    "cable": 38,
    "cable_end": "B",
    "termination_type": [
      "dcim",
      "interface"
    ],
    "termination_id": 2,
    "_device": 1,
    "_rack": 1,
    "_location": 1,
    "_site": 1
  }
},
{
  "model": "dcim.cabletermination",
  "pk": 108,
  "fields": {
    "created": "2023-07-31T10:45:59.101Z",
    "last_updated": "2023-07-31T10:45:59.101Z",
    "cable": 71,
    "cable_end": "A",
    "termination_type": [
      "dcim",
      "interface"
    ],
    "termination_id": 46,
    "_device": 2,
    "_rack": 1,
    "_location": 1,
    "_site": 1
  }
},
{
  "model": "dcim.cabletermination",
  "pk": 109,
  "fields": {
    "created": "2023-07-31T10:45:59.148Z",
    "last_updated": "2023-07-31T10:45:59.148Z",
    "cable": 71,
    "cable_end": "B",
    "termination_type": [
      "dcim",
      "interface"
    ],
    "termination_id": 58,
    "_device": 5,
    "_rack": null,
    "_location": 1,
    "_site": 1
  }
},
{
  "model": "dcim.cabletermination",
  "pk": 110,
  "fields": {
    "created": "2023-07-31T10:47:02.934Z",
    "last_updated": "2023-07-31T10:47:02.934Z",
    "cable": 72,
    "cable_end": "A",
    "termination_type": [
      "dcim",
      "interface"
    ],
    "termination_id": 47,
    "_device": 2,
    "_rack": 1,
    "_location": 1,
    "_site": 1
  }
},
{
  "model": "dcim.cabletermination",
  "pk": 111,
  "fields": {
    "created": "2023-07-31T10:47:02.942Z",
    "last_updated": "2023-07-31T10:47:02.942Z",
    "cable": 72,
    "cable_end": "B",
    "termination_type": [
      "dcim",
      "interface"
    ],
    "termination_id": 61,
    "_device": 6,
    "_rack": null,
    "_location": 1,
    "_site": 1
  }
},
{
  "model": "dcim.cabletermination",
  "pk": 112,
  "fields": {
    "created": "2023-07-31T10:59:43.370Z",
    "last_updated": "2023-07-31T10:59:43.370Z",
    "cable": 73,
    "cable_end": "A",
    "termination_type": [
      "dcim",
      "powerport"
    ],
    "termination_id": 9,
    "_device": 9,
    "_rack": 1,
    "_location": 1,
    "_site": 1
  }
},
{
  "model": "dcim.cabletermination",
  "pk": 113,
  "fields": {
    "created": "2023-07-31T10:59:43.389Z",
    "last_updated": "2023-07-31T10:59:43.389Z",
    "cable": 73,
    "cable_end": "B",
    "termination_type": [
      "dcim",
      "powerfeed"
    ],
    "termination_id": 1,
    "_device": null,
    "_rack": 1,
    "_location": 1,
    "_site": 1
  }
},
{
  "model": "dcim.cabletermination",
  "pk": 114,
  "fields": {
    "created": "2023-07-31T11:00:12.508Z",
    "last_updated": "2023-07-31T11:00:12.508Z",
    "cable": 74,
    "cable_end": "A",
    "termination_type": [
      "dcim",
      "powerport"
    ],
    "termination_id": 10,
    "_device": 10,
    "_rack": 1,
    "_location": 1,
    "_site": 1
  }
},
{
  "model": "dcim.cabletermination",
  "pk": 115,
  "fields": {
    "created": "2023-07-31T11:00:12.517Z",
    "last_updated": "2023-07-31T11:00:12.517Z",
    "cable": 74,
    "cable_end": "B",
    "termination_type": [
      "dcim",
      "powerfeed"
    ],
    "termination_id": 2,
    "_device": null,
    "_rack": 1,
    "_location": 1,
    "_site": 1
  }
},
{
  "model": "dcim.cablepath",
  "pk": 59,
  "fields": {
    "path": [
      [
        "42:2"
      ],
      [
        "19:30"
      ],
      [
        "39:1"
      ]
    ],
    "is_active": true,
    "is_complete": true,
    "is_split": false,
    "_nodes": "[\"42:2\", \"19:30\", \"39:1\"]"
  }
},
{
  "model": "dcim.cablepath",
  "pk": 60,
  "fields": {
    "path": [
      [
        "39:1"
      ],
      [
        "19:30"
      ],
      [
        "42:2"
      ]
    ],
    "is_active": true,
    "is_complete": true,
    "is_split": false,
    "_nodes": "[\"39:1\", \"19:30\", \"42:2\"]"
  }
},
{
  "model": "dcim.cablepath",
  "pk": 61,
  "fields": {
    "path": [
      [
        "42:3"
      ],
      [
        "19:31"
      ],
      [
        "39:9"
      ]
    ],
    "is_active": true,
    "is_complete": true,
    "is_split": false,
    "_nodes": "[\"42:3\", \"19:31\", \"39:9\"]"
  }
},
{
  "model": "dcim.cablepath",
  "pk": 62,
  "fields": {
    "path": [
      [
        "39:9"
      ],
      [
        "19:31"
      ],
      [
        "42:3"
      ]
    ],
    "is_active": true,
    "is_complete": true,
    "is_split": false,
    "_nodes": "[\"39:9\", \"19:31\", \"42:3\"]"
  }
},
{
  "model": "dcim.cablepath",
  "pk": 63,
  "fields": {
    "path": [
      [
        "42:4"
      ],
      [
        "19:32"
      ],
      [
        "39:2"
      ]
    ],
    "is_active": true,
    "is_complete": true,
    "is_split": false,
    "_nodes": "[\"42:4\", \"19:32\", \"39:2\"]"
  }
},
{
  "model": "dcim.cablepath",
  "pk": 64,
  "fields": {
    "path": [
      [
        "39:2"
      ],
      [
        "19:32"
      ],
      [
        "42:4"
      ]
    ],
    "is_active": true,
    "is_complete": true,
    "is_split": false,
    "_nodes": "[\"39:2\", \"19:32\", \"42:4\"]"
  }
},
{
  "model": "dcim.cablepath",
  "pk": 65,
  "fields": {
    "path": [
      [
        "42:1"
      ],
      [
        "19:33"
      ],
      [
        "39:10"
      ]
    ],
    "is_active": true,
    "is_complete": true,
    "is_split": false,
    "_nodes": "[\"42:1\", \"19:33\", \"39:10\"]"
  }
},
{
  "model": "dcim.cablepath",
  "pk": 66,
  "fields": {
    "path": [
      [
        "39:10"
      ],
      [
        "19:33"
      ],
      [
        "42:1"
      ]
    ],
    "is_active": true,
    "is_complete": true,
    "is_split": false,
    "_nodes": "[\"39:10\", \"19:33\", \"42:1\"]"
  }
},
{
  "model": "dcim.cablepath",
  "pk": 67,
  "fields": {
    "path": [
      [
        "42:5"
      ],
      [
        "19:34"
      ],
      [
        "39:3"
      ]
    ],
    "is_active": true,
    "is_complete": true,
    "is_split": false,
    "_nodes": "[\"42:5\", \"19:34\", \"39:3\"]"
  }
},
{
  "model": "dcim.cablepath",
  "pk": 68,
  "fields": {
    "path": [
      [
        "39:3"
      ],
      [
        "19:34"
      ],
      [
        "42:5"
      ]
    ],
    "is_active": true,
    "is_complete": true,
    "is_split": false,
    "_nodes": "[\"39:3\", \"19:34\", \"42:5\"]"
  }
},
{
  "model": "dcim.cablepath",
  "pk": 69,
  "fields": {
    "path": [
      [
        "42:6"
      ],
      [
        "19:35"
      ],
      [
        "39:11"
      ]
    ],
    "is_active": true,
    "is_complete": true,
    "is_split": false,
    "_nodes": "[\"42:6\", \"19:35\", \"39:11\"]"
  }
},
{
  "model": "dcim.cablepath",
  "pk": 70,
  "fields": {
    "path": [
      [
        "39:11"
      ],
      [
        "19:35"
      ],
      [
        "42:6"
      ]
    ],
    "is_active": true,
    "is_complete": true,
    "is_split": false,
    "_nodes": "[\"39:11\", \"19:35\", \"42:6\"]"
  }
},
{
  "model": "dcim.cablepath",
  "pk": 71,
  "fields": {
    "path": [
      [
        "42:7"
      ],
      [
        "19:36"
      ],
      [
        "39:4"
      ]
    ],
    "is_active": true,
    "is_complete": true,
    "is_split": false,
    "_nodes": "[\"42:7\", \"19:36\", \"39:4\"]"
  }
},
{
  "model": "dcim.cablepath",
  "pk": 72,
  "fields": {
    "path": [
      [
        "39:4"
      ],
      [
        "19:36"
      ],
      [
        "42:7"
      ]
    ],
    "is_active": true,
    "is_complete": true,
    "is_split": false,
    "_nodes": "[\"39:4\", \"19:36\", \"42:7\"]"
  }
},
{
  "model": "dcim.cablepath",
  "pk": 73,
  "fields": {
    "path": [
      [
        "42:8"
      ],
      [
        "19:37"
      ],
      [
        "39:12"
      ]
    ],
    "is_active": true,
    "is_complete": true,
    "is_split": false,
    "_nodes": "[\"42:8\", \"19:37\", \"39:12\"]"
  }
},
{
  "model": "dcim.cablepath",
  "pk": 74,
  "fields": {
    "path": [
      [
        "39:12"
      ],
      [
        "19:37"
      ],
      [
        "42:8"
      ]
    ],
    "is_active": true,
    "is_complete": true,
    "is_split": false,
    "_nodes": "[\"39:12\", \"19:37\", \"42:8\"]"
  }
},
{
  "model": "dcim.cablepath",
  "pk": 75,
  "fields": {
    "path": [
      [
        "32:2"
      ],
      [
        "19:38"
      ],
      [
        "15:1"
      ]
    ],
    "is_active": true,
    "is_complete": false,
    "is_split": false,
    "_nodes": "[\"32:2\", \"19:38\", \"15:1\"]"
  }
},
{
  "model": "dcim.cablepath",
  "pk": 108,
  "fields": {
    "path": [
      [
        "32:3"
      ],
      [
        "19:1"
      ],
      [
        "32:51"
      ]
    ],
    "is_active": true,
    "is_complete": true,
    "is_split": false,
    "_nodes": "[\"32:3\", \"19:1\", \"32:51\"]"
  }
},
{
  "model": "dcim.cablepath",
  "pk": 109,
  "fields": {
    "path": [
      [
        "32:51"
      ],
      [
        "19:1"
      ],
      [
        "32:3"
      ]
    ],
    "is_active": true,
    "is_complete": true,
    "is_split": false,
    "_nodes": "[\"32:51\", \"19:1\", \"32:3\"]"
  }
},
{
  "model": "dcim.cablepath",
  "pk": 110,
  "fields": {
    "path": [
      [
        "32:1"
      ],
      [
        "19:2"
      ],
      [
        "32:4"
      ]
    ],
    "is_active": true,
    "is_complete": true,
    "is_split": false,
    "_nodes": "[\"32:1\", \"19:2\", \"32:4\"]"
  }
},
{
  "model": "dcim.cablepath",
  "pk": 111,
  "fields": {
    "path": [
      [
        "32:4"
      ],
      [
        "19:2"
      ],
      [
        "32:1"
      ]
    ],
    "is_active": true,
    "is_complete": true,
    "is_split": false,
    "_nodes": "[\"32:4\", \"19:2\", \"32:1\"]"
  }
},
{
  "model": "dcim.cablepath",
  "pk": 112,
  "fields": {
    "path": [
      [
        "32:57"
      ],
      [
        "19:3"
      ],
      [
        "32:50"
      ]
    ],
    "is_active": true,
    "is_complete": true,
    "is_split": false,
    "_nodes": "[\"32:57\", \"19:3\", \"32:50\"]"
  }
},
{
  "model": "dcim.cablepath",
  "pk": 113,
  "fields": {
    "path": [
      [
        "32:50"
      ],
      [
        "19:3"
      ],
      [
        "32:57"
      ]
    ],
    "is_active": true,
    "is_complete": true,
    "is_split": false,
    "_nodes": "[\"32:50\", \"19:3\", \"32:57\"]"
  }
},
{
  "model": "dcim.cablepath",
  "pk": 114,
  "fields": {
    "path": [
      [
        "21:1"
      ],
      [
        "19:4"
      ],
      [
        "23:1"
      ]
    ],
    "is_active": true,
    "is_complete": true,
    "is_split": false,
    "_nodes": "[\"21:1\", \"19:4\", \"23:1\"]"
  }
},
{
  "model": "dcim.cablepath",
  "pk": 115,
  "fields": {
    "path": [
      [
        "23:1"
      ],
      [
        "19:4"
      ],
      [
        "21:1"
      ]
    ],
    "is_active": true,
    "is_complete": true,
    "is_split": false,
    "_nodes": "[\"23:1\", \"19:4\", \"21:1\"]"
  }
},
{
  "model": "dcim.cablepath",
  "pk": 116,
  "fields": {
    "path": [
      [
        "21:3"
      ],
      [
        "19:5"
      ],
      [
        "23:2"
      ]
    ],
    "is_active": true,
    "is_complete": true,
    "is_split": false,
    "_nodes": "[\"21:3\", \"19:5\", \"23:2\"]"
  }
},
{
  "model": "dcim.cablepath",
  "pk": 117,
  "fields": {
    "path": [
      [
        "23:2"
      ],
      [
        "19:5"
      ],
      [
        "21:3"
      ]
    ],
    "is_active": true,
    "is_complete": true,
    "is_split": false,
    "_nodes": "[\"23:2\", \"19:5\", \"21:3\"]"
  }
},
{
  "model": "dcim.cablepath",
  "pk": 118,
  "fields": {
    "path": [
      [
        "32:14"
      ],
      [
        "19:6"
      ],
      [
        "30:1"
      ],
      [
        "47:1"
      ]
    ],
    "is_active": true,
    "is_complete": false,
    "is_split": false,
    "_nodes": "[\"32:14\", \"19:6\", \"30:1\", \"47:1\"]"
  }
},
{
  "model": "dcim.cablepath",
  "pk": 119,
  "fields": {
    "path": [
      [
        "32:15"
      ],
      [
        "19:7"
      ],
      [
        "30:2"
      ],
      [
        "47:2"
      ]
    ],
    "is_active": true,
    "is_complete": false,
    "is_split": false,
    "_nodes": "[\"32:15\", \"19:7\", \"30:2\", \"47:2\"]"
  }
},
{
  "model": "dcim.cablepath",
  "pk": 120,
  "fields": {
    "path": [
      [
        "32:16"
      ],
      [
        "19:8"
      ],
      [
        "30:3"
      ],
      [
        "47:3"
      ]
    ],
    "is_active": true,
    "is_complete": false,
    "is_split": false,
    "_nodes": "[\"32:16\", \"19:8\", \"30:3\", \"47:3\"]"
  }
},
{
  "model": "dcim.cablepath",
  "pk": 121,
  "fields": {
    "path": [
      [
        "32:17"
      ],
      [
        "19:9"
      ],
      [
        "30:4"
      ],
      [
        "47:4"
      ]
    ],
    "is_active": true,
    "is_complete": false,
    "is_split": false,
    "_nodes": "[\"32:17\", \"19:9\", \"30:4\", \"47:4\"]"
  }
},
{
  "model": "dcim.cablepath",
  "pk": 122,
  "fields": {
    "path": [
      [
        "32:18"
      ],
      [
        "19:10"
      ],
      [
        "30:5"
      ],
      [
        "47:5"
      ]
    ],
    "is_active": true,
    "is_complete": false,
    "is_split": false,
    "_nodes": "[\"32:18\", \"19:10\", \"30:5\", \"47:5\"]"
  }
},
{
  "model": "dcim.cablepath",
  "pk": 123,
  "fields": {
    "path": [
      [
        "32:19"
      ],
      [
        "19:11"
      ],
      [
        "30:6"
      ],
      [
        "47:6"
      ]
    ],
    "is_active": true,
    "is_complete": false,
    "is_split": false,
    "_nodes": "[\"32:19\", \"19:11\", \"30:6\", \"47:6\"]"
  }
},
{
  "model": "dcim.cablepath",
  "pk": 124,
  "fields": {
    "path": [
      [
        "32:20"
      ],
      [
        "19:12"
      ],
      [
        "30:7"
      ],
      [
        "47:7"
      ]
    ],
    "is_active": true,
    "is_complete": false,
    "is_split": false,
    "_nodes": "[\"32:20\", \"19:12\", \"30:7\", \"47:7\"]"
  }
},
{
  "model": "dcim.cablepath",
  "pk": 125,
  "fields": {
    "path": [
      [
        "32:21"
      ],
      [
        "19:13"
      ],
      [
        "30:8"
      ],
      [
        "47:8"
      ]
    ],
    "is_active": true,
    "is_complete": false,
    "is_split": false,
    "_nodes": "[\"32:21\", \"19:13\", \"30:8\", \"47:8\"]"
  }
},
{
  "model": "dcim.cablepath",
  "pk": 126,
  "fields": {
    "path": [
      [
        "32:22"
      ],
      [
        "19:14"
      ],
      [
        "30:9"
      ],
      [
        "47:9"
      ]
    ],
    "is_active": true,
    "is_complete": false,
    "is_split": false,
    "_nodes": "[\"32:22\", \"19:14\", \"30:9\", \"47:9\"]"
  }
},
{
  "model": "dcim.cablepath",
  "pk": 127,
  "fields": {
    "path": [
      [
        "32:23"
      ],
      [
        "19:15"
      ],
      [
        "30:10"
      ],
      [
        "47:10"
      ]
    ],
    "is_active": true,
    "is_complete": false,
    "is_split": false,
    "_nodes": "[\"32:23\", \"19:15\", \"30:10\", \"47:10\"]"
  }
},
{
  "model": "dcim.cablepath",
  "pk": 128,
  "fields": {
    "path": [
      [
        "32:24"
      ],
      [
        "19:16"
      ],
      [
        "30:11"
      ],
      [
        "47:11"
      ]
    ],
    "is_active": true,
    "is_complete": false,
    "is_split": false,
    "_nodes": "[\"32:24\", \"19:16\", \"30:11\", \"47:11\"]"
  }
},
{
  "model": "dcim.cablepath",
  "pk": 129,
  "fields": {
    "path": [
      [
        "32:25"
      ],
      [
        "19:17"
      ],
      [
        "30:12"
      ],
      [
        "47:12"
      ]
    ],
    "is_active": true,
    "is_complete": false,
    "is_split": false,
    "_nodes": "[\"32:25\", \"19:17\", \"30:12\", \"47:12\"]"
  }
},
{
  "model": "dcim.cablepath",
  "pk": 130,
  "fields": {
    "path": [
      [
        "32:26"
      ],
      [
        "19:18"
      ],
      [
        "30:13"
      ],
      [
        "47:13"
      ]
    ],
    "is_active": true,
    "is_complete": false,
    "is_split": false,
    "_nodes": "[\"32:26\", \"19:18\", \"30:13\", \"47:13\"]"
  }
},
{
  "model": "dcim.cablepath",
  "pk": 131,
  "fields": {
    "path": [
      [
        "32:27"
      ],
      [
        "19:19"
      ],
      [
        "30:14"
      ],
      [
        "47:14"
      ]
    ],
    "is_active": true,
    "is_complete": false,
    "is_split": false,
    "_nodes": "[\"32:27\", \"19:19\", \"30:14\", \"47:14\"]"
  }
},
{
  "model": "dcim.cablepath",
  "pk": 132,
  "fields": {
    "path": [
      [
        "32:28"
      ],
      [
        "19:20"
      ],
      [
        "30:15"
      ],
      [
        "47:15"
      ]
    ],
    "is_active": true,
    "is_complete": false,
    "is_split": false,
    "_nodes": "[\"32:28\", \"19:20\", \"30:15\", \"47:15\"]"
  }
},
{
  "model": "dcim.cablepath",
  "pk": 133,
  "fields": {
    "path": [
      [
        "32:29"
      ],
      [
        "19:21"
      ],
      [
        "30:16"
      ],
      [
        "47:16"
      ]
    ],
    "is_active": true,
    "is_complete": false,
    "is_split": false,
    "_nodes": "[\"32:29\", \"19:21\", \"30:16\", \"47:16\"]"
  }
},
{
  "model": "dcim.cablepath",
  "pk": 134,
  "fields": {
    "path": [
      [
        "32:30"
      ],
      [
        "19:22"
      ],
      [
        "30:17"
      ],
      [
        "47:17"
      ]
    ],
    "is_active": true,
    "is_complete": false,
    "is_split": false,
    "_nodes": "[\"32:30\", \"19:22\", \"30:17\", \"47:17\"]"
  }
},
{
  "model": "dcim.cablepath",
  "pk": 135,
  "fields": {
    "path": [
      [
        "32:31"
      ],
      [
        "19:23"
      ],
      [
        "30:18"
      ],
      [
        "47:18"
      ]
    ],
    "is_active": true,
    "is_complete": false,
    "is_split": false,
    "_nodes": "[\"32:31\", \"19:23\", \"30:18\", \"47:18\"]"
  }
},
{
  "model": "dcim.cablepath",
  "pk": 136,
  "fields": {
    "path": [
      [
        "32:73"
      ],
      [
        "19:24"
      ],
      [
        "32:48"
      ]
    ],
    "is_active": true,
    "is_complete": true,
    "is_split": false,
    "_nodes": "[\"32:73\", \"19:24\", \"32:48\"]"
  }
},
{
  "model": "dcim.cablepath",
  "pk": 137,
  "fields": {
    "path": [
      [
        "32:48"
      ],
      [
        "19:24"
      ],
      [
        "32:73"
      ]
    ],
    "is_active": true,
    "is_complete": true,
    "is_split": false,
    "_nodes": "[\"32:48\", \"19:24\", \"32:73\"]"
  }
},
{
  "model": "dcim.cablepath",
  "pk": 138,
  "fields": {
    "path": [
      [
        "32:69"
      ],
      [
        "19:25"
      ],
      [
        "32:5"
      ]
    ],
    "is_active": true,
    "is_complete": true,
    "is_split": false,
    "_nodes": "[\"32:69\", \"19:25\", \"32:5\"]"
  }
},
{
  "model": "dcim.cablepath",
  "pk": 139,
  "fields": {
    "path": [
      [
        "32:5"
      ],
      [
        "19:25"
      ],
      [
        "32:69"
      ]
    ],
    "is_active": true,
    "is_complete": true,
    "is_split": false,
    "_nodes": "[\"32:5\", \"19:25\", \"32:69\"]"
  }
},
{
  "model": "dcim.cablepath",
  "pk": 140,
  "fields": {
    "path": [
      [
        "32:70"
      ],
      [
        "19:26"
      ],
      [
        "32:6"
      ]
    ],
    "is_active": true,
    "is_complete": true,
    "is_split": false,
    "_nodes": "[\"32:70\", \"19:26\", \"32:6\"]"
  }
},
{
  "model": "dcim.cablepath",
  "pk": 141,
  "fields": {
    "path": [
      [
        "32:6"
      ],
      [
        "19:26"
      ],
      [
        "32:70"
      ]
    ],
    "is_active": true,
    "is_complete": true,
    "is_split": false,
    "_nodes": "[\"32:6\", \"19:26\", \"32:70\"]"
  }
},
{
  "model": "dcim.cablepath",
  "pk": 142,
  "fields": {
    "path": [
      [
        "32:78"
      ],
      [
        "19:27"
      ],
      [
        "32:49"
      ]
    ],
    "is_active": true,
    "is_complete": true,
    "is_split": false,
    "_nodes": "[\"32:78\", \"19:27\", \"32:49\"]"
  }
},
{
  "model": "dcim.cablepath",
  "pk": 143,
  "fields": {
    "path": [
      [
        "32:49"
      ],
      [
        "19:27"
      ],
      [
        "32:78"
      ]
    ],
    "is_active": true,
    "is_complete": true,
    "is_split": false,
    "_nodes": "[\"32:49\", \"19:27\", \"32:78\"]"
  }
},
{
  "model": "dcim.cablepath",
  "pk": 144,
  "fields": {
    "path": [
      [
        "32:74"
      ],
      [
        "19:28"
      ],
      [
        "32:7"
      ]
    ],
    "is_active": true,
    "is_complete": true,
    "is_split": false,
    "_nodes": "[\"32:74\", \"19:28\", \"32:7\"]"
  }
},
{
  "model": "dcim.cablepath",
  "pk": 145,
  "fields": {
    "path": [
      [
        "32:7"
      ],
      [
        "19:28"
      ],
      [
        "32:74"
      ]
    ],
    "is_active": true,
    "is_complete": true,
    "is_split": false,
    "_nodes": "[\"32:7\", \"19:28\", \"32:74\"]"
  }
},
{
  "model": "dcim.cablepath",
  "pk": 146,
  "fields": {
    "path": [
      [
        "32:75"
      ],
      [
        "19:29"
      ],
      [
        "32:8"
      ]
    ],
    "is_active": true,
    "is_complete": true,
    "is_split": false,
    "_nodes": "[\"32:75\", \"19:29\", \"32:8\"]"
  }
},
{
  "model": "dcim.cablepath",
  "pk": 147,
  "fields": {
    "path": [
      [
        "32:8"
      ],
      [
        "19:29"
      ],
      [
        "32:75"
      ]
    ],
    "is_active": true,
    "is_complete": true,
    "is_split": false,
    "_nodes": "[\"32:8\", \"19:29\", \"32:75\"]"
  }
},
{
  "model": "dcim.cablepath",
  "pk": 174,
  "fields": {
    "path": [
      [
        "32:46"
      ],
      [
        "19:71"
      ],
      [
        "32:58"
      ]
    ],
    "is_active": true,
    "is_complete": true,
    "is_split": false,
    "_nodes": "[\"32:46\", \"19:71\", \"32:58\"]"
  }
},
{
  "model": "dcim.cablepath",
  "pk": 175,
  "fields": {
    "path": [
      [
        "32:58"
      ],
      [
        "19:71"
      ],
      [
        "32:46"
      ]
    ],
    "is_active": true,
    "is_complete": true,
    "is_split": false,
    "_nodes": "[\"32:58\", \"19:71\", \"32:46\"]"
  }
},
{
  "model": "dcim.cablepath",
  "pk": 176,
  "fields": {
    "path": [
      [
        "32:47"
      ],
      [
        "19:72"
      ],
      [
        "32:61"
      ]
    ],
    "is_active": true,
    "is_complete": true,
    "is_split": false,
    "_nodes": "[\"32:47\", \"19:72\", \"32:61\"]"
  }
},
{
  "model": "dcim.cablepath",
  "pk": 177,
  "fields": {
    "path": [
      [
        "32:61"
      ],
      [
        "19:72"
      ],
      [
        "32:47"
      ]
    ],
    "is_active": true,
    "is_complete": true,
    "is_split": false,
    "_nodes": "[\"32:61\", \"19:72\", \"32:47\"]"
  }
},
{
  "model": "dcim.cablepath",
  "pk": 178,
  "fields": {
    "path": [
      [
        "42:9"
      ],
      [
        "19:73"
      ],
      [
        "38:1"
      ]
    ],
    "is_active": true,
    "is_complete": true,
    "is_split": false,
    "_nodes": "[\"42:9\", \"19:73\", \"38:1\"]"
  }
},
{
  "model": "dcim.cablepath",
  "pk": 179,
  "fields": {
    "path": [
      [
        "38:1"
      ],
      [
        "19:73"
      ],
      [
        "42:9"
      ]
    ],
    "is_active": true,
    "is_complete": true,
    "is_split": false,
    "_nodes": "[\"38:1\", \"19:73\", \"42:9\"]"
  }
},
{
  "model": "dcim.cablepath",
  "pk": 180,
  "fields": {
    "path": [
      [
        "42:10"
      ],
      [
        "19:74"
      ],
      [
        "38:2"
      ]
    ],
    "is_active": true,
    "is_complete": true,
    "is_split": false,
    "_nodes": "[\"42:10\", \"19:74\", \"38:2\"]"
  }
},
{
  "model": "dcim.cablepath",
  "pk": 181,
  "fields": {
    "path": [
      [
        "38:2"
      ],
      [
        "19:74"
      ],
      [
        "42:10"
      ]
    ],
    "is_active": true,
    "is_complete": true,
    "is_split": false,
    "_nodes": "[\"38:2\", \"19:74\", \"42:10\"]"
  }
},
{
  "model": "dcim.consoleporttemplate",
  "pk": 1,
  "fields": {
    "created": "2022-12-22T12:00:04.352Z",
    "last_updated": "2022-12-22T12:00:04.352Z",
    "name": "Console",
    "_name": "Console",
    "label": "",
    "description": "",
    "device_type": 1,
    "module_type": null,
    "type": "rj-45"
  }
},
{
  "model": "dcim.consoleporttemplate",
  "pk": 2,
  "fields": {
    "created": "2022-12-22T12:00:42.270Z",
    "last_updated": "2022-12-22T12:00:42.270Z",
    "name": "Console",
    "_name": "Console",
    "label": "",
    "description": "",
    "device_type": 3,
    "module_type": null,
    "type": "rj-45"
  }
},
{
  "model": "dcim.consoleporttemplate",
  "pk": 3,
  "fields": {
    "created": "2022-12-22T12:00:42.287Z",
    "last_updated": "2022-12-22T12:00:42.287Z",
    "name": "Console (USB)",
    "_name": "Console (USB)",
    "label": "",
    "description": "",
    "device_type": 3,
    "module_type": null,
    "type": "usb-mini-b"
  }
},
{
  "model": "dcim.consoleporttemplate",
  "pk": 4,
  "fields": {
    "created": "2022-12-22T12:00:51.939Z",
    "last_updated": "2022-12-22T12:00:51.939Z",
    "name": "con 0",
    "_name": "con 00000000",
    "label": "",
    "description": "",
    "device_type": 4,
    "module_type": null,
    "type": "rj-45"
  }
},
{
  "model": "dcim.consoleporttemplate",
  "pk": 5,
  "fields": {
    "created": "2022-12-22T12:00:51.953Z",
    "last_updated": "2022-12-22T12:00:51.953Z",
    "name": "usb",
    "_name": "usb",
    "label": "",
    "description": "",
    "device_type": 4,
    "module_type": null,
    "type": "usb-mini-b"
  }
},
{
  "model": "dcim.consoleporttemplate",
  "pk": 6,
  "fields": {
    "created": "2022-12-22T13:46:29.959Z",
    "last_updated": "2022-12-22T13:46:29.959Z",
    "name": "Serial",
    "_name": "Serial",
    "label": "",
    "description": "",
    "device_type": 6,
    "module_type": null,
    "type": "de-9"
  }
},
{
  "model": "dcim.consoleporttemplate",
  "pk": 7,
  "fields": {
    "created": "2022-12-22T13:46:29.978Z",
    "last_updated": "2022-12-22T13:46:29.978Z",
    "name": "VGA",
    "_name": "VGA",
    "label": "",
    "description": "",
    "device_type": 6,
    "module_type": null,
    "type": "other"
  }
},
{
  "model": "dcim.consoleporttemplate",
  "pk": 8,
  "fields": {
    "created": "2022-12-22T15:06:32.657Z",
    "last_updated": "2022-12-22T15:06:32.657Z",
    "name": "Serial",
    "_name": "Serial",
    "label": "",
    "description": "",
    "device_type": null,
    "module_type": 1,
    "type": "rj-12"
  }
},
{
  "model": "dcim.consoleporttemplate",
  "pk": 9,
  "fields": {
    "created": "2022-12-22T15:08:38.688Z",
    "last_updated": "2022-12-22T15:08:38.688Z",
    "name": "Serial",
    "_name": "Serial",
    "label": "",
    "description": "",
    "device_type": 7,
    "module_type": null,
    "type": "rj-12"
  }
},
{
  "model": "dcim.consoleporttemplate",
  "pk": 10,
  "fields": {
    "created": "2023-06-22T12:50:44.111Z",
    "last_updated": "2023-06-22T12:50:44.111Z",
    "name": "Console",
    "_name": "Console",
    "label": "",
    "description": "",
    "device_type": 11,
    "module_type": null,
    "type": "rj-45"
  }
},
{
  "model": "dcim.consoleporttemplate",
  "pk": 11,
  "fields": {
    "created": "2023-06-22T12:50:44.129Z",
    "last_updated": "2023-06-22T12:50:44.129Z",
    "name": "usb",
    "_name": "usb",
    "label": "",
    "description": "",
    "device_type": 11,
    "module_type": null,
    "type": "usb-mini-b"
  }
},
{
  "model": "dcim.consoleserverporttemplate",
  "pk": 1,
  "fields": {
    "created": "2022-12-22T12:00:04.375Z",
    "last_updated": "2022-12-22T12:00:04.375Z",
    "name": "ttyS1",
    "_name": "ttyS00000001",
    "label": "",
    "description": "",
    "device_type": 1,
    "module_type": null,
    "type": "rj-45"
  }
},
{
  "model": "dcim.consoleserverporttemplate",
  "pk": 2,
  "fields": {
    "created": "2022-12-22T12:00:04.393Z",
    "last_updated": "2022-12-22T12:00:04.393Z",
    "name": "ttyS2",
    "_name": "ttyS00000002",
    "label": "",
    "description": "",
    "device_type": 1,
    "module_type": null,
    "type": "rj-45"
  }
},
{
  "model": "dcim.consoleserverporttemplate",
  "pk": 3,
  "fields": {
    "created": "2022-12-22T12:00:04.408Z",
    "last_updated": "2022-12-22T12:00:04.408Z",
    "name": "ttyS3",
    "_name": "ttyS00000003",
    "label": "",
    "description": "",
    "device_type": 1,
    "module_type": null,
    "type": "rj-45"
  }
},
{
  "model": "dcim.consoleserverporttemplate",
  "pk": 4,
  "fields": {
    "created": "2022-12-22T12:00:04.423Z",
    "last_updated": "2022-12-22T12:00:04.423Z",
    "name": "ttyS4",
    "_name": "ttyS00000004",
    "label": "",
    "description": "",
    "device_type": 1,
    "module_type": null,
    "type": "rj-45"
  }
},
{
  "model": "dcim.consoleserverporttemplate",
  "pk": 5,
  "fields": {
    "created": "2022-12-22T12:00:04.436Z",
    "last_updated": "2022-12-22T12:00:04.436Z",
    "name": "ttyS5",
    "_name": "ttyS00000005",
    "label": "",
    "description": "",
    "device_type": 1,
    "module_type": null,
    "type": "rj-45"
  }
},
{
  "model": "dcim.consoleserverporttemplate",
  "pk": 6,
  "fields": {
    "created": "2022-12-22T12:00:04.453Z",
    "last_updated": "2022-12-22T12:00:04.453Z",
    "name": "ttyS6",
    "_name": "ttyS00000006",
    "label": "",
    "description": "",
    "device_type": 1,
    "module_type": null,
    "type": "rj-45"
  }
},
{
  "model": "dcim.consoleserverporttemplate",
  "pk": 7,
  "fields": {
    "created": "2022-12-22T12:00:04.470Z",
    "last_updated": "2022-12-22T12:00:04.470Z",
    "name": "ttyS7",
    "_name": "ttyS00000007",
    "label": "",
    "description": "",
    "device_type": 1,
    "module_type": null,
    "type": "rj-45"
  }
},
{
  "model": "dcim.consoleserverporttemplate",
  "pk": 8,
  "fields": {
    "created": "2022-12-22T12:00:04.486Z",
    "last_updated": "2022-12-22T12:00:04.486Z",
    "name": "ttyS8",
    "_name": "ttyS00000008",
    "label": "",
    "description": "",
    "device_type": 1,
    "module_type": null,
    "type": "rj-45"
  }
},
{
  "model": "dcim.consoleserverporttemplate",
  "pk": 9,
  "fields": {
    "created": "2022-12-22T12:00:04.502Z",
    "last_updated": "2022-12-22T12:00:04.503Z",
    "name": "ttyS9",
    "_name": "ttyS00000009",
    "label": "",
    "description": "",
    "device_type": 1,
    "module_type": null,
    "type": "rj-45"
  }
},
{
  "model": "dcim.consoleserverporttemplate",
  "pk": 10,
  "fields": {
    "created": "2022-12-22T12:00:04.519Z",
    "last_updated": "2022-12-22T12:00:04.519Z",
    "name": "ttyS10",
    "_name": "ttyS00000010",
    "label": "",
    "description": "",
    "device_type": 1,
    "module_type": null,
    "type": "rj-45"
  }
},
{
  "model": "dcim.consoleserverporttemplate",
  "pk": 11,
  "fields": {
    "created": "2022-12-22T12:00:04.535Z",
    "last_updated": "2022-12-22T12:00:04.535Z",
    "name": "ttyS11",
    "_name": "ttyS00000011",
    "label": "",
    "description": "",
    "device_type": 1,
    "module_type": null,
    "type": "rj-45"
  }
},
{
  "model": "dcim.consoleserverporttemplate",
  "pk": 12,
  "fields": {
    "created": "2022-12-22T12:00:04.552Z",
    "last_updated": "2022-12-22T12:00:04.552Z",
    "name": "ttyS12",
    "_name": "ttyS00000012",
    "label": "",
    "description": "",
    "device_type": 1,
    "module_type": null,
    "type": "rj-45"
  }
},
{
  "model": "dcim.consoleserverporttemplate",
  "pk": 13,
  "fields": {
    "created": "2022-12-22T12:00:04.580Z",
    "last_updated": "2022-12-22T12:00:04.580Z",
    "name": "ttyS13",
    "_name": "ttyS00000013",
    "label": "",
    "description": "",
    "device_type": 1,
    "module_type": null,
    "type": "rj-45"
  }
},
{
  "model": "dcim.consoleserverporttemplate",
  "pk": 14,
  "fields": {
    "created": "2022-12-22T12:00:04.598Z",
    "last_updated": "2022-12-22T12:00:04.598Z",
    "name": "ttyS14",
    "_name": "ttyS00000014",
    "label": "",
    "description": "",
    "device_type": 1,
    "module_type": null,
    "type": "rj-45"
  }
},
{
  "model": "dcim.consoleserverporttemplate",
  "pk": 15,
  "fields": {
    "created": "2022-12-22T12:00:04.616Z",
    "last_updated": "2022-12-22T12:00:04.616Z",
    "name": "ttyS15",
    "_name": "ttyS00000015",
    "label": "",
    "description": "",
    "device_type": 1,
    "module_type": null,
    "type": "rj-45"
  }
},
{
  "model": "dcim.consoleserverporttemplate",
  "pk": 16,
  "fields": {
    "created": "2022-12-22T12:00:04.632Z",
    "last_updated": "2022-12-22T12:00:04.632Z",
    "name": "ttyS16",
    "_name": "ttyS00000016",
    "label": "",
    "description": "",
    "device_type": 1,
    "module_type": null,
    "type": "rj-45"
  }
},
{
  "model": "dcim.powerporttemplate",
  "pk": 1,
  "fields": {
    "created": "2022-12-22T12:00:04.650Z",
    "last_updated": "2022-12-22T12:00:04.650Z",
    "name": "ps1",
    "_name": "ps00000001",
    "label": "",
    "description": "",
    "device_type": 1,
    "module_type": null,
    "type": "iec-60320-c14",
    "maximum_draw": 35,
    "allocated_draw": null
  }
},
{
  "model": "dcim.powerporttemplate",
  "pk": 2,
  "fields": {
    "created": "2022-12-22T12:00:42.312Z",
    "last_updated": "2022-12-22T12:00:42.312Z",
    "name": "PSU0",
    "_name": "PSU00000000",
    "label": "",
    "description": "",
    "device_type": 3,
    "module_type": null,
    "type": "iec-60320-c14",
    "maximum_draw": 1100,
    "allocated_draw": null
  }
},
{
  "model": "dcim.powerporttemplate",
  "pk": 3,
  "fields": {
    "created": "2022-12-22T12:00:42.330Z",
    "last_updated": "2022-12-22T12:00:42.330Z",
    "name": "PSU1",
    "_name": "PSU00000001",
    "label": "",
    "description": "",
    "device_type": 3,
    "module_type": null,
    "type": "iec-60320-c14",
    "maximum_draw": 1100,
    "allocated_draw": null
  }
},
{
  "model": "dcim.powerporttemplate",
  "pk": 4,
  "fields": {
    "created": "2022-12-22T12:00:51.969Z",
    "last_updated": "2022-12-22T12:00:51.969Z",
    "name": "PSU0",
    "_name": "PSU00000000",
    "label": "",
    "description": "",
    "device_type": 4,
    "module_type": null,
    "type": "iec-60320-c6",
    "maximum_draw": 125,
    "allocated_draw": null
  }
},
{
  "model": "dcim.powerporttemplate",
  "pk": 5,
  "fields": {
    "created": "2022-12-22T13:46:29.996Z",
    "last_updated": "2022-12-22T13:46:29.997Z",
    "name": "PSU1",
    "_name": "PSU00000001",
    "label": "",
    "description": "",
    "device_type": 6,
    "module_type": null,
    "type": "iec-60320-c14",
    "maximum_draw": 1400,
    "allocated_draw": null
  }
},
{
  "model": "dcim.powerporttemplate",
  "pk": 6,
  "fields": {
    "created": "2022-12-22T13:46:30.022Z",
    "last_updated": "2022-12-22T13:46:30.022Z",
    "name": "PSU2",
    "_name": "PSU00000002",
    "label": "",
    "description": "",
    "device_type": 6,
    "module_type": null,
    "type": "iec-60320-c14",
    "maximum_draw": 1400,
    "allocated_draw": null
  }
},
{
  "model": "dcim.powerporttemplate",
  "pk": 7,
  "fields": {
    "created": "2022-12-22T15:06:32.670Z",
    "last_updated": "2022-12-22T15:06:32.670Z",
    "name": "Power Port 1",
    "_name": "Power Port 00000001",
    "label": "",
    "description": "",
    "device_type": null,
    "module_type": 1,
    "type": "iec-60320-c20",
    "maximum_draw": null,
    "allocated_draw": null
  }
},
{
  "model": "dcim.powerporttemplate",
  "pk": 8,
  "fields": {
    "created": "2022-12-22T15:08:38.707Z",
    "last_updated": "2022-12-22T15:08:38.707Z",
    "name": "Power Port 1",
    "_name": "Power Port 00000001",
    "label": "",
    "description": "",
    "device_type": 7,
    "module_type": null,
    "type": "iec-60320-c20",
    "maximum_draw": null,
    "allocated_draw": null
  }
},
{
  "model": "dcim.powerporttemplate",
  "pk": 9,
  "fields": {
    "created": "2023-06-22T12:50:44.141Z",
    "last_updated": "2023-06-22T12:50:44.141Z",
    "name": "PS-1",
    "_name": "PS-00000001",
    "label": "",
    "description": "",
    "device_type": 11,
    "module_type": null,
    "type": "iec-60320-c14",
    "maximum_draw": 600,
    "allocated_draw": null
  }
},
{
  "model": "dcim.powerporttemplate",
  "pk": 10,
  "fields": {
    "created": "2023-06-22T12:50:44.161Z",
    "last_updated": "2023-06-22T12:50:44.161Z",
    "name": "PS-2",
    "_name": "PS-00000002",
    "label": "",
    "description": "",
    "device_type": 11,
    "module_type": null,
    "type": "iec-60320-c14",
    "maximum_draw": 600,
    "allocated_draw": null
  }
},
{
  "model": "dcim.poweroutlettemplate",
  "pk": 1,
  "fields": {
    "created": "2022-12-22T15:06:32.691Z",
    "last_updated": "2022-12-22T15:06:32.691Z",
    "name": "Outlet 1",
    "_name": "Outlet 00000001",
    "label": "",
    "description": "",
    "device_type": null,
    "module_type": 1,
    "type": "iec-60320-c13",
    "power_port": 7,
    "feed_leg": ""
  }
},
{
  "model": "dcim.poweroutlettemplate",
  "pk": 2,
  "fields": {
    "created": "2022-12-22T15:06:32.712Z",
    "last_updated": "2022-12-22T15:06:32.712Z",
    "name": "Outlet 2",
    "_name": "Outlet 00000002",
    "label": "",
    "description": "",
    "device_type": null,
    "module_type": 1,
    "type": "iec-60320-c13",
    "power_port": 7,
    "feed_leg": ""
  }
},
{
  "model": "dcim.poweroutlettemplate",
  "pk": 3,
  "fields": {
    "created": "2022-12-22T15:06:32.730Z",
    "last_updated": "2022-12-22T15:06:32.730Z",
    "name": "Outlet 3",
    "_name": "Outlet 00000003",
    "label": "",
    "description": "",
    "device_type": null,
    "module_type": 1,
    "type": "iec-60320-c13",
    "power_port": 7,
    "feed_leg": ""
  }
},
{
  "model": "dcim.poweroutlettemplate",
  "pk": 4,
  "fields": {
    "created": "2022-12-22T15:06:32.746Z",
    "last_updated": "2022-12-22T15:06:32.746Z",
    "name": "Outlet 4",
    "_name": "Outlet 00000004",
    "label": "",
    "description": "",
    "device_type": null,
    "module_type": 1,
    "type": "iec-60320-c13",
    "power_port": 7,
    "feed_leg": ""
  }
},
{
  "model": "dcim.poweroutlettemplate",
  "pk": 5,
  "fields": {
    "created": "2022-12-22T15:06:32.761Z",
    "last_updated": "2022-12-22T15:06:32.761Z",
    "name": "Outlet 5",
    "_name": "Outlet 00000005",
    "label": "",
    "description": "",
    "device_type": null,
    "module_type": 1,
    "type": "iec-60320-c13",
    "power_port": 7,
    "feed_leg": ""
  }
},
{
  "model": "dcim.poweroutlettemplate",
  "pk": 6,
  "fields": {
    "created": "2022-12-22T15:06:32.774Z",
    "last_updated": "2022-12-22T15:06:32.774Z",
    "name": "Outlet 6",
    "_name": "Outlet 00000006",
    "label": "",
    "description": "",
    "device_type": null,
    "module_type": 1,
    "type": "iec-60320-c13",
    "power_port": 7,
    "feed_leg": ""
  }
},
{
  "model": "dcim.poweroutlettemplate",
  "pk": 7,
  "fields": {
    "created": "2022-12-22T15:06:32.791Z",
    "last_updated": "2022-12-22T15:06:32.791Z",
    "name": "Outlet 7",
    "_name": "Outlet 00000007",
    "label": "",
    "description": "",
    "device_type": null,
    "module_type": 1,
    "type": "iec-60320-c13",
    "power_port": 7,
    "feed_leg": ""
  }
},
{
  "model": "dcim.poweroutlettemplate",
  "pk": 8,
  "fields": {
    "created": "2022-12-22T15:06:32.808Z",
    "last_updated": "2022-12-22T15:06:32.808Z",
    "name": "Outlet 8",
    "_name": "Outlet 00000008",
    "label": "",
    "description": "",
    "device_type": null,
    "module_type": 1,
    "type": "iec-60320-c13",
    "power_port": 7,
    "feed_leg": ""
  }
},
{
  "model": "dcim.poweroutlettemplate",
  "pk": 9,
  "fields": {
    "created": "2022-12-22T15:08:38.729Z",
    "last_updated": "2022-12-22T15:08:38.730Z",
    "name": "Outlet 1",
    "_name": "Outlet 00000001",
    "label": "",
    "description": "",
    "device_type": 7,
    "module_type": null,
    "type": "iec-60320-c13",
    "power_port": 8,
    "feed_leg": ""
  }
},
{
  "model": "dcim.poweroutlettemplate",
  "pk": 10,
  "fields": {
    "created": "2022-12-22T15:08:38.748Z",
    "last_updated": "2022-12-22T15:08:38.748Z",
    "name": "Outlet 2",
    "_name": "Outlet 00000002",
    "label": "",
    "description": "",
    "device_type": 7,
    "module_type": null,
    "type": "iec-60320-c13",
    "power_port": 8,
    "feed_leg": ""
  }
},
{
  "model": "dcim.poweroutlettemplate",
  "pk": 11,
  "fields": {
    "created": "2022-12-22T15:08:38.773Z",
    "last_updated": "2022-12-22T15:08:38.773Z",
    "name": "Outlet 3",
    "_name": "Outlet 00000003",
    "label": "",
    "description": "",
    "device_type": 7,
    "module_type": null,
    "type": "iec-60320-c13",
    "power_port": 8,
    "feed_leg": ""
  }
},
{
  "model": "dcim.poweroutlettemplate",
  "pk": 12,
  "fields": {
    "created": "2022-12-22T15:08:38.798Z",
    "last_updated": "2022-12-22T15:08:38.798Z",
    "name": "Outlet 4",
    "_name": "Outlet 00000004",
    "label": "",
    "description": "",
    "device_type": 7,
    "module_type": null,
    "type": "iec-60320-c13",
    "power_port": 8,
    "feed_leg": ""
  }
},
{
  "model": "dcim.poweroutlettemplate",
  "pk": 13,
  "fields": {
    "created": "2022-12-22T15:08:38.817Z",
    "last_updated": "2022-12-22T15:08:38.817Z",
    "name": "Outlet 5",
    "_name": "Outlet 00000005",
    "label": "",
    "description": "",
    "device_type": 7,
    "module_type": null,
    "type": "iec-60320-c13",
    "power_port": 8,
    "feed_leg": ""
  }
},
{
  "model": "dcim.poweroutlettemplate",
  "pk": 14,
  "fields": {
    "created": "2022-12-22T15:08:38.836Z",
    "last_updated": "2022-12-22T15:08:38.836Z",
    "name": "Outlet 6",
    "_name": "Outlet 00000006",
    "label": "",
    "description": "",
    "device_type": 7,
    "module_type": null,
    "type": "iec-60320-c13",
    "power_port": 8,
    "feed_leg": ""
  }
},
{
  "model": "dcim.poweroutlettemplate",
  "pk": 15,
  "fields": {
    "created": "2022-12-22T15:08:38.857Z",
    "last_updated": "2022-12-22T15:08:38.857Z",
    "name": "Outlet 7",
    "_name": "Outlet 00000007",
    "label": "",
    "description": "",
    "device_type": 7,
    "module_type": null,
    "type": "iec-60320-c13",
    "power_port": 8,
    "feed_leg": ""
  }
},
{
  "model": "dcim.poweroutlettemplate",
  "pk": 16,
  "fields": {
    "created": "2022-12-22T15:08:38.876Z",
    "last_updated": "2022-12-22T15:08:38.876Z",
    "name": "Outlet 8",
    "_name": "Outlet 00000008",
    "label": "",
    "description": "",
    "device_type": 7,
    "module_type": null,
    "type": "iec-60320-c13",
    "power_port": 8,
    "feed_leg": ""
  }
},
{
  "model": "dcim.interfacetemplate",
  "pk": 1,
  "fields": {
    "created": "2022-12-22T12:00:04.675Z",
    "last_updated": "2022-12-22T12:00:04.675Z",
    "name": "Ethernet",
    "label": "",
    "description": "",
    "device_type": 1,
    "module_type": null,
    "_name": "9999999999999999Ethernet..................",
    "type": "100base-tx",
    "enabled": true,
    "mgmt_only": false,
    "bridge": null,
    "poe_mode": "",
    "poe_type": ""
  }
},
{
  "model": "dcim.interfacetemplate",
  "pk": 2,
  "fields": {
    "created": "2022-12-22T12:00:42.346Z",
    "last_updated": "2022-12-22T12:00:42.346Z",
    "name": "ge-0/0/0",
    "label": "",
    "description": "",
    "device_type": 3,
    "module_type": null,
    "_name": "0000000099999999ge-000000............",
    "type": "1000base-t",
    "enabled": true,
    "mgmt_only": false,
    "bridge": null,
    "poe_mode": "",
    "poe_type": ""
  }
},
{
  "model": "dcim.interfacetemplate",
  "pk": 3,
  "fields": {
    "created": "2022-12-22T12:00:42.366Z",
    "last_updated": "2022-12-22T12:00:42.366Z",
    "name": "ge-0/0/1",
    "label": "",
    "description": "",
    "device_type": 3,
    "module_type": null,
    "_name": "0000000099999999ge-000001............",
    "type": "1000base-t",
    "enabled": true,
    "mgmt_only": false,
    "bridge": null,
    "poe_mode": "",
    "poe_type": ""
  }
},
{
  "model": "dcim.interfacetemplate",
  "pk": 4,
  "fields": {
    "created": "2022-12-22T12:00:42.380Z",
    "last_updated": "2022-12-22T12:00:42.380Z",
    "name": "ge-0/0/2",
    "label": "",
    "description": "",
    "device_type": 3,
    "module_type": null,
    "_name": "0000000099999999ge-000002............",
    "type": "1000base-t",
    "enabled": true,
    "mgmt_only": false,
    "bridge": null,
    "poe_mode": "",
    "poe_type": ""
  }
},
{
  "model": "dcim.interfacetemplate",
  "pk": 5,
  "fields": {
    "created": "2022-12-22T12:00:42.396Z",
    "last_updated": "2022-12-22T12:00:42.396Z",
    "name": "ge-0/0/3",
    "label": "",
    "description": "",
    "device_type": 3,
    "module_type": null,
    "_name": "0000000099999999ge-000003............",
    "type": "1000base-t",
    "enabled": true,
    "mgmt_only": false,
    "bridge": null,
    "poe_mode": "",
    "poe_type": ""
  }
},
{
  "model": "dcim.interfacetemplate",
  "pk": 6,
  "fields": {
    "created": "2022-12-22T12:00:42.414Z",
    "last_updated": "2022-12-22T12:00:42.414Z",
    "name": "ge-0/0/4",
    "label": "",
    "description": "",
    "device_type": 3,
    "module_type": null,
    "_name": "0000000099999999ge-000004............",
    "type": "1000base-t",
    "enabled": true,
    "mgmt_only": false,
    "bridge": null,
    "poe_mode": "",
    "poe_type": ""
  }
},
{
  "model": "dcim.interfacetemplate",
  "pk": 7,
  "fields": {
    "created": "2022-12-22T12:00:42.430Z",
    "last_updated": "2022-12-22T12:00:42.430Z",
    "name": "ge-0/0/5",
    "label": "",
    "description": "",
    "device_type": 3,
    "module_type": null,
    "_name": "0000000099999999ge-000005............",
    "type": "1000base-t",
    "enabled": true,
    "mgmt_only": false,
    "bridge": null,
    "poe_mode": "",
    "poe_type": ""
  }
},
{
  "model": "dcim.interfacetemplate",
  "pk": 8,
  "fields": {
    "created": "2022-12-22T12:00:42.445Z",
    "last_updated": "2022-12-22T12:00:42.445Z",
    "name": "ge-0/0/6",
    "label": "",
    "description": "",
    "device_type": 3,
    "module_type": null,
    "_name": "0000000099999999ge-000006............",
    "type": "1000base-t",
    "enabled": true,
    "mgmt_only": false,
    "bridge": null,
    "poe_mode": "",
    "poe_type": ""
  }
},
{
  "model": "dcim.interfacetemplate",
  "pk": 9,
  "fields": {
    "created": "2022-12-22T12:00:42.462Z",
    "last_updated": "2022-12-22T12:00:42.462Z",
    "name": "ge-0/0/7",
    "label": "",
    "description": "",
    "device_type": 3,
    "module_type": null,
    "_name": "0000000099999999ge-000007............",
    "type": "1000base-t",
    "enabled": true,
    "mgmt_only": false,
    "bridge": null,
    "poe_mode": "",
    "poe_type": ""
  }
},
{
  "model": "dcim.interfacetemplate",
  "pk": 10,
  "fields": {
    "created": "2022-12-22T12:00:42.480Z",
    "last_updated": "2022-12-22T12:00:42.480Z",
    "name": "ge-0/0/8",
    "label": "",
    "description": "",
    "device_type": 3,
    "module_type": null,
    "_name": "0000000099999999ge-000008............",
    "type": "1000base-t",
    "enabled": true,
    "mgmt_only": false,
    "bridge": null,
    "poe_mode": "",
    "poe_type": ""
  }
},
{
  "model": "dcim.interfacetemplate",
  "pk": 11,
  "fields": {
    "created": "2022-12-22T12:00:42.498Z",
    "last_updated": "2022-12-22T12:00:42.498Z",
    "name": "ge-0/0/9",
    "label": "",
    "description": "",
    "device_type": 3,
    "module_type": null,
    "_name": "0000000099999999ge-000009............",
    "type": "1000base-t",
    "enabled": true,
    "mgmt_only": false,
    "bridge": null,
    "poe_mode": "",
    "poe_type": ""
  }
},
{
  "model": "dcim.interfacetemplate",
  "pk": 12,
  "fields": {
    "created": "2022-12-22T12:00:42.513Z",
    "last_updated": "2022-12-22T12:00:42.513Z",
    "name": "ge-0/0/10",
    "label": "",
    "description": "",
    "device_type": 3,
    "module_type": null,
    "_name": "0000000099999999ge-000010............",
    "type": "1000base-t",
    "enabled": true,
    "mgmt_only": false,
    "bridge": null,
    "poe_mode": "",
    "poe_type": ""
  }
},
{
  "model": "dcim.interfacetemplate",
  "pk": 13,
  "fields": {
    "created": "2022-12-22T12:00:42.527Z",
    "last_updated": "2022-12-22T12:00:42.527Z",
    "name": "ge-0/0/11",
    "label": "",
    "description": "",
    "device_type": 3,
    "module_type": null,
    "_name": "0000000099999999ge-000011............",
    "type": "1000base-t",
    "enabled": true,
    "mgmt_only": false,
    "bridge": null,
    "poe_mode": "",
    "poe_type": ""
  }
},
{
  "model": "dcim.interfacetemplate",
  "pk": 14,
  "fields": {
    "created": "2022-12-22T12:00:42.542Z",
    "last_updated": "2022-12-22T12:00:42.542Z",
    "name": "ge-0/0/12",
    "label": "",
    "description": "",
    "device_type": 3,
    "module_type": null,
    "_name": "0000000099999999ge-000012............",
    "type": "1000base-t",
    "enabled": true,
    "mgmt_only": false,
    "bridge": null,
    "poe_mode": "",
    "poe_type": ""
  }
},
{
  "model": "dcim.interfacetemplate",
  "pk": 15,
  "fields": {
    "created": "2022-12-22T12:00:42.558Z",
    "last_updated": "2022-12-22T12:00:42.558Z",
    "name": "ge-0/0/13",
    "label": "",
    "description": "",
    "device_type": 3,
    "module_type": null,
    "_name": "0000000099999999ge-000013............",
    "type": "1000base-t",
    "enabled": true,
    "mgmt_only": false,
    "bridge": null,
    "poe_mode": "",
    "poe_type": ""
  }
},
{
  "model": "dcim.interfacetemplate",
  "pk": 16,
  "fields": {
    "created": "2022-12-22T12:00:42.575Z",
    "last_updated": "2022-12-22T12:00:42.575Z",
    "name": "ge-0/0/14",
    "label": "",
    "description": "",
    "device_type": 3,
    "module_type": null,
    "_name": "0000000099999999ge-000014............",
    "type": "1000base-t",
    "enabled": true,
    "mgmt_only": false,
    "bridge": null,
    "poe_mode": "",
    "poe_type": ""
  }
},
{
  "model": "dcim.interfacetemplate",
  "pk": 17,
  "fields": {
    "created": "2022-12-22T12:00:42.592Z",
    "last_updated": "2022-12-22T12:00:42.592Z",
    "name": "ge-0/0/15",
    "label": "",
    "description": "",
    "device_type": 3,
    "module_type": null,
    "_name": "0000000099999999ge-000015............",
    "type": "1000base-t",
    "enabled": true,
    "mgmt_only": false,
    "bridge": null,
    "poe_mode": "",
    "poe_type": ""
  }
},
{
  "model": "dcim.interfacetemplate",
  "pk": 18,
  "fields": {
    "created": "2022-12-22T12:00:42.609Z",
    "last_updated": "2022-12-22T12:00:42.609Z",
    "name": "ge-0/0/16",
    "label": "",
    "description": "",
    "device_type": 3,
    "module_type": null,
    "_name": "0000000099999999ge-000016............",
    "type": "1000base-t",
    "enabled": true,
    "mgmt_only": false,
    "bridge": null,
    "poe_mode": "",
    "poe_type": ""
  }
},
{
  "model": "dcim.interfacetemplate",
  "pk": 19,
  "fields": {
    "created": "2022-12-22T12:00:42.626Z",
    "last_updated": "2022-12-22T12:00:42.626Z",
    "name": "ge-0/0/17",
    "label": "",
    "description": "",
    "device_type": 3,
    "module_type": null,
    "_name": "0000000099999999ge-000017............",
    "type": "1000base-t",
    "enabled": true,
    "mgmt_only": false,
    "bridge": null,
    "poe_mode": "",
    "poe_type": ""
  }
},
{
  "model": "dcim.interfacetemplate",
  "pk": 20,
  "fields": {
    "created": "2022-12-22T12:00:42.643Z",
    "last_updated": "2022-12-22T12:00:42.643Z",
    "name": "ge-0/0/18",
    "label": "",
    "description": "",
    "device_type": 3,
    "module_type": null,
    "_name": "0000000099999999ge-000018............",
    "type": "1000base-t",
    "enabled": true,
    "mgmt_only": false,
    "bridge": null,
    "poe_mode": "",
    "poe_type": ""
  }
},
{
  "model": "dcim.interfacetemplate",
  "pk": 21,
  "fields": {
    "created": "2022-12-22T12:00:42.662Z",
    "last_updated": "2022-12-22T12:00:42.662Z",
    "name": "ge-0/0/19",
    "label": "",
    "description": "",
    "device_type": 3,
    "module_type": null,
    "_name": "0000000099999999ge-000019............",
    "type": "1000base-t",
    "enabled": true,
    "mgmt_only": false,
    "bridge": null,
    "poe_mode": "",
    "poe_type": ""
  }
},
{
  "model": "dcim.interfacetemplate",
  "pk": 22,
  "fields": {
    "created": "2022-12-22T12:00:42.679Z",
    "last_updated": "2022-12-22T12:00:42.679Z",
    "name": "ge-0/0/20",
    "label": "",
    "description": "",
    "device_type": 3,
    "module_type": null,
    "_name": "0000000099999999ge-000020............",
    "type": "1000base-t",
    "enabled": true,
    "mgmt_only": false,
    "bridge": null,
    "poe_mode": "",
    "poe_type": ""
  }
},
{
  "model": "dcim.interfacetemplate",
  "pk": 23,
  "fields": {
    "created": "2022-12-22T12:00:42.705Z",
    "last_updated": "2022-12-22T12:00:42.705Z",
    "name": "ge-0/0/21",
    "label": "",
    "description": "",
    "device_type": 3,
    "module_type": null,
    "_name": "0000000099999999ge-000021............",
    "type": "1000base-t",
    "enabled": true,
    "mgmt_only": false,
    "bridge": null,
    "poe_mode": "",
    "poe_type": ""
  }
},
{
  "model": "dcim.interfacetemplate",
  "pk": 24,
  "fields": {
    "created": "2022-12-22T12:00:42.723Z",
    "last_updated": "2022-12-22T12:00:42.723Z",
    "name": "ge-0/0/22",
    "label": "",
    "description": "",
    "device_type": 3,
    "module_type": null,
    "_name": "0000000099999999ge-000022............",
    "type": "1000base-t",
    "enabled": true,
    "mgmt_only": false,
    "bridge": null,
    "poe_mode": "",
    "poe_type": ""
  }
},
{
  "model": "dcim.interfacetemplate",
  "pk": 25,
  "fields": {
    "created": "2022-12-22T12:00:42.741Z",
    "last_updated": "2022-12-22T12:00:42.741Z",
    "name": "ge-0/0/23",
    "label": "",
    "description": "",
    "device_type": 3,
    "module_type": null,
    "_name": "0000000099999999ge-000023............",
    "type": "1000base-t",
    "enabled": true,
    "mgmt_only": false,
    "bridge": null,
    "poe_mode": "",
    "poe_type": ""
  }
},
{
  "model": "dcim.interfacetemplate",
  "pk": 26,
  "fields": {
    "created": "2022-12-22T12:00:42.756Z",
    "last_updated": "2022-12-22T12:00:42.756Z",
    "name": "ge-0/0/24",
    "label": "",
    "description": "",
    "device_type": 3,
    "module_type": null,
    "_name": "0000000099999999ge-000024............",
    "type": "1000base-t",
    "enabled": true,
    "mgmt_only": false,
    "bridge": null,
    "poe_mode": "",
    "poe_type": ""
  }
},
{
  "model": "dcim.interfacetemplate",
  "pk": 27,
  "fields": {
    "created": "2022-12-22T12:00:42.779Z",
    "last_updated": "2022-12-22T12:00:42.779Z",
    "name": "ge-0/0/25",
    "label": "",
    "description": "",
    "device_type": 3,
    "module_type": null,
    "_name": "0000000099999999ge-000025............",
    "type": "1000base-t",
    "enabled": true,
    "mgmt_only": false,
    "bridge": null,
    "poe_mode": "",
    "poe_type": ""
  }
},
{
  "model": "dcim.interfacetemplate",
  "pk": 28,
  "fields": {
    "created": "2022-12-22T12:00:42.797Z",
    "last_updated": "2022-12-22T12:00:42.797Z",
    "name": "ge-0/0/26",
    "label": "",
    "description": "",
    "device_type": 3,
    "module_type": null,
    "_name": "0000000099999999ge-000026............",
    "type": "1000base-t",
    "enabled": true,
    "mgmt_only": false,
    "bridge": null,
    "poe_mode": "",
    "poe_type": ""
  }
},
{
  "model": "dcim.interfacetemplate",
  "pk": 29,
  "fields": {
    "created": "2022-12-22T12:00:42.816Z",
    "last_updated": "2022-12-22T12:00:42.816Z",
    "name": "ge-0/0/27",
    "label": "",
    "description": "",
    "device_type": 3,
    "module_type": null,
    "_name": "0000000099999999ge-000027............",
    "type": "1000base-t",
    "enabled": true,
    "mgmt_only": false,
    "bridge": null,
    "poe_mode": "",
    "poe_type": ""
  }
},
{
  "model": "dcim.interfacetemplate",
  "pk": 30,
  "fields": {
    "created": "2022-12-22T12:00:42.830Z",
    "last_updated": "2022-12-22T12:00:42.830Z",
    "name": "ge-0/0/28",
    "label": "",
    "description": "",
    "device_type": 3,
    "module_type": null,
    "_name": "0000000099999999ge-000028............",
    "type": "1000base-t",
    "enabled": true,
    "mgmt_only": false,
    "bridge": null,
    "poe_mode": "",
    "poe_type": ""
  }
},
{
  "model": "dcim.interfacetemplate",
  "pk": 31,
  "fields": {
    "created": "2022-12-22T12:00:42.849Z",
    "last_updated": "2022-12-22T12:00:42.849Z",
    "name": "ge-0/0/29",
    "label": "",
    "description": "",
    "device_type": 3,
    "module_type": null,
    "_name": "0000000099999999ge-000029............",
    "type": "1000base-t",
    "enabled": true,
    "mgmt_only": false,
    "bridge": null,
    "poe_mode": "",
    "poe_type": ""
  }
},
{
  "model": "dcim.interfacetemplate",
  "pk": 32,
  "fields": {
    "created": "2022-12-22T12:00:42.870Z",
    "last_updated": "2022-12-22T12:00:42.870Z",
    "name": "ge-0/0/30",
    "label": "",
    "description": "",
    "device_type": 3,
    "module_type": null,
    "_name": "0000000099999999ge-000030............",
    "type": "1000base-t",
    "enabled": true,
    "mgmt_only": false,
    "bridge": null,
    "poe_mode": "",
    "poe_type": ""
  }
},
{
  "model": "dcim.interfacetemplate",
  "pk": 33,
  "fields": {
    "created": "2022-12-22T12:00:42.892Z",
    "last_updated": "2022-12-22T12:00:42.892Z",
    "name": "ge-0/0/31",
    "label": "",
    "description": "",
    "device_type": 3,
    "module_type": null,
    "_name": "0000000099999999ge-000031............",
    "type": "1000base-t",
    "enabled": true,
    "mgmt_only": false,
    "bridge": null,
    "poe_mode": "",
    "poe_type": ""
  }
},
{
  "model": "dcim.interfacetemplate",
  "pk": 34,
  "fields": {
    "created": "2022-12-22T12:00:42.909Z",
    "last_updated": "2022-12-22T12:00:42.909Z",
    "name": "ge-0/0/32",
    "label": "",
    "description": "",
    "device_type": 3,
    "module_type": null,
    "_name": "0000000099999999ge-000032............",
    "type": "1000base-t",
    "enabled": true,
    "mgmt_only": false,
    "bridge": null,
    "poe_mode": "",
    "poe_type": ""
  }
},
{
  "model": "dcim.interfacetemplate",
  "pk": 35,
  "fields": {
    "created": "2022-12-22T12:00:42.925Z",
    "last_updated": "2022-12-22T12:00:42.925Z",
    "name": "ge-0/0/33",
    "label": "",
    "description": "",
    "device_type": 3,
    "module_type": null,
    "_name": "0000000099999999ge-000033............",
    "type": "1000base-t",
    "enabled": true,
    "mgmt_only": false,
    "bridge": null,
    "poe_mode": "",
    "poe_type": ""
  }
},
{
  "model": "dcim.interfacetemplate",
  "pk": 36,
  "fields": {
    "created": "2022-12-22T12:00:42.943Z",
    "last_updated": "2022-12-22T12:00:42.943Z",
    "name": "ge-0/0/34",
    "label": "",
    "description": "",
    "device_type": 3,
    "module_type": null,
    "_name": "0000000099999999ge-000034............",
    "type": "1000base-t",
    "enabled": true,
    "mgmt_only": false,
    "bridge": null,
    "poe_mode": "",
    "poe_type": ""
  }
},
{
  "model": "dcim.interfacetemplate",
  "pk": 37,
  "fields": {
    "created": "2022-12-22T12:00:42.958Z",
    "last_updated": "2022-12-22T12:00:42.958Z",
    "name": "ge-0/0/35",
    "label": "",
    "description": "",
    "device_type": 3,
    "module_type": null,
    "_name": "0000000099999999ge-000035............",
    "type": "1000base-t",
    "enabled": true,
    "mgmt_only": false,
    "bridge": null,
    "poe_mode": "",
    "poe_type": ""
  }
},
{
  "model": "dcim.interfacetemplate",
  "pk": 38,
  "fields": {
    "created": "2022-12-22T12:00:42.977Z",
    "last_updated": "2022-12-22T12:00:42.977Z",
    "name": "ge-0/0/36",
    "label": "",
    "description": "",
    "device_type": 3,
    "module_type": null,
    "_name": "0000000099999999ge-000036............",
    "type": "1000base-t",
    "enabled": true,
    "mgmt_only": false,
    "bridge": null,
    "poe_mode": "",
    "poe_type": ""
  }
},
{
  "model": "dcim.interfacetemplate",
  "pk": 39,
  "fields": {
    "created": "2022-12-22T12:00:42.992Z",
    "last_updated": "2022-12-22T12:00:42.992Z",
    "name": "ge-0/0/37",
    "label": "",
    "description": "",
    "device_type": 3,
    "module_type": null,
    "_name": "0000000099999999ge-000037............",
    "type": "1000base-t",
    "enabled": true,
    "mgmt_only": false,
    "bridge": null,
    "poe_mode": "",
    "poe_type": ""
  }
},
{
  "model": "dcim.interfacetemplate",
  "pk": 40,
  "fields": {
    "created": "2022-12-22T12:00:43.009Z",
    "last_updated": "2022-12-22T12:00:43.009Z",
    "name": "ge-0/0/38",
    "label": "",
    "description": "",
    "device_type": 3,
    "module_type": null,
    "_name": "0000000099999999ge-000038............",
    "type": "1000base-t",
    "enabled": true,
    "mgmt_only": false,
    "bridge": null,
    "poe_mode": "",
    "poe_type": ""
  }
},
{
  "model": "dcim.interfacetemplate",
  "pk": 41,
  "fields": {
    "created": "2022-12-22T12:00:43.025Z",
    "last_updated": "2022-12-22T12:00:43.025Z",
    "name": "ge-0/0/39",
    "label": "",
    "description": "",
    "device_type": 3,
    "module_type": null,
    "_name": "0000000099999999ge-000039............",
    "type": "1000base-t",
    "enabled": true,
    "mgmt_only": false,
    "bridge": null,
    "poe_mode": "",
    "poe_type": ""
  }
},
{
  "model": "dcim.interfacetemplate",
  "pk": 42,
  "fields": {
    "created": "2022-12-22T12:00:43.042Z",
    "last_updated": "2022-12-22T12:00:43.042Z",
    "name": "ge-0/0/40",
    "label": "",
    "description": "",
    "device_type": 3,
    "module_type": null,
    "_name": "0000000099999999ge-000040............",
    "type": "1000base-t",
    "enabled": true,
    "mgmt_only": false,
    "bridge": null,
    "poe_mode": "",
    "poe_type": ""
  }
},
{
  "model": "dcim.interfacetemplate",
  "pk": 43,
  "fields": {
    "created": "2022-12-22T12:00:43.060Z",
    "last_updated": "2022-12-22T12:00:43.060Z",
    "name": "ge-0/0/41",
    "label": "",
    "description": "",
    "device_type": 3,
    "module_type": null,
    "_name": "0000000099999999ge-000041............",
    "type": "1000base-t",
    "enabled": true,
    "mgmt_only": false,
    "bridge": null,
    "poe_mode": "",
    "poe_type": ""
  }
},
{
  "model": "dcim.interfacetemplate",
  "pk": 44,
  "fields": {
    "created": "2022-12-22T12:00:43.077Z",
    "last_updated": "2022-12-22T12:00:43.077Z",
    "name": "ge-0/0/42",
    "label": "",
    "description": "",
    "device_type": 3,
    "module_type": null,
    "_name": "0000000099999999ge-000042............",
    "type": "1000base-t",
    "enabled": true,
    "mgmt_only": false,
    "bridge": null,
    "poe_mode": "",
    "poe_type": ""
  }
},
{
  "model": "dcim.interfacetemplate",
  "pk": 45,
  "fields": {
    "created": "2022-12-22T12:00:43.093Z",
    "last_updated": "2022-12-22T12:00:43.093Z",
    "name": "ge-0/0/43",
    "label": "",
    "description": "",
    "device_type": 3,
    "module_type": null,
    "_name": "0000000099999999ge-000043............",
    "type": "1000base-t",
    "enabled": true,
    "mgmt_only": false,
    "bridge": null,
    "poe_mode": "",
    "poe_type": ""
  }
},
{
  "model": "dcim.interfacetemplate",
  "pk": 46,
  "fields": {
    "created": "2022-12-22T12:00:43.109Z",
    "last_updated": "2022-12-22T12:00:43.109Z",
    "name": "ge-0/0/44",
    "label": "",
    "description": "",
    "device_type": 3,
    "module_type": null,
    "_name": "0000000099999999ge-000044............",
    "type": "1000base-t",
    "enabled": true,
    "mgmt_only": false,
    "bridge": null,
    "poe_mode": "",
    "poe_type": ""
  }
},
{
  "model": "dcim.interfacetemplate",
  "pk": 47,
  "fields": {
    "created": "2022-12-22T12:00:43.125Z",
    "last_updated": "2022-12-22T12:00:43.125Z",
    "name": "ge-0/0/45",
    "label": "",
    "description": "",
    "device_type": 3,
    "module_type": null,
    "_name": "0000000099999999ge-000045............",
    "type": "1000base-t",
    "enabled": true,
    "mgmt_only": false,
    "bridge": null,
    "poe_mode": "",
    "poe_type": ""
  }
},
{
  "model": "dcim.interfacetemplate",
  "pk": 48,
  "fields": {
    "created": "2022-12-22T12:00:43.144Z",
    "last_updated": "2022-12-22T12:00:43.144Z",
    "name": "ge-0/0/46",
    "label": "",
    "description": "",
    "device_type": 3,
    "module_type": null,
    "_name": "0000000099999999ge-000046............",
    "type": "1000base-t",
    "enabled": true,
    "mgmt_only": false,
    "bridge": null,
    "poe_mode": "",
    "poe_type": ""
  }
},
{
  "model": "dcim.interfacetemplate",
  "pk": 49,
  "fields": {
    "created": "2022-12-22T12:00:43.163Z",
    "last_updated": "2022-12-22T12:00:43.163Z",
    "name": "ge-0/0/47",
    "label": "",
    "description": "",
    "device_type": 3,
    "module_type": null,
    "_name": "0000000099999999ge-000047............",
    "type": "1000base-t",
    "enabled": true,
    "mgmt_only": false,
    "bridge": null,
    "poe_mode": "",
    "poe_type": ""
  }
},
{
  "model": "dcim.interfacetemplate",
  "pk": 50,
  "fields": {
    "created": "2022-12-22T12:00:43.181Z",
    "last_updated": "2022-12-22T12:00:43.181Z",
    "name": "et-0/1/0",
    "label": "",
    "description": "",
    "device_type": 3,
    "module_type": null,
    "_name": "0000000199999999et-000000............",
    "type": "40gbase-x-qsfpp",
    "enabled": true,
    "mgmt_only": false,
    "bridge": null,
    "poe_mode": "",
    "poe_type": ""
  }
},
{
  "model": "dcim.interfacetemplate",
  "pk": 51,
  "fields": {
    "created": "2022-12-22T12:00:43.200Z",
    "last_updated": "2022-12-22T12:00:43.200Z",
    "name": "et-0/1/1",
    "label": "",
    "description": "",
    "device_type": 3,
    "module_type": null,
    "_name": "0000000199999999et-000001............",
    "type": "40gbase-x-qsfpp",
    "enabled": true,
    "mgmt_only": false,
    "bridge": null,
    "poe_mode": "",
    "poe_type": ""
  }
},
{
  "model": "dcim.interfacetemplate",
  "pk": 52,
  "fields": {
    "created": "2022-12-22T12:00:43.217Z",
    "last_updated": "2022-12-22T12:00:43.217Z",
    "name": "et-0/1/2",
    "label": "",
    "description": "",
    "device_type": 3,
    "module_type": null,
    "_name": "0000000199999999et-000002............",
    "type": "40gbase-x-qsfpp",
    "enabled": true,
    "mgmt_only": false,
    "bridge": null,
    "poe_mode": "",
    "poe_type": ""
  }
},
{
  "model": "dcim.interfacetemplate",
  "pk": 53,
  "fields": {
    "created": "2022-12-22T12:00:43.235Z",
    "last_updated": "2022-12-22T12:00:43.235Z",
    "name": "et-0/1/3",
    "label": "",
    "description": "",
    "device_type": 3,
    "module_type": null,
    "_name": "0000000199999999et-000003............",
    "type": "40gbase-x-qsfpp",
    "enabled": true,
    "mgmt_only": false,
    "bridge": null,
    "poe_mode": "",
    "poe_type": ""
  }
},
{
  "model": "dcim.interfacetemplate",
  "pk": 54,
  "fields": {
    "created": "2022-12-22T12:00:43.255Z",
    "last_updated": "2022-12-22T12:00:43.255Z",
    "name": "me0",
    "label": "",
    "description": "",
    "device_type": 3,
    "module_type": null,
    "_name": "9999999999999999me000000............",
    "type": "1000base-t",
    "enabled": true,
    "mgmt_only": true,
    "bridge": null,
    "poe_mode": "",
    "poe_type": ""
  }
},
{
  "model": "dcim.interfacetemplate",
  "pk": 55,
  "fields": {
    "created": "2022-12-22T12:00:51.986Z",
    "last_updated": "2022-12-22T12:00:51.986Z",
    "name": "GigabitEthernet0",
    "label": "",
    "description": "",
    "device_type": 4,
    "module_type": null,
    "_name": "9999999999999999GigabitEthernet000000............",
    "type": "1000base-t",
    "enabled": true,
    "mgmt_only": true,
    "bridge": null,
    "poe_mode": "",
    "poe_type": ""
  }
},
{
  "model": "dcim.interfacetemplate",
  "pk": 56,
  "fields": {
    "created": "2022-12-22T12:00:52.000Z",
    "last_updated": "2022-12-22T12:00:52.000Z",
    "name": "GigabitEthernet0/0/0",
    "label": "",
    "description": "",
    "device_type": 4,
    "module_type": null,
    "_name": "0000000099999999GigabitEthernet000000............",
    "type": "1000base-x-sfp",
    "enabled": true,
    "mgmt_only": false,
    "bridge": null,
    "poe_mode": "",
    "poe_type": ""
  }
},
{
  "model": "dcim.interfacetemplate",
  "pk": 57,
  "fields": {
    "created": "2022-12-22T12:00:52.016Z",
    "last_updated": "2022-12-22T12:00:52.016Z",
    "name": "GigabitEthernet0/0/1",
    "label": "",
    "description": "",
    "device_type": 4,
    "module_type": null,
    "_name": "0000000099999999GigabitEthernet000001............",
    "type": "1000base-t",
    "enabled": true,
    "mgmt_only": false,
    "bridge": null,
    "poe_mode": "",
    "poe_type": ""
  }
},
{
  "model": "dcim.interfacetemplate",
  "pk": 58,
  "fields": {
    "created": "2022-12-22T12:00:59.346Z",
    "last_updated": "2022-12-22T12:00:59.346Z",
    "name": "main",
    "label": "",
    "description": "",
    "device_type": 5,
    "module_type": null,
    "_name": "9999999999999999main..................",
    "type": "2.5gbase-t",
    "enabled": true,
    "mgmt_only": false,
    "bridge": null,
    "poe_mode": "",
    "poe_type": ""
  }
},
{
  "model": "dcim.interfacetemplate",
  "pk": 59,
  "fields": {
    "created": "2022-12-22T12:00:59.359Z",
    "last_updated": "2022-12-22T12:00:59.359Z",
    "name": "wlan0",
    "label": "",
    "description": "",
    "device_type": 5,
    "module_type": null,
    "_name": "9999999999999999wlan000000............",
    "type": "ieee802.11n",
    "enabled": true,
    "mgmt_only": false,
    "bridge": null,
    "poe_mode": "",
    "poe_type": ""
  }
},
{
  "model": "dcim.interfacetemplate",
  "pk": 60,
  "fields": {
    "created": "2022-12-22T12:00:59.373Z",
    "last_updated": "2022-12-22T12:00:59.373Z",
    "name": "wlan1",
    "label": "",
    "description": "",
    "device_type": 5,
    "module_type": null,
    "_name": "9999999999999999wlan000001............",
    "type": "ieee802.11ac",
    "enabled": true,
    "mgmt_only": false,
    "bridge": null,
    "poe_mode": "",
    "poe_type": ""
  }
},
{
  "model": "dcim.interfacetemplate",
  "pk": 61,
  "fields": {
    "created": "2022-12-22T13:46:30.042Z",
    "last_updated": "2022-12-22T13:46:30.042Z",
    "name": "Gig-E 1",
    "label": "",
    "description": "",
    "device_type": 6,
    "module_type": null,
    "_name": "9999999999999999Gig-E 000001............",
    "type": "1000base-t",
    "enabled": true,
    "mgmt_only": false,
    "bridge": null,
    "poe_mode": "",
    "poe_type": ""
  }
},
{
  "model": "dcim.interfacetemplate",
  "pk": 62,
  "fields": {
    "created": "2022-12-22T13:46:30.063Z",
    "last_updated": "2022-12-22T13:46:30.063Z",
    "name": "Gig-E 2",
    "label": "",
    "description": "",
    "device_type": 6,
    "module_type": null,
    "_name": "9999999999999999Gig-E 000002............",
    "type": "1000base-t",
    "enabled": true,
    "mgmt_only": false,
    "bridge": null,
    "poe_mode": "",
    "poe_type": ""
  }
},
{
  "model": "dcim.interfacetemplate",
  "pk": 63,
  "fields": {
    "created": "2022-12-22T13:46:30.080Z",
    "last_updated": "2022-12-22T13:46:30.080Z",
    "name": "Gig-E 3",
    "label": "",
    "description": "",
    "device_type": 6,
    "module_type": null,
    "_name": "9999999999999999Gig-E 000003............",
    "type": "1000base-t",
    "enabled": true,
    "mgmt_only": false,
    "bridge": null,
    "poe_mode": "",
    "poe_type": ""
  }
},
{
  "model": "dcim.interfacetemplate",
  "pk": 64,
  "fields": {
    "created": "2022-12-22T13:46:30.097Z",
    "last_updated": "2022-12-22T13:46:30.097Z",
    "name": "Gig-E 4",
    "label": "",
    "description": "",
    "device_type": 6,
    "module_type": null,
    "_name": "9999999999999999Gig-E 000004............",
    "type": "1000base-t",
    "enabled": true,
    "mgmt_only": false,
    "bridge": null,
    "poe_mode": "",
    "poe_type": ""
  }
},
{
  "model": "dcim.interfacetemplate",
  "pk": 65,
  "fields": {
    "created": "2022-12-22T13:46:30.115Z",
    "last_updated": "2022-12-22T13:46:30.115Z",
    "name": "iLO",
    "label": "",
    "description": "",
    "device_type": 6,
    "module_type": null,
    "_name": "9999999999999999iLO..................",
    "type": "1000base-t",
    "enabled": true,
    "mgmt_only": true,
    "bridge": null,
    "poe_mode": "",
    "poe_type": ""
  }
},
{
  "model": "dcim.interfacetemplate",
  "pk": 66,
  "fields": {
    "created": "2022-12-22T15:06:32.824Z",
    "last_updated": "2022-12-22T15:06:32.824Z",
    "name": "Ethernet",
    "label": "",
    "description": "",
    "device_type": null,
    "module_type": 1,
    "_name": "9999999999999999Ethernet..................",
    "type": "100base-tx",
    "enabled": true,
    "mgmt_only": true,
    "bridge": null,
    "poe_mode": "",
    "poe_type": ""
  }
},
{
  "model": "dcim.interfacetemplate",
  "pk": 67,
  "fields": {
    "created": "2022-12-22T15:08:38.890Z",
    "last_updated": "2022-12-22T15:08:38.890Z",
    "name": "Ethernet",
    "label": "",
    "description": "",
    "device_type": 7,
    "module_type": null,
    "_name": "9999999999999999Ethernet..................",
    "type": "100base-tx",
    "enabled": true,
    "mgmt_only": true,
    "bridge": null,
    "poe_mode": "",
    "poe_type": ""
  }
},
{
  "model": "dcim.interfacetemplate",
  "pk": 68,
  "fields": {
    "created": "2023-06-22T12:50:44.172Z",
    "last_updated": "2023-06-22T12:50:44.172Z",
    "name": "GigabitEthernet1/0/1",
    "label": "",
    "description": "",
    "device_type": 11,
    "module_type": null,
    "_name": "0001000099999999GigabitEthernet000001............",
    "type": "1000base-t",
    "enabled": true,
    "mgmt_only": false,
    "bridge": null,
    "poe_mode": "pse",
    "poe_type": "type2-ieee802.3at"
  }
},
{
  "model": "dcim.interfacetemplate",
  "pk": 69,
  "fields": {
    "created": "2023-06-22T12:50:44.196Z",
    "last_updated": "2023-06-22T12:50:44.196Z",
    "name": "GigabitEthernet1/0/2",
    "label": "",
    "description": "",
    "device_type": 11,
    "module_type": null,
    "_name": "0001000099999999GigabitEthernet000002............",
    "type": "1000base-t",
    "enabled": true,
    "mgmt_only": false,
    "bridge": null,
    "poe_mode": "pse",
    "poe_type": "type2-ieee802.3at"
  }
},
{
  "model": "dcim.interfacetemplate",
  "pk": 70,
  "fields": {
    "created": "2023-06-22T12:50:44.206Z",
    "last_updated": "2023-06-22T12:50:44.206Z",
    "name": "GigabitEthernet1/0/3",
    "label": "",
    "description": "",
    "device_type": 11,
    "module_type": null,
    "_name": "0001000099999999GigabitEthernet000003............",
    "type": "1000base-t",
    "enabled": true,
    "mgmt_only": false,
    "bridge": null,
    "poe_mode": "pse",
    "poe_type": "type2-ieee802.3at"
  }
},
{
  "model": "dcim.interfacetemplate",
  "pk": 71,
  "fields": {
    "created": "2023-06-22T12:50:44.216Z",
    "last_updated": "2023-06-22T12:50:44.216Z",
    "name": "GigabitEthernet1/0/4",
    "label": "",
    "description": "",
    "device_type": 11,
    "module_type": null,
    "_name": "0001000099999999GigabitEthernet000004............",
    "type": "1000base-t",
    "enabled": true,
    "mgmt_only": false,
    "bridge": null,
    "poe_mode": "pse",
    "poe_type": "type2-ieee802.3at"
  }
},
{
  "model": "dcim.interfacetemplate",
  "pk": 72,
  "fields": {
    "created": "2023-06-22T12:50:44.225Z",
    "last_updated": "2023-06-22T12:50:44.225Z",
    "name": "GigabitEthernet1/0/5",
    "label": "",
    "description": "",
    "device_type": 11,
    "module_type": null,
    "_name": "0001000099999999GigabitEthernet000005............",
    "type": "1000base-t",
    "enabled": true,
    "mgmt_only": false,
    "bridge": null,
    "poe_mode": "pse",
    "poe_type": "type2-ieee802.3at"
  }
},
{
  "model": "dcim.interfacetemplate",
  "pk": 73,
  "fields": {
    "created": "2023-06-22T12:50:44.235Z",
    "last_updated": "2023-06-22T12:50:44.235Z",
    "name": "GigabitEthernet1/0/6",
    "label": "",
    "description": "",
    "device_type": 11,
    "module_type": null,
    "_name": "0001000099999999GigabitEthernet000006............",
    "type": "1000base-t",
    "enabled": true,
    "mgmt_only": false,
    "bridge": null,
    "poe_mode": "pse",
    "poe_type": "type2-ieee802.3at"
  }
},
{
  "model": "dcim.interfacetemplate",
  "pk": 74,
  "fields": {
    "created": "2023-06-22T12:50:44.245Z",
    "last_updated": "2023-06-22T12:50:44.245Z",
    "name": "GigabitEthernet1/0/7",
    "label": "",
    "description": "",
    "device_type": 11,
    "module_type": null,
    "_name": "0001000099999999GigabitEthernet000007............",
    "type": "1000base-t",
    "enabled": true,
    "mgmt_only": false,
    "bridge": null,
    "poe_mode": "pse",
    "poe_type": "type2-ieee802.3at"
  }
},
{
  "model": "dcim.interfacetemplate",
  "pk": 75,
  "fields": {
    "created": "2023-06-22T12:50:44.253Z",
    "last_updated": "2023-06-22T12:50:44.253Z",
    "name": "GigabitEthernet1/0/8",
    "label": "",
    "description": "",
    "device_type": 11,
    "module_type": null,
    "_name": "0001000099999999GigabitEthernet000008............",
    "type": "1000base-t",
    "enabled": true,
    "mgmt_only": false,
    "bridge": null,
    "poe_mode": "pse",
    "poe_type": "type2-ieee802.3at"
  }
},
{
  "model": "dcim.interfacetemplate",
  "pk": 76,
  "fields": {
    "created": "2023-06-22T12:50:44.263Z",
    "last_updated": "2023-06-22T12:50:44.263Z",
    "name": "GigabitEthernet1/0/9",
    "label": "",
    "description": "",
    "device_type": 11,
    "module_type": null,
    "_name": "0001000099999999GigabitEthernet000009............",
    "type": "1000base-t",
    "enabled": true,
    "mgmt_only": false,
    "bridge": null,
    "poe_mode": "pse",
    "poe_type": "type2-ieee802.3at"
  }
},
{
  "model": "dcim.interfacetemplate",
  "pk": 77,
  "fields": {
    "created": "2023-06-22T12:50:44.273Z",
    "last_updated": "2023-06-22T12:50:44.273Z",
    "name": "GigabitEthernet1/0/10",
    "label": "",
    "description": "",
    "device_type": 11,
    "module_type": null,
    "_name": "0001000099999999GigabitEthernet000010............",
    "type": "1000base-t",
    "enabled": true,
    "mgmt_only": false,
    "bridge": null,
    "poe_mode": "pse",
    "poe_type": "type2-ieee802.3at"
  }
},
{
  "model": "dcim.interfacetemplate",
  "pk": 78,
  "fields": {
    "created": "2023-06-22T12:50:44.286Z",
    "last_updated": "2023-06-22T12:50:44.287Z",
    "name": "GigabitEthernet1/0/11",
    "label": "",
    "description": "",
    "device_type": 11,
    "module_type": null,
    "_name": "0001000099999999GigabitEthernet000011............",
    "type": "1000base-t",
    "enabled": true,
    "mgmt_only": false,
    "bridge": null,
    "poe_mode": "pse",
    "poe_type": "type2-ieee802.3at"
  }
},
{
  "model": "dcim.interfacetemplate",
  "pk": 79,
  "fields": {
    "created": "2023-06-22T12:50:44.303Z",
    "last_updated": "2023-06-22T12:50:44.303Z",
    "name": "GigabitEthernet1/0/12",
    "label": "",
    "description": "",
    "device_type": 11,
    "module_type": null,
    "_name": "0001000099999999GigabitEthernet000012............",
    "type": "1000base-t",
    "enabled": true,
    "mgmt_only": false,
    "bridge": null,
    "poe_mode": "pse",
    "poe_type": "type2-ieee802.3at"
  }
},
{
  "model": "dcim.interfacetemplate",
  "pk": 80,
  "fields": {
    "created": "2023-06-22T12:50:44.313Z",
    "last_updated": "2023-06-22T12:50:44.313Z",
    "name": "GigabitEthernet1/0/13",
    "label": "",
    "description": "",
    "device_type": 11,
    "module_type": null,
    "_name": "0001000099999999GigabitEthernet000013............",
    "type": "1000base-t",
    "enabled": true,
    "mgmt_only": false,
    "bridge": null,
    "poe_mode": "pse",
    "poe_type": "type2-ieee802.3at"
  }
},
{
  "model": "dcim.interfacetemplate",
  "pk": 81,
  "fields": {
    "created": "2023-06-22T12:50:44.322Z",
    "last_updated": "2023-06-22T12:50:44.322Z",
    "name": "GigabitEthernet1/0/14",
    "label": "",
    "description": "",
    "device_type": 11,
    "module_type": null,
    "_name": "0001000099999999GigabitEthernet000014............",
    "type": "1000base-t",
    "enabled": true,
    "mgmt_only": false,
    "bridge": null,
    "poe_mode": "pse",
    "poe_type": "type2-ieee802.3at"
  }
},
{
  "model": "dcim.interfacetemplate",
  "pk": 82,
  "fields": {
    "created": "2023-06-22T12:50:44.333Z",
    "last_updated": "2023-06-22T12:50:44.333Z",
    "name": "GigabitEthernet1/0/15",
    "label": "",
    "description": "",
    "device_type": 11,
    "module_type": null,
    "_name": "0001000099999999GigabitEthernet000015............",
    "type": "1000base-t",
    "enabled": true,
    "mgmt_only": false,
    "bridge": null,
    "poe_mode": "pse",
    "poe_type": "type2-ieee802.3at"
  }
},
{
  "model": "dcim.interfacetemplate",
  "pk": 83,
  "fields": {
    "created": "2023-06-22T12:50:44.342Z",
    "last_updated": "2023-06-22T12:50:44.342Z",
    "name": "GigabitEthernet1/0/16",
    "label": "",
    "description": "",
    "device_type": 11,
    "module_type": null,
    "_name": "0001000099999999GigabitEthernet000016............",
    "type": "1000base-t",
    "enabled": true,
    "mgmt_only": false,
    "bridge": null,
    "poe_mode": "pse",
    "poe_type": "type2-ieee802.3at"
  }
},
{
  "model": "dcim.interfacetemplate",
  "pk": 84,
  "fields": {
    "created": "2023-06-22T12:50:44.351Z",
    "last_updated": "2023-06-22T12:50:44.351Z",
    "name": "GigabitEthernet1/0/17",
    "label": "",
    "description": "",
    "device_type": 11,
    "module_type": null,
    "_name": "0001000099999999GigabitEthernet000017............",
    "type": "1000base-t",
    "enabled": true,
    "mgmt_only": false,
    "bridge": null,
    "poe_mode": "pse",
    "poe_type": "type2-ieee802.3at"
  }
},
{
  "model": "dcim.interfacetemplate",
  "pk": 85,
  "fields": {
    "created": "2023-06-22T12:50:44.361Z",
    "last_updated": "2023-06-22T12:50:44.361Z",
    "name": "GigabitEthernet1/0/18",
    "label": "",
    "description": "",
    "device_type": 11,
    "module_type": null,
    "_name": "0001000099999999GigabitEthernet000018............",
    "type": "1000base-t",
    "enabled": true,
    "mgmt_only": false,
    "bridge": null,
    "poe_mode": "pse",
    "poe_type": "type2-ieee802.3at"
  }
},
{
  "model": "dcim.interfacetemplate",
  "pk": 86,
  "fields": {
    "created": "2023-06-22T12:50:44.372Z",
    "last_updated": "2023-06-22T12:50:44.372Z",
    "name": "GigabitEthernet1/0/19",
    "label": "",
    "description": "",
    "device_type": 11,
    "module_type": null,
    "_name": "0001000099999999GigabitEthernet000019............",
    "type": "1000base-t",
    "enabled": true,
    "mgmt_only": false,
    "bridge": null,
    "poe_mode": "pse",
    "poe_type": "type2-ieee802.3at"
  }
},
{
  "model": "dcim.interfacetemplate",
  "pk": 87,
  "fields": {
    "created": "2023-06-22T12:50:44.381Z",
    "last_updated": "2023-06-22T12:50:44.381Z",
    "name": "GigabitEthernet1/0/20",
    "label": "",
    "description": "",
    "device_type": 11,
    "module_type": null,
    "_name": "0001000099999999GigabitEthernet000020............",
    "type": "1000base-t",
    "enabled": true,
    "mgmt_only": false,
    "bridge": null,
    "poe_mode": "pse",
    "poe_type": "type2-ieee802.3at"
  }
},
{
  "model": "dcim.interfacetemplate",
  "pk": 88,
  "fields": {
    "created": "2023-06-22T12:50:44.391Z",
    "last_updated": "2023-06-22T12:50:44.391Z",
    "name": "GigabitEthernet1/0/21",
    "label": "",
    "description": "",
    "device_type": 11,
    "module_type": null,
    "_name": "0001000099999999GigabitEthernet000021............",
    "type": "1000base-t",
    "enabled": true,
    "mgmt_only": false,
    "bridge": null,
    "poe_mode": "pse",
    "poe_type": "type2-ieee802.3at"
  }
},
{
  "model": "dcim.interfacetemplate",
  "pk": 89,
  "fields": {
    "created": "2023-06-22T12:50:44.400Z",
    "last_updated": "2023-06-22T12:50:44.400Z",
    "name": "GigabitEthernet1/0/22",
    "label": "",
    "description": "",
    "device_type": 11,
    "module_type": null,
    "_name": "0001000099999999GigabitEthernet000022............",
    "type": "1000base-t",
    "enabled": true,
    "mgmt_only": false,
    "bridge": null,
    "poe_mode": "pse",
    "poe_type": "type2-ieee802.3at"
  }
},
{
  "model": "dcim.interfacetemplate",
  "pk": 90,
  "fields": {
    "created": "2023-06-22T12:50:44.409Z",
    "last_updated": "2023-06-22T12:50:44.409Z",
    "name": "GigabitEthernet1/0/23",
    "label": "",
    "description": "",
    "device_type": 11,
    "module_type": null,
    "_name": "0001000099999999GigabitEthernet000023............",
    "type": "1000base-t",
    "enabled": true,
    "mgmt_only": false,
    "bridge": null,
    "poe_mode": "pse",
    "poe_type": "type2-ieee802.3at"
  }
},
{
  "model": "dcim.interfacetemplate",
  "pk": 91,
  "fields": {
    "created": "2023-06-22T12:50:44.418Z",
    "last_updated": "2023-06-22T12:50:44.418Z",
    "name": "GigabitEthernet1/0/24",
    "label": "",
    "description": "",
    "device_type": 11,
    "module_type": null,
    "_name": "0001000099999999GigabitEthernet000024............",
    "type": "1000base-t",
    "enabled": true,
    "mgmt_only": false,
    "bridge": null,
    "poe_mode": "pse",
    "poe_type": "type2-ieee802.3at"
  }
},
{
  "model": "dcim.interfacetemplate",
  "pk": 92,
  "fields": {
    "created": "2023-06-22T12:50:44.427Z",
    "last_updated": "2023-06-22T12:50:44.427Z",
    "name": "GigabitEthernet0/0",
    "label": "",
    "description": "",
    "device_type": 11,
    "module_type": null,
    "_name": "0000999999999999GigabitEthernet000000............",
    "type": "1000base-t",
    "enabled": true,
    "mgmt_only": true,
    "bridge": null,
    "poe_mode": "",
    "poe_type": ""
  }
},
{
  "model": "dcim.frontporttemplate",
  "pk": 1,
  "fields": {
    "created": "2022-12-22T12:00:18.437Z",
    "last_updated": "2022-12-22T12:00:18.437Z",
    "name": "01",
    "_name": "00000001",
    "label": "",
    "description": "",
    "device_type": 2,
    "module_type": null,
    "type": "8p8c",
    "color": "",
    "rear_port": 1,
    "rear_port_position": 1
  }
},
{
  "model": "dcim.frontporttemplate",
  "pk": 2,
  "fields": {
    "created": "2022-12-22T12:00:18.465Z",
    "last_updated": "2022-12-22T12:00:18.465Z",
    "name": "02",
    "_name": "00000002",
    "label": "",
    "description": "",
    "device_type": 2,
    "module_type": null,
    "type": "8p8c",
    "color": "",
    "rear_port": 2,
    "rear_port_position": 1
  }
},
{
  "model": "dcim.frontporttemplate",
  "pk": 3,
  "fields": {
    "created": "2022-12-22T12:00:18.492Z",
    "last_updated": "2022-12-22T12:00:18.492Z",
    "name": "03",
    "_name": "00000003",
    "label": "",
    "description": "",
    "device_type": 2,
    "module_type": null,
    "type": "8p8c",
    "color": "",
    "rear_port": 3,
    "rear_port_position": 1
  }
},
{
  "model": "dcim.frontporttemplate",
  "pk": 4,
  "fields": {
    "created": "2022-12-22T12:00:18.518Z",
    "last_updated": "2022-12-22T12:00:18.518Z",
    "name": "04",
    "_name": "00000004",
    "label": "",
    "description": "",
    "device_type": 2,
    "module_type": null,
    "type": "8p8c",
    "color": "",
    "rear_port": 4,
    "rear_port_position": 1
  }
},
{
  "model": "dcim.frontporttemplate",
  "pk": 5,
  "fields": {
    "created": "2022-12-22T12:00:18.546Z",
    "last_updated": "2022-12-22T12:00:18.546Z",
    "name": "05",
    "_name": "00000005",
    "label": "",
    "description": "",
    "device_type": 2,
    "module_type": null,
    "type": "8p8c",
    "color": "",
    "rear_port": 5,
    "rear_port_position": 1
  }
},
{
  "model": "dcim.frontporttemplate",
  "pk": 6,
  "fields": {
    "created": "2022-12-22T12:00:18.571Z",
    "last_updated": "2022-12-22T12:00:18.571Z",
    "name": "06",
    "_name": "00000006",
    "label": "",
    "description": "",
    "device_type": 2,
    "module_type": null,
    "type": "8p8c",
    "color": "",
    "rear_port": 6,
    "rear_port_position": 1
  }
},
{
  "model": "dcim.frontporttemplate",
  "pk": 7,
  "fields": {
    "created": "2022-12-22T12:00:18.601Z",
    "last_updated": "2022-12-22T12:00:18.601Z",
    "name": "07",
    "_name": "00000007",
    "label": "",
    "description": "",
    "device_type": 2,
    "module_type": null,
    "type": "8p8c",
    "color": "",
    "rear_port": 7,
    "rear_port_position": 1
  }
},
{
  "model": "dcim.frontporttemplate",
  "pk": 8,
  "fields": {
    "created": "2022-12-22T12:00:18.628Z",
    "last_updated": "2022-12-22T12:00:18.628Z",
    "name": "08",
    "_name": "00000008",
    "label": "",
    "description": "",
    "device_type": 2,
    "module_type": null,
    "type": "8p8c",
    "color": "",
    "rear_port": 8,
    "rear_port_position": 1
  }
},
{
  "model": "dcim.frontporttemplate",
  "pk": 9,
  "fields": {
    "created": "2022-12-22T12:00:18.666Z",
    "last_updated": "2022-12-22T12:00:18.666Z",
    "name": "09",
    "_name": "00000009",
    "label": "",
    "description": "",
    "device_type": 2,
    "module_type": null,
    "type": "8p8c",
    "color": "",
    "rear_port": 9,
    "rear_port_position": 1
  }
},
{
  "model": "dcim.frontporttemplate",
  "pk": 10,
  "fields": {
    "created": "2022-12-22T12:00:18.695Z",
    "last_updated": "2022-12-22T12:00:18.695Z",
    "name": "10",
    "_name": "00000010",
    "label": "",
    "description": "",
    "device_type": 2,
    "module_type": null,
    "type": "8p8c",
    "color": "",
    "rear_port": 10,
    "rear_port_position": 1
  }
},
{
  "model": "dcim.frontporttemplate",
  "pk": 11,
  "fields": {
    "created": "2022-12-22T12:00:18.732Z",
    "last_updated": "2022-12-22T12:00:18.732Z",
    "name": "11",
    "_name": "00000011",
    "label": "",
    "description": "",
    "device_type": 2,
    "module_type": null,
    "type": "8p8c",
    "color": "",
    "rear_port": 11,
    "rear_port_position": 1
  }
},
{
  "model": "dcim.frontporttemplate",
  "pk": 12,
  "fields": {
    "created": "2022-12-22T12:00:18.776Z",
    "last_updated": "2022-12-22T12:00:18.776Z",
    "name": "12",
    "_name": "00000012",
    "label": "",
    "description": "",
    "device_type": 2,
    "module_type": null,
    "type": "8p8c",
    "color": "",
    "rear_port": 12,
    "rear_port_position": 1
  }
},
{
  "model": "dcim.frontporttemplate",
  "pk": 13,
  "fields": {
    "created": "2022-12-22T12:00:18.822Z",
    "last_updated": "2022-12-22T12:00:18.822Z",
    "name": "13",
    "_name": "00000013",
    "label": "",
    "description": "",
    "device_type": 2,
    "module_type": null,
    "type": "8p8c",
    "color": "",
    "rear_port": 13,
    "rear_port_position": 1
  }
},
{
  "model": "dcim.frontporttemplate",
  "pk": 14,
  "fields": {
    "created": "2022-12-22T12:00:18.857Z",
    "last_updated": "2022-12-22T12:00:18.857Z",
    "name": "14",
    "_name": "00000014",
    "label": "",
    "description": "",
    "device_type": 2,
    "module_type": null,
    "type": "8p8c",
    "color": "",
    "rear_port": 14,
    "rear_port_position": 1
  }
},
{
  "model": "dcim.frontporttemplate",
  "pk": 15,
  "fields": {
    "created": "2022-12-22T12:00:18.881Z",
    "last_updated": "2022-12-22T12:00:18.881Z",
    "name": "15",
    "_name": "00000015",
    "label": "",
    "description": "",
    "device_type": 2,
    "module_type": null,
    "type": "8p8c",
    "color": "",
    "rear_port": 15,
    "rear_port_position": 1
  }
},
{
  "model": "dcim.frontporttemplate",
  "pk": 16,
  "fields": {
    "created": "2022-12-22T12:00:18.907Z",
    "last_updated": "2022-12-22T12:00:18.907Z",
    "name": "16",
    "_name": "00000016",
    "label": "",
    "description": "",
    "device_type": 2,
    "module_type": null,
    "type": "8p8c",
    "color": "",
    "rear_port": 16,
    "rear_port_position": 1
  }
},
{
  "model": "dcim.frontporttemplate",
  "pk": 17,
  "fields": {
    "created": "2022-12-22T12:00:18.934Z",
    "last_updated": "2022-12-22T12:00:18.934Z",
    "name": "17",
    "_name": "00000017",
    "label": "",
    "description": "",
    "device_type": 2,
    "module_type": null,
    "type": "8p8c",
    "color": "",
    "rear_port": 17,
    "rear_port_position": 1
  }
},
{
  "model": "dcim.frontporttemplate",
  "pk": 18,
  "fields": {
    "created": "2022-12-22T12:00:18.959Z",
    "last_updated": "2022-12-22T12:00:18.959Z",
    "name": "18",
    "_name": "00000018",
    "label": "",
    "description": "",
    "device_type": 2,
    "module_type": null,
    "type": "8p8c",
    "color": "",
    "rear_port": 18,
    "rear_port_position": 1
  }
},
{
  "model": "dcim.frontporttemplate",
  "pk": 19,
  "fields": {
    "created": "2022-12-22T12:00:18.989Z",
    "last_updated": "2022-12-22T12:00:18.989Z",
    "name": "19",
    "_name": "00000019",
    "label": "",
    "description": "",
    "device_type": 2,
    "module_type": null,
    "type": "8p8c",
    "color": "",
    "rear_port": 19,
    "rear_port_position": 1
  }
},
{
  "model": "dcim.frontporttemplate",
  "pk": 20,
  "fields": {
    "created": "2022-12-22T12:00:19.026Z",
    "last_updated": "2022-12-22T12:00:19.027Z",
    "name": "20",
    "_name": "00000020",
    "label": "",
    "description": "",
    "device_type": 2,
    "module_type": null,
    "type": "8p8c",
    "color": "",
    "rear_port": 20,
    "rear_port_position": 1
  }
},
{
  "model": "dcim.frontporttemplate",
  "pk": 21,
  "fields": {
    "created": "2022-12-22T12:00:19.065Z",
    "last_updated": "2022-12-22T12:00:19.065Z",
    "name": "21",
    "_name": "00000021",
    "label": "",
    "description": "",
    "device_type": 2,
    "module_type": null,
    "type": "8p8c",
    "color": "",
    "rear_port": 21,
    "rear_port_position": 1
  }
},
{
  "model": "dcim.frontporttemplate",
  "pk": 22,
  "fields": {
    "created": "2022-12-22T12:00:19.097Z",
    "last_updated": "2022-12-22T12:00:19.097Z",
    "name": "22",
    "_name": "00000022",
    "label": "",
    "description": "",
    "device_type": 2,
    "module_type": null,
    "type": "8p8c",
    "color": "",
    "rear_port": 22,
    "rear_port_position": 1
  }
},
{
  "model": "dcim.frontporttemplate",
  "pk": 23,
  "fields": {
    "created": "2022-12-22T12:00:19.127Z",
    "last_updated": "2022-12-22T12:00:19.127Z",
    "name": "23",
    "_name": "00000023",
    "label": "",
    "description": "",
    "device_type": 2,
    "module_type": null,
    "type": "8p8c",
    "color": "",
    "rear_port": 23,
    "rear_port_position": 1
  }
},
{
  "model": "dcim.frontporttemplate",
  "pk": 24,
  "fields": {
    "created": "2022-12-22T12:00:19.161Z",
    "last_updated": "2022-12-22T12:00:19.161Z",
    "name": "24",
    "_name": "00000024",
    "label": "",
    "description": "",
    "device_type": 2,
    "module_type": null,
    "type": "8p8c",
    "color": "",
    "rear_port": 24,
    "rear_port_position": 1
  }
},
{
  "model": "dcim.frontporttemplate",
  "pk": 25,
  "fields": {
    "created": "2022-12-22T12:00:19.192Z",
    "last_updated": "2022-12-22T12:00:19.192Z",
    "name": "25",
    "_name": "00000025",
    "label": "",
    "description": "",
    "device_type": 2,
    "module_type": null,
    "type": "8p8c",
    "color": "",
    "rear_port": 25,
    "rear_port_position": 1
  }
},
{
  "model": "dcim.frontporttemplate",
  "pk": 26,
  "fields": {
    "created": "2022-12-22T12:00:19.225Z",
    "last_updated": "2022-12-22T12:00:19.225Z",
    "name": "26",
    "_name": "00000026",
    "label": "",
    "description": "",
    "device_type": 2,
    "module_type": null,
    "type": "8p8c",
    "color": "",
    "rear_port": 26,
    "rear_port_position": 1
  }
},
{
  "model": "dcim.frontporttemplate",
  "pk": 27,
  "fields": {
    "created": "2022-12-22T12:00:19.250Z",
    "last_updated": "2022-12-22T12:00:19.250Z",
    "name": "27",
    "_name": "00000027",
    "label": "",
    "description": "",
    "device_type": 2,
    "module_type": null,
    "type": "8p8c",
    "color": "",
    "rear_port": 27,
    "rear_port_position": 1
  }
},
{
  "model": "dcim.frontporttemplate",
  "pk": 28,
  "fields": {
    "created": "2022-12-22T12:00:19.279Z",
    "last_updated": "2022-12-22T12:00:19.279Z",
    "name": "28",
    "_name": "00000028",
    "label": "",
    "description": "",
    "device_type": 2,
    "module_type": null,
    "type": "8p8c",
    "color": "",
    "rear_port": 28,
    "rear_port_position": 1
  }
},
{
  "model": "dcim.frontporttemplate",
  "pk": 29,
  "fields": {
    "created": "2022-12-22T12:00:19.307Z",
    "last_updated": "2022-12-22T12:00:19.307Z",
    "name": "29",
    "_name": "00000029",
    "label": "",
    "description": "",
    "device_type": 2,
    "module_type": null,
    "type": "8p8c",
    "color": "",
    "rear_port": 29,
    "rear_port_position": 1
  }
},
{
  "model": "dcim.frontporttemplate",
  "pk": 30,
  "fields": {
    "created": "2022-12-22T12:00:19.346Z",
    "last_updated": "2022-12-22T12:00:19.346Z",
    "name": "30",
    "_name": "00000030",
    "label": "",
    "description": "",
    "device_type": 2,
    "module_type": null,
    "type": "8p8c",
    "color": "",
    "rear_port": 30,
    "rear_port_position": 1
  }
},
{
  "model": "dcim.frontporttemplate",
  "pk": 31,
  "fields": {
    "created": "2022-12-22T12:00:19.382Z",
    "last_updated": "2022-12-22T12:00:19.382Z",
    "name": "31",
    "_name": "00000031",
    "label": "",
    "description": "",
    "device_type": 2,
    "module_type": null,
    "type": "8p8c",
    "color": "",
    "rear_port": 31,
    "rear_port_position": 1
  }
},
{
  "model": "dcim.frontporttemplate",
  "pk": 32,
  "fields": {
    "created": "2022-12-22T12:00:19.433Z",
    "last_updated": "2022-12-22T12:00:19.433Z",
    "name": "32",
    "_name": "00000032",
    "label": "",
    "description": "",
    "device_type": 2,
    "module_type": null,
    "type": "8p8c",
    "color": "",
    "rear_port": 32,
    "rear_port_position": 1
  }
},
{
  "model": "dcim.frontporttemplate",
  "pk": 33,
  "fields": {
    "created": "2022-12-22T12:00:19.460Z",
    "last_updated": "2022-12-22T12:00:19.460Z",
    "name": "33",
    "_name": "00000033",
    "label": "",
    "description": "",
    "device_type": 2,
    "module_type": null,
    "type": "8p8c",
    "color": "",
    "rear_port": 33,
    "rear_port_position": 1
  }
},
{
  "model": "dcim.frontporttemplate",
  "pk": 34,
  "fields": {
    "created": "2022-12-22T12:00:19.503Z",
    "last_updated": "2022-12-22T12:00:19.503Z",
    "name": "34",
    "_name": "00000034",
    "label": "",
    "description": "",
    "device_type": 2,
    "module_type": null,
    "type": "8p8c",
    "color": "",
    "rear_port": 34,
    "rear_port_position": 1
  }
},
{
  "model": "dcim.frontporttemplate",
  "pk": 35,
  "fields": {
    "created": "2022-12-22T12:00:19.538Z",
    "last_updated": "2022-12-22T12:00:19.538Z",
    "name": "35",
    "_name": "00000035",
    "label": "",
    "description": "",
    "device_type": 2,
    "module_type": null,
    "type": "8p8c",
    "color": "",
    "rear_port": 35,
    "rear_port_position": 1
  }
},
{
  "model": "dcim.frontporttemplate",
  "pk": 36,
  "fields": {
    "created": "2022-12-22T12:00:19.576Z",
    "last_updated": "2022-12-22T12:00:19.576Z",
    "name": "36",
    "_name": "00000036",
    "label": "",
    "description": "",
    "device_type": 2,
    "module_type": null,
    "type": "8p8c",
    "color": "",
    "rear_port": 36,
    "rear_port_position": 1
  }
},
{
  "model": "dcim.frontporttemplate",
  "pk": 37,
  "fields": {
    "created": "2022-12-22T12:00:19.603Z",
    "last_updated": "2022-12-22T12:00:19.603Z",
    "name": "37",
    "_name": "00000037",
    "label": "",
    "description": "",
    "device_type": 2,
    "module_type": null,
    "type": "8p8c",
    "color": "",
    "rear_port": 37,
    "rear_port_position": 1
  }
},
{
  "model": "dcim.frontporttemplate",
  "pk": 38,
  "fields": {
    "created": "2022-12-22T12:00:19.639Z",
    "last_updated": "2022-12-22T12:00:19.639Z",
    "name": "38",
    "_name": "00000038",
    "label": "",
    "description": "",
    "device_type": 2,
    "module_type": null,
    "type": "8p8c",
    "color": "",
    "rear_port": 38,
    "rear_port_position": 1
  }
},
{
  "model": "dcim.frontporttemplate",
  "pk": 39,
  "fields": {
    "created": "2022-12-22T12:00:19.665Z",
    "last_updated": "2022-12-22T12:00:19.665Z",
    "name": "39",
    "_name": "00000039",
    "label": "",
    "description": "",
    "device_type": 2,
    "module_type": null,
    "type": "8p8c",
    "color": "",
    "rear_port": 39,
    "rear_port_position": 1
  }
},
{
  "model": "dcim.frontporttemplate",
  "pk": 40,
  "fields": {
    "created": "2022-12-22T12:00:19.692Z",
    "last_updated": "2022-12-22T12:00:19.692Z",
    "name": "40",
    "_name": "00000040",
    "label": "",
    "description": "",
    "device_type": 2,
    "module_type": null,
    "type": "8p8c",
    "color": "",
    "rear_port": 40,
    "rear_port_position": 1
  }
},
{
  "model": "dcim.frontporttemplate",
  "pk": 41,
  "fields": {
    "created": "2022-12-22T12:00:19.718Z",
    "last_updated": "2022-12-22T12:00:19.718Z",
    "name": "41",
    "_name": "00000041",
    "label": "",
    "description": "",
    "device_type": 2,
    "module_type": null,
    "type": "8p8c",
    "color": "",
    "rear_port": 41,
    "rear_port_position": 1
  }
},
{
  "model": "dcim.frontporttemplate",
  "pk": 42,
  "fields": {
    "created": "2022-12-22T12:00:19.750Z",
    "last_updated": "2022-12-22T12:00:19.750Z",
    "name": "42",
    "_name": "00000042",
    "label": "",
    "description": "",
    "device_type": 2,
    "module_type": null,
    "type": "8p8c",
    "color": "",
    "rear_port": 42,
    "rear_port_position": 1
  }
},
{
  "model": "dcim.frontporttemplate",
  "pk": 43,
  "fields": {
    "created": "2022-12-22T12:00:19.776Z",
    "last_updated": "2022-12-22T12:00:19.776Z",
    "name": "43",
    "_name": "00000043",
    "label": "",
    "description": "",
    "device_type": 2,
    "module_type": null,
    "type": "8p8c",
    "color": "",
    "rear_port": 43,
    "rear_port_position": 1
  }
},
{
  "model": "dcim.frontporttemplate",
  "pk": 44,
  "fields": {
    "created": "2022-12-22T12:00:19.804Z",
    "last_updated": "2022-12-22T12:00:19.805Z",
    "name": "44",
    "_name": "00000044",
    "label": "",
    "description": "",
    "device_type": 2,
    "module_type": null,
    "type": "8p8c",
    "color": "",
    "rear_port": 44,
    "rear_port_position": 1
  }
},
{
  "model": "dcim.frontporttemplate",
  "pk": 45,
  "fields": {
    "created": "2022-12-22T12:00:19.841Z",
    "last_updated": "2022-12-22T12:00:19.841Z",
    "name": "45",
    "_name": "00000045",
    "label": "",
    "description": "",
    "device_type": 2,
    "module_type": null,
    "type": "8p8c",
    "color": "",
    "rear_port": 45,
    "rear_port_position": 1
  }
},
{
  "model": "dcim.frontporttemplate",
  "pk": 46,
  "fields": {
    "created": "2022-12-22T12:00:19.868Z",
    "last_updated": "2022-12-22T12:00:19.868Z",
    "name": "46",
    "_name": "00000046",
    "label": "",
    "description": "",
    "device_type": 2,
    "module_type": null,
    "type": "8p8c",
    "color": "",
    "rear_port": 46,
    "rear_port_position": 1
  }
},
{
  "model": "dcim.frontporttemplate",
  "pk": 47,
  "fields": {
    "created": "2022-12-22T12:00:19.893Z",
    "last_updated": "2022-12-22T12:00:19.893Z",
    "name": "47",
    "_name": "00000047",
    "label": "",
    "description": "",
    "device_type": 2,
    "module_type": null,
    "type": "8p8c",
    "color": "",
    "rear_port": 47,
    "rear_port_position": 1
  }
},
{
  "model": "dcim.frontporttemplate",
  "pk": 48,
  "fields": {
    "created": "2022-12-22T12:00:19.919Z",
    "last_updated": "2022-12-22T12:00:19.919Z",
    "name": "48",
    "_name": "00000048",
    "label": "",
    "description": "",
    "device_type": 2,
    "module_type": null,
    "type": "8p8c",
    "color": "",
    "rear_port": 48,
    "rear_port_position": 1
  }
},
{
  "model": "dcim.rearporttemplate",
  "pk": 1,
  "fields": {
    "created": "2022-12-22T12:00:17.603Z",
    "last_updated": "2022-12-22T12:00:17.603Z",
    "name": "01",
    "_name": "00000001",
    "label": "",
    "description": "",
    "device_type": 2,
    "module_type": null,
    "type": "110-punch",
    "color": "",
    "positions": 1
  }
},
{
  "model": "dcim.rearporttemplate",
  "pk": 2,
  "fields": {
    "created": "2022-12-22T12:00:17.622Z",
    "last_updated": "2022-12-22T12:00:17.622Z",
    "name": "02",
    "_name": "00000002",
    "label": "",
    "description": "",
    "device_type": 2,
    "module_type": null,
    "type": "110-punch",
    "color": "",
    "positions": 1
  }
},
{
  "model": "dcim.rearporttemplate",
  "pk": 3,
  "fields": {
    "created": "2022-12-22T12:00:17.639Z",
    "last_updated": "2022-12-22T12:00:17.640Z",
    "name": "03",
    "_name": "00000003",
    "label": "",
    "description": "",
    "device_type": 2,
    "module_type": null,
    "type": "110-punch",
    "color": "",
    "positions": 1
  }
},
{
  "model": "dcim.rearporttemplate",
  "pk": 4,
  "fields": {
    "created": "2022-12-22T12:00:17.654Z",
    "last_updated": "2022-12-22T12:00:17.654Z",
    "name": "04",
    "_name": "00000004",
    "label": "",
    "description": "",
    "device_type": 2,
    "module_type": null,
    "type": "110-punch",
    "color": "",
    "positions": 1
  }
},
{
  "model": "dcim.rearporttemplate",
  "pk": 5,
  "fields": {
    "created": "2022-12-22T12:00:17.677Z",
    "last_updated": "2022-12-22T12:00:17.677Z",
    "name": "05",
    "_name": "00000005",
    "label": "",
    "description": "",
    "device_type": 2,
    "module_type": null,
    "type": "110-punch",
    "color": "",
    "positions": 1
  }
},
{
  "model": "dcim.rearporttemplate",
  "pk": 6,
  "fields": {
    "created": "2022-12-22T12:00:17.695Z",
    "last_updated": "2022-12-22T12:00:17.695Z",
    "name": "06",
    "_name": "00000006",
    "label": "",
    "description": "",
    "device_type": 2,
    "module_type": null,
    "type": "110-punch",
    "color": "",
    "positions": 1
  }
},
{
  "model": "dcim.rearporttemplate",
  "pk": 7,
  "fields": {
    "created": "2022-12-22T12:00:17.712Z",
    "last_updated": "2022-12-22T12:00:17.712Z",
    "name": "07",
    "_name": "00000007",
    "label": "",
    "description": "",
    "device_type": 2,
    "module_type": null,
    "type": "110-punch",
    "color": "",
    "positions": 1
  }
},
{
  "model": "dcim.rearporttemplate",
  "pk": 8,
  "fields": {
    "created": "2022-12-22T12:00:17.729Z",
    "last_updated": "2022-12-22T12:00:17.729Z",
    "name": "08",
    "_name": "00000008",
    "label": "",
    "description": "",
    "device_type": 2,
    "module_type": null,
    "type": "110-punch",
    "color": "",
    "positions": 1
  }
},
{
  "model": "dcim.rearporttemplate",
  "pk": 9,
  "fields": {
    "created": "2022-12-22T12:00:17.751Z",
    "last_updated": "2022-12-22T12:00:17.751Z",
    "name": "09",
    "_name": "00000009",
    "label": "",
    "description": "",
    "device_type": 2,
    "module_type": null,
    "type": "110-punch",
    "color": "",
    "positions": 1
  }
},
{
  "model": "dcim.rearporttemplate",
  "pk": 10,
  "fields": {
    "created": "2022-12-22T12:00:17.769Z",
    "last_updated": "2022-12-22T12:00:17.769Z",
    "name": "10",
    "_name": "00000010",
    "label": "",
    "description": "",
    "device_type": 2,
    "module_type": null,
    "type": "110-punch",
    "color": "",
    "positions": 1
  }
},
{
  "model": "dcim.rearporttemplate",
  "pk": 11,
  "fields": {
    "created": "2022-12-22T12:00:17.786Z",
    "last_updated": "2022-12-22T12:00:17.786Z",
    "name": "11",
    "_name": "00000011",
    "label": "",
    "description": "",
    "device_type": 2,
    "module_type": null,
    "type": "110-punch",
    "color": "",
    "positions": 1
  }
},
{
  "model": "dcim.rearporttemplate",
  "pk": 12,
  "fields": {
    "created": "2022-12-22T12:00:17.801Z",
    "last_updated": "2022-12-22T12:00:17.801Z",
    "name": "12",
    "_name": "00000012",
    "label": "",
    "description": "",
    "device_type": 2,
    "module_type": null,
    "type": "110-punch",
    "color": "",
    "positions": 1
  }
},
{
  "model": "dcim.rearporttemplate",
  "pk": 13,
  "fields": {
    "created": "2022-12-22T12:00:17.815Z",
    "last_updated": "2022-12-22T12:00:17.815Z",
    "name": "13",
    "_name": "00000013",
    "label": "",
    "description": "",
    "device_type": 2,
    "module_type": null,
    "type": "110-punch",
    "color": "",
    "positions": 1
  }
},
{
  "model": "dcim.rearporttemplate",
  "pk": 14,
  "fields": {
    "created": "2022-12-22T12:00:17.831Z",
    "last_updated": "2022-12-22T12:00:17.831Z",
    "name": "14",
    "_name": "00000014",
    "label": "",
    "description": "",
    "device_type": 2,
    "module_type": null,
    "type": "110-punch",
    "color": "",
    "positions": 1
  }
},
{
  "model": "dcim.rearporttemplate",
  "pk": 15,
  "fields": {
    "created": "2022-12-22T12:00:17.846Z",
    "last_updated": "2022-12-22T12:00:17.846Z",
    "name": "15",
    "_name": "00000015",
    "label": "",
    "description": "",
    "device_type": 2,
    "module_type": null,
    "type": "110-punch",
    "color": "",
    "positions": 1
  }
},
{
  "model": "dcim.rearporttemplate",
  "pk": 16,
  "fields": {
    "created": "2022-12-22T12:00:17.860Z",
    "last_updated": "2022-12-22T12:00:17.860Z",
    "name": "16",
    "_name": "00000016",
    "label": "",
    "description": "",
    "device_type": 2,
    "module_type": null,
    "type": "110-punch",
    "color": "",
    "positions": 1
  }
},
{
  "model": "dcim.rearporttemplate",
  "pk": 17,
  "fields": {
    "created": "2022-12-22T12:00:17.874Z",
    "last_updated": "2022-12-22T12:00:17.874Z",
    "name": "17",
    "_name": "00000017",
    "label": "",
    "description": "",
    "device_type": 2,
    "module_type": null,
    "type": "110-punch",
    "color": "",
    "positions": 1
  }
},
{
  "model": "dcim.rearporttemplate",
  "pk": 18,
  "fields": {
    "created": "2022-12-22T12:00:17.891Z",
    "last_updated": "2022-12-22T12:00:17.891Z",
    "name": "18",
    "_name": "00000018",
    "label": "",
    "description": "",
    "device_type": 2,
    "module_type": null,
    "type": "110-punch",
    "color": "",
    "positions": 1
  }
},
{
  "model": "dcim.rearporttemplate",
  "pk": 19,
  "fields": {
    "created": "2022-12-22T12:00:17.906Z",
    "last_updated": "2022-12-22T12:00:17.906Z",
    "name": "19",
    "_name": "00000019",
    "label": "",
    "description": "",
    "device_type": 2,
    "module_type": null,
    "type": "110-punch",
    "color": "",
    "positions": 1
  }
},
{
  "model": "dcim.rearporttemplate",
  "pk": 20,
  "fields": {
    "created": "2022-12-22T12:00:17.923Z",
    "last_updated": "2022-12-22T12:00:17.923Z",
    "name": "20",
    "_name": "00000020",
    "label": "",
    "description": "",
    "device_type": 2,
    "module_type": null,
    "type": "110-punch",
    "color": "",
    "positions": 1
  }
},
{
  "model": "dcim.rearporttemplate",
  "pk": 21,
  "fields": {
    "created": "2022-12-22T12:00:17.939Z",
    "last_updated": "2022-12-22T12:00:17.939Z",
    "name": "21",
    "_name": "00000021",
    "label": "",
    "description": "",
    "device_type": 2,
    "module_type": null,
    "type": "110-punch",
    "color": "",
    "positions": 1
  }
},
{
  "model": "dcim.rearporttemplate",
  "pk": 22,
  "fields": {
    "created": "2022-12-22T12:00:17.955Z",
    "last_updated": "2022-12-22T12:00:17.955Z",
    "name": "22",
    "_name": "00000022",
    "label": "",
    "description": "",
    "device_type": 2,
    "module_type": null,
    "type": "110-punch",
    "color": "",
    "positions": 1
  }
},
{
  "model": "dcim.rearporttemplate",
  "pk": 23,
  "fields": {
    "created": "2022-12-22T12:00:17.972Z",
    "last_updated": "2022-12-22T12:00:17.972Z",
    "name": "23",
    "_name": "00000023",
    "label": "",
    "description": "",
    "device_type": 2,
    "module_type": null,
    "type": "110-punch",
    "color": "",
    "positions": 1
  }
},
{
  "model": "dcim.rearporttemplate",
  "pk": 24,
  "fields": {
    "created": "2022-12-22T12:00:17.988Z",
    "last_updated": "2022-12-22T12:00:17.988Z",
    "name": "24",
    "_name": "00000024",
    "label": "",
    "description": "",
    "device_type": 2,
    "module_type": null,
    "type": "110-punch",
    "color": "",
    "positions": 1
  }
},
{
  "model": "dcim.rearporttemplate",
  "pk": 25,
  "fields": {
    "created": "2022-12-22T12:00:18.007Z",
    "last_updated": "2022-12-22T12:00:18.007Z",
    "name": "25",
    "_name": "00000025",
    "label": "",
    "description": "",
    "device_type": 2,
    "module_type": null,
    "type": "110-punch",
    "color": "",
    "positions": 1
  }
},
{
  "model": "dcim.rearporttemplate",
  "pk": 26,
  "fields": {
    "created": "2022-12-22T12:00:18.023Z",
    "last_updated": "2022-12-22T12:00:18.023Z",
    "name": "26",
    "_name": "00000026",
    "label": "",
    "description": "",
    "device_type": 2,
    "module_type": null,
    "type": "110-punch",
    "color": "",
    "positions": 1
  }
},
{
  "model": "dcim.rearporttemplate",
  "pk": 27,
  "fields": {
    "created": "2022-12-22T12:00:18.041Z",
    "last_updated": "2022-12-22T12:00:18.041Z",
    "name": "27",
    "_name": "00000027",
    "label": "",
    "description": "",
    "device_type": 2,
    "module_type": null,
    "type": "110-punch",
    "color": "",
    "positions": 1
  }
},
{
  "model": "dcim.rearporttemplate",
  "pk": 28,
  "fields": {
    "created": "2022-12-22T12:00:18.056Z",
    "last_updated": "2022-12-22T12:00:18.056Z",
    "name": "28",
    "_name": "00000028",
    "label": "",
    "description": "",
    "device_type": 2,
    "module_type": null,
    "type": "110-punch",
    "color": "",
    "positions": 1
  }
},
{
  "model": "dcim.rearporttemplate",
  "pk": 29,
  "fields": {
    "created": "2022-12-22T12:00:18.075Z",
    "last_updated": "2022-12-22T12:00:18.075Z",
    "name": "29",
    "_name": "00000029",
    "label": "",
    "description": "",
    "device_type": 2,
    "module_type": null,
    "type": "110-punch",
    "color": "",
    "positions": 1
  }
},
{
  "model": "dcim.rearporttemplate",
  "pk": 30,
  "fields": {
    "created": "2022-12-22T12:00:18.092Z",
    "last_updated": "2022-12-22T12:00:18.092Z",
    "name": "30",
    "_name": "00000030",
    "label": "",
    "description": "",
    "device_type": 2,
    "module_type": null,
    "type": "110-punch",
    "color": "",
    "positions": 1
  }
},
{
  "model": "dcim.rearporttemplate",
  "pk": 31,
  "fields": {
    "created": "2022-12-22T12:00:18.110Z",
    "last_updated": "2022-12-22T12:00:18.110Z",
    "name": "31",
    "_name": "00000031",
    "label": "",
    "description": "",
    "device_type": 2,
    "module_type": null,
    "type": "110-punch",
    "color": "",
    "positions": 1
  }
},
{
  "model": "dcim.rearporttemplate",
  "pk": 32,
  "fields": {
    "created": "2022-12-22T12:00:18.126Z",
    "last_updated": "2022-12-22T12:00:18.126Z",
    "name": "32",
    "_name": "00000032",
    "label": "",
    "description": "",
    "device_type": 2,
    "module_type": null,
    "type": "110-punch",
    "color": "",
    "positions": 1
  }
},
{
  "model": "dcim.rearporttemplate",
  "pk": 33,
  "fields": {
    "created": "2022-12-22T12:00:18.147Z",
    "last_updated": "2022-12-22T12:00:18.147Z",
    "name": "33",
    "_name": "00000033",
    "label": "",
    "description": "",
    "device_type": 2,
    "module_type": null,
    "type": "110-punch",
    "color": "",
    "positions": 1
  }
},
{
  "model": "dcim.rearporttemplate",
  "pk": 34,
  "fields": {
    "created": "2022-12-22T12:00:18.163Z",
    "last_updated": "2022-12-22T12:00:18.163Z",
    "name": "34",
    "_name": "00000034",
    "label": "",
    "description": "",
    "device_type": 2,
    "module_type": null,
    "type": "110-punch",
    "color": "",
    "positions": 1
  }
},
{
  "model": "dcim.rearporttemplate",
  "pk": 35,
  "fields": {
    "created": "2022-12-22T12:00:18.180Z",
    "last_updated": "2022-12-22T12:00:18.180Z",
    "name": "35",
    "_name": "00000035",
    "label": "",
    "description": "",
    "device_type": 2,
    "module_type": null,
    "type": "110-punch",
    "color": "",
    "positions": 1
  }
},
{
  "model": "dcim.rearporttemplate",
  "pk": 36,
  "fields": {
    "created": "2022-12-22T12:00:18.199Z",
    "last_updated": "2022-12-22T12:00:18.199Z",
    "name": "36",
    "_name": "00000036",
    "label": "",
    "description": "",
    "device_type": 2,
    "module_type": null,
    "type": "110-punch",
    "color": "",
    "positions": 1
  }
},
{
  "model": "dcim.rearporttemplate",
  "pk": 37,
  "fields": {
    "created": "2022-12-22T12:00:18.217Z",
    "last_updated": "2022-12-22T12:00:18.217Z",
    "name": "37",
    "_name": "00000037",
    "label": "",
    "description": "",
    "device_type": 2,
    "module_type": null,
    "type": "110-punch",
    "color": "",
    "positions": 1
  }
},
{
  "model": "dcim.rearporttemplate",
  "pk": 38,
  "fields": {
    "created": "2022-12-22T12:00:18.235Z",
    "last_updated": "2022-12-22T12:00:18.235Z",
    "name": "38",
    "_name": "00000038",
    "label": "",
    "description": "",
    "device_type": 2,
    "module_type": null,
    "type": "110-punch",
    "color": "",
    "positions": 1
  }
},
{
  "model": "dcim.rearporttemplate",
  "pk": 39,
  "fields": {
    "created": "2022-12-22T12:00:18.251Z",
    "last_updated": "2022-12-22T12:00:18.251Z",
    "name": "39",
    "_name": "00000039",
    "label": "",
    "description": "",
    "device_type": 2,
    "module_type": null,
    "type": "110-punch",
    "color": "",
    "positions": 1
  }
},
{
  "model": "dcim.rearporttemplate",
  "pk": 40,
  "fields": {
    "created": "2022-12-22T12:00:18.267Z",
    "last_updated": "2022-12-22T12:00:18.267Z",
    "name": "40",
    "_name": "00000040",
    "label": "",
    "description": "",
    "device_type": 2,
    "module_type": null,
    "type": "110-punch",
    "color": "",
    "positions": 1
  }
},
{
  "model": "dcim.rearporttemplate",
  "pk": 41,
  "fields": {
    "created": "2022-12-22T12:00:18.284Z",
    "last_updated": "2022-12-22T12:00:18.284Z",
    "name": "41",
    "_name": "00000041",
    "label": "",
    "description": "",
    "device_type": 2,
    "module_type": null,
    "type": "110-punch",
    "color": "",
    "positions": 1
  }
},
{
  "model": "dcim.rearporttemplate",
  "pk": 42,
  "fields": {
    "created": "2022-12-22T12:00:18.299Z",
    "last_updated": "2022-12-22T12:00:18.299Z",
    "name": "42",
    "_name": "00000042",
    "label": "",
    "description": "",
    "device_type": 2,
    "module_type": null,
    "type": "110-punch",
    "color": "",
    "positions": 1
  }
},
{
  "model": "dcim.rearporttemplate",
  "pk": 43,
  "fields": {
    "created": "2022-12-22T12:00:18.316Z",
    "last_updated": "2022-12-22T12:00:18.316Z",
    "name": "43",
    "_name": "00000043",
    "label": "",
    "description": "",
    "device_type": 2,
    "module_type": null,
    "type": "110-punch",
    "color": "",
    "positions": 1
  }
},
{
  "model": "dcim.rearporttemplate",
  "pk": 44,
  "fields": {
    "created": "2022-12-22T12:00:18.332Z",
    "last_updated": "2022-12-22T12:00:18.332Z",
    "name": "44",
    "_name": "00000044",
    "label": "",
    "description": "",
    "device_type": 2,
    "module_type": null,
    "type": "110-punch",
    "color": "",
    "positions": 1
  }
},
{
  "model": "dcim.rearporttemplate",
  "pk": 45,
  "fields": {
    "created": "2022-12-22T12:00:18.348Z",
    "last_updated": "2022-12-22T12:00:18.348Z",
    "name": "45",
    "_name": "00000045",
    "label": "",
    "description": "",
    "device_type": 2,
    "module_type": null,
    "type": "110-punch",
    "color": "",
    "positions": 1
  }
},
{
  "model": "dcim.rearporttemplate",
  "pk": 46,
  "fields": {
    "created": "2022-12-22T12:00:18.364Z",
    "last_updated": "2022-12-22T12:00:18.364Z",
    "name": "46",
    "_name": "00000046",
    "label": "",
    "description": "",
    "device_type": 2,
    "module_type": null,
    "type": "110-punch",
    "color": "",
    "positions": 1
  }
},
{
  "model": "dcim.rearporttemplate",
  "pk": 47,
  "fields": {
    "created": "2022-12-22T12:00:18.383Z",
    "last_updated": "2022-12-22T12:00:18.383Z",
    "name": "47",
    "_name": "00000047",
    "label": "",
    "description": "",
    "device_type": 2,
    "module_type": null,
    "type": "110-punch",
    "color": "",
    "positions": 1
  }
},
{
  "model": "dcim.rearporttemplate",
  "pk": 48,
  "fields": {
    "created": "2022-12-22T12:00:18.405Z",
    "last_updated": "2022-12-22T12:00:18.405Z",
    "name": "48",
    "_name": "00000048",
    "label": "",
    "description": "",
    "device_type": 2,
    "module_type": null,
    "type": "110-punch",
    "color": "",
    "positions": 1
  }
},
{
  "model": "dcim.modulebaytemplate",
  "pk": 1,
  "fields": {
    "created": "2022-12-22T12:00:43.276Z",
    "last_updated": "2022-12-22T12:00:43.276Z",
    "device_type": 3,
    "name": "Front Expansion Module",
    "_name": "Front Expansion Module",
    "label": "",
    "description": "",
    "position": "2"
  }
},
{
  "model": "dcim.modulebaytemplate",
  "pk": 2,
  "fields": {
    "created": "2023-06-22T12:50:44.437Z",
    "last_updated": "2023-06-22T12:50:44.437Z",
    "device_type": 11,
    "name": "Network Module",
    "_name": "Network Module",
    "label": "",
    "description": "",
    "position": "1"
  }
},
{
  "model": "dcim.modulebaytemplate",
  "pk": 3,
  "fields": {
    "created": "2023-06-22T12:50:44.458Z",
    "last_updated": "2023-06-22T12:50:44.458Z",
    "device_type": 11,
    "name": "StackPort1/1",
    "_name": "StackPort00000001/00000001",
    "label": "",
    "description": "",
    "position": "1/1"
  }
},
{
  "model": "dcim.modulebaytemplate",
  "pk": 4,
  "fields": {
    "created": "2023-06-22T12:50:44.467Z",
    "last_updated": "2023-06-22T12:50:44.467Z",
    "device_type": 11,
    "name": "StackPort1/2",
    "_name": "StackPort00000001/00000002",
    "label": "",
    "description": "",
    "position": "1/2"
  }
},
{
  "model": "dcim.manufacturer",
  "pk": 1,
  "fields": {
    "created": "2022-12-22T11:58:43.900Z",
    "last_updated": "2022-12-22T11:58:43.900Z",
    "custom_field_data": {},
    "name": "Cisco",
    "slug": "cisco",
    "description": ""
  }
},
{
  "model": "dcim.manufacturer",
  "pk": 2,
  "fields": {
    "created": "2022-12-22T11:58:43.916Z",
    "last_updated": "2022-12-22T11:58:43.916Z",
    "custom_field_data": {},
    "name": "Cisco Meraki",
    "slug": "cisco-meraki",
    "description": ""
  }
},
{
  "model": "dcim.manufacturer",
  "pk": 3,
  "fields": {
    "created": "2022-12-22T11:58:43.930Z",
    "last_updated": "2022-12-22T11:58:43.931Z",
    "custom_field_data": {},
    "name": "Juniper",
    "slug": "juniper",
    "description": ""
  }
},
{
  "model": "dcim.manufacturer",
  "pk": 4,
  "fields": {
    "created": "2022-12-22T11:58:43.943Z",
    "last_updated": "2022-12-22T11:58:43.943Z",
    "custom_field_data": {},
    "name": "Panduit",
    "slug": "panduit",
    "description": ""
  }
},
{
  "model": "dcim.manufacturer",
  "pk": 5,
  "fields": {
    "created": "2022-12-22T11:58:43.957Z",
    "last_updated": "2022-12-22T11:58:43.957Z",
    "custom_field_data": {},
    "name": "Avocent",
    "slug": "avocent",
    "description": ""
  }
},
{
  "model": "dcim.manufacturer",
  "pk": 6,
  "fields": {
    "created": "2022-12-22T13:46:08.850Z",
    "last_updated": "2022-12-22T13:46:16.818Z",
    "custom_field_data": {},
    "name": "HPE",
    "slug": "hpe",
    "description": ""
  }
},
{
  "model": "dcim.manufacturer",
  "pk": 7,
  "fields": {
    "created": "2022-12-22T15:03:55.382Z",
    "last_updated": "2022-12-22T15:03:55.382Z",
    "custom_field_data": {},
    "name": "APC",
    "slug": "apc",
    "description": ""
  }
},
{
  "model": "dcim.manufacturer",
  "pk": 8,
  "fields": {
    "created": "2023-03-29T06:52:48.663Z",
    "last_updated": "2023-03-29T06:52:48.663Z",
    "custom_field_data": {},
    "name": "CentOS",
    "slug": "centos",
    "description": ""
  }
},
{
  "model": "dcim.manufacturer",
  "pk": 9,
  "fields": {
    "created": "2023-07-21T18:44:15.904Z",
    "last_updated": "2023-07-21T18:44:15.904Z",
    "custom_field_data": {},
    "name": "Arista",
    "slug": "arista",
    "description": ""
  }
},
{
  "model": "dcim.devicetype",
  "pk": 1,
  "fields": {
    "created": "2022-12-22T12:00:04.320Z",
    "last_updated": "2022-12-22T12:00:04.320Z",
    "custom_field_data": {},
    "description": "",
    "comments": "",
    "weight": null,
    "weight_unit": "",
    "_abs_weight": null,
    "manufacturer": 5,
    "model": "ACS16",
    "slug": "acs16",
    "default_platform": null,
    "part_number": "",
    "u_height": "1.0",
    "is_full_depth": false,
    "subdevice_role": "",
    "airflow": "",
    "front_image": "",
    "rear_image": ""
  }
},
{
  "model": "dcim.devicetype",
  "pk": 2,
  "fields": {
    "created": "2022-12-22T12:00:17.570Z",
    "last_updated": "2023-07-31T10:20:20.223Z",
    "custom_field_data": {},
    "description": "",
    "comments": "",
    "weight": null,
    "weight_unit": "",
    "_abs_weight": null,
    "manufacturer": 4,
    "model": "Patch Panel (48 Port)",
    "slug": "cpp48hdewbl",
    "default_platform": null,
    "part_number": "CPP48HDEWBL",
    "u_height": "1.0",
    "is_full_depth": false,
    "subdevice_role": "",
    "airflow": "",
    "front_image": "",
    "rear_image": ""
  }
},
{
  "model": "dcim.devicetype",
  "pk": 3,
  "fields": {
    "created": "2022-12-22T12:00:42.244Z",
    "last_updated": "2022-12-22T12:00:42.244Z",
    "custom_field_data": {},
    "description": "",
    "comments": "",
    "weight": null,
    "weight_unit": "",
    "_abs_weight": null,
    "manufacturer": 3,
    "model": "EX4300-48P",
    "slug": "ex4300-48p",
    "default_platform": null,
    "part_number": "",
    "u_height": "1.0",
    "is_full_depth": true,
    "subdevice_role": "",
    "airflow": "front-to-rear",
    "front_image": "",
    "rear_image": ""
  }
},
{
  "model": "dcim.devicetype",
  "pk": 4,
  "fields": {
    "created": "2022-12-22T12:00:51.912Z",
    "last_updated": "2022-12-22T12:00:51.912Z",
    "custom_field_data": {},
    "description": "",
    "comments": "",
    "weight": null,
    "weight_unit": "",
    "_abs_weight": null,
    "manufacturer": 1,
    "model": "ISR4321",
    "slug": "isr4321",
    "default_platform": null,
    "part_number": "ISR4321/K9",
    "u_height": "1.0",
    "is_full_depth": true,
    "subdevice_role": "",
    "airflow": "",
    "front_image": "",
    "rear_image": ""
  }
},
{
  "model": "dcim.devicetype",
  "pk": 5,
  "fields": {
    "created": "2022-12-22T12:00:59.320Z",
    "last_updated": "2022-12-22T12:00:59.320Z",
    "custom_field_data": {},
    "description": "",
    "comments": "- Datasheet: [https://documentation.meraki.com/MR/MR_Overview_and_Specifications/MR56_Datasheet](https://documentation.meraki.com/MR/MR_Overview_and_Specifications/MR56_Datasheet)\r\n- IEEE Standards: 802.11a, 802.11ac, 802.11ax, 802.11b, 802.11e, 802.11g, 802.11h, 802.11i, 802.11k, 802.11n, 802.11r, and 802.11u",
    "weight": null,
    "weight_unit": "",
    "_abs_weight": null,
    "manufacturer": 1,
    "model": "MR56",
    "slug": "MR56",
    "default_platform": null,
    "part_number": "",
    "u_height": "0.0",
    "is_full_depth": false,
    "subdevice_role": "",
    "airflow": "",
    "front_image": "",
    "rear_image": ""
  }
},
{
  "model": "dcim.devicetype",
  "pk": 6,
  "fields": {
    "created": "2022-12-22T13:46:29.932Z",
    "last_updated": "2022-12-22T13:46:29.932Z",
    "custom_field_data": {},
    "description": "",
    "comments": "",
    "weight": null,
    "weight_unit": "",
    "_abs_weight": null,
    "manufacturer": 6,
    "model": "ProLiant DL380 Gen9",
    "slug": "hpe_dl380_g9",
    "default_platform": null,
    "part_number": "",
    "u_height": "2.0",
    "is_full_depth": true,
    "subdevice_role": "",
    "airflow": "",
    "front_image": "",
    "rear_image": ""
  }
},
{
  "model": "dcim.devicetype",
  "pk": 7,
  "fields": {
    "created": "2022-12-22T15:08:38.662Z",
    "last_updated": "2022-12-22T15:08:38.662Z",
    "custom_field_data": {},
    "description": "",
    "comments": "Rack PDU, Switched, 1U, 16A, 208/230V, (8)C13",
    "weight": null,
    "weight_unit": "",
    "_abs_weight": null,
    "manufacturer": 7,
    "model": "AP7921B",
    "slug": "ap7921b",
    "default_platform": null,
    "part_number": "AP7921B",
    "u_height": "1.0",
    "is_full_depth": false,
    "subdevice_role": "",
    "airflow": "",
    "front_image": "",
    "rear_image": ""
  }
},
{
  "model": "dcim.devicetype",
  "pk": 11,
  "fields": {
    "created": "2023-06-22T12:50:44.054Z",
    "last_updated": "2023-08-09T09:54:24.093Z",
    "custom_field_data": {},
    "description": "",
    "comments": "[Cisco Catalyst 9200 Series Switches Data Sheet](https://www.cisco.com/c/en/us/products/collateral/switches/catalyst-9200-series-switches/nb-06-cat9200-ser-data-sheet-cte-en.html)",
    "weight": null,
    "weight_unit": "",
    "_abs_weight": null,
    "manufacturer": 1,
    "model": "C9200-24P",
    "slug": "cisco-c9200-24p",
    "default_platform": 1,
    "part_number": "C9200-24P",
    "u_height": "1.0",
    "is_full_depth": false,
    "subdevice_role": "",
    "airflow": "front-to-rear",
    "front_image": "",
    "rear_image": ""
  }
},
{
  "model": "dcim.moduletype",
  "pk": 1,
  "fields": {
    "created": "2022-12-22T15:06:32.632Z",
    "last_updated": "2022-12-22T15:06:32.632Z",
    "custom_field_data": {},
    "description": "",
    "comments": "Rack PDU, Switched, 1U, 16A, 208/230V, (8)C13",
    "weight": null,
    "weight_unit": "",
    "_abs_weight": null,
    "manufacturer": 7,
    "model": "AP7921B",
    "part_number": "AP7921B"
  }
},
{
  "model": "dcim.devicerole",
  "pk": 1,
  "fields": {
    "created": "2022-12-22T11:59:20.381Z",
    "last_updated": "2022-12-22T11:59:20.381Z",
    "custom_field_data": {},
    "name": "WAN Router",
    "slug": "wan-router",
    "description": "",
    "color": "327fa8",
    "vm_role": false,
    "config_template": null
  }
},
{
  "model": "dcim.devicerole",
  "pk": 2,
  "fields": {
    "created": "2022-12-22T11:59:20.404Z",
    "last_updated": "2022-12-22T11:59:20.404Z",
    "custom_field_data": {},
    "name": "Access Switch",
    "slug": "access-switch",
    "description": "",
    "color": "32a871",
    "vm_role": false,
    "config_template": null
  }
},
{
  "model": "dcim.devicerole",
  "pk": 3,
  "fields": {
    "created": "2022-12-22T11:59:20.420Z",
    "last_updated": "2022-12-22T11:59:20.420Z",
    "custom_field_data": {},
    "name": "Wireless AP",
    "slug": "wireless-ap",
    "description": "",
    "color": "a86332",
    "vm_role": false,
    "config_template": null
  }
},
{
  "model": "dcim.devicerole",
  "pk": 4,
  "fields": {
    "created": "2022-12-22T11:59:20.438Z",
    "last_updated": "2022-12-22T11:59:20.438Z",
    "custom_field_data": {},
    "name": "Patch Panel",
    "slug": "patch-panel",
    "description": "",
    "color": "dbc230",
    "vm_role": false,
    "config_template": null
  }
},
{
  "model": "dcim.devicerole",
  "pk": 5,
  "fields": {
    "created": "2022-12-22T11:59:20.456Z",
    "last_updated": "2022-12-22T11:59:20.456Z",
    "custom_field_data": {},
    "name": "Console Server",
    "slug": "console-server",
    "description": "",
    "color": "db30a8",
    "vm_role": false,
    "config_template": null
  }
},
{
  "model": "dcim.devicerole",
  "pk": 6,
  "fields": {
    "created": "2022-12-22T13:47:44.932Z",
    "last_updated": "2022-12-22T13:47:44.932Z",
    "custom_field_data": {},
    "name": "vSphere",
    "slug": "vsphere",
    "description": "",
    "color": "ff9800",
    "vm_role": true,
    "config_template": null
  }
},
{
  "model": "dcim.devicerole",
  "pk": 7,
  "fields": {
    "created": "2022-12-22T15:07:41.058Z",
    "last_updated": "2022-12-22T15:07:41.058Z",
    "custom_field_data": {},
    "name": "PDU",
    "slug": "pdu",
    "description": "",
    "color": "f44336",
    "vm_role": true,
    "config_template": null
  }
},
{
  "model": "dcim.platform",
  "pk": 1,
  "fields": {
    "created": "2022-12-22T11:59:29.652Z",
    "last_updated": "2022-12-22T11:59:29.652Z",
    "custom_field_data": {},
    "name": "Cisco IOS",
    "slug": "cisco-ios",
    "description": "",
    "manufacturer": 1,
    "config_template": null,
    "napalm_driver": "ios",
    "napalm_args": null
  }
},
{
  "model": "dcim.platform",
  "pk": 2,
  "fields": {
    "created": "2022-12-22T11:59:29.672Z",
    "last_updated": "2022-12-22T11:59:29.673Z",
    "custom_field_data": {},
    "name": "Juniper JunOS",
    "slug": "juniper-junos",
    "description": "",
    "manufacturer": 3,
    "config_template": null,
    "napalm_driver": "junos",
    "napalm_args": null
  }
},
{
  "model": "dcim.platform",
  "pk": 3,
  "fields": {
    "created": "2022-12-22T13:56:31.771Z",
    "last_updated": "2022-12-22T13:56:31.771Z",
    "custom_field_data": {},
    "name": "Ubuntu Linux 22.10",
    "slug": "ubuntu-linux-22-10",
    "description": "",
    "manufacturer": null,
    "config_template": null,
    "napalm_driver": "",
    "napalm_args": null
  }
},
{
  "model": "dcim.platform",
  "pk": 4,
  "fields": {
    "created": "2022-12-22T13:56:54.848Z",
    "last_updated": "2022-12-22T13:56:54.848Z",
    "custom_field_data": {},
    "name": "Windows Server 2022",
    "slug": "windows-server-2022",
    "description": "",
    "manufacturer": null,
    "config_template": null,
    "napalm_driver": "",
    "napalm_args": null
  }
},
{
  "model": "dcim.platform",
  "pk": 5,
  "fields": {
    "created": "2023-07-21T18:44:16.568Z",
    "last_updated": "2023-07-21T18:44:16.568Z",
    "custom_field_data": {},
    "name": "eos",
    "slug": "eos",
    "description": "",
    "manufacturer": 9,
    "config_template": null,
    "napalm_driver": "",
    "napalm_args": null
  }
},
{
  "model": "dcim.device",
  "pk": 1,
  "fields": {
    "created": "2022-12-22T12:08:10.912Z",
    "last_updated": "2023-07-28T14:49:55.385Z",
    "custom_field_data": {},
    "description": "",
    "comments": "",
    "local_context_data": null,
    "device_type": 4,
    "device_role": 1,
    "tenant": 5,
    "platform": 1,
    "name": "NLAMS01-RTR-1",
    "_name": "NLAMS00000001-RTR-00000001",
    "serial": "",
    "asset_tag": null,
    "site": 1,
    "location": 1,
    "rack": 1,
    "position": "40.0",
    "face": "front",
    "status": "active",
    "airflow": "front-to-rear",
    "primary_ip4": 175,
    "primary_ip6": null,
    "cluster": null,
    "virtual_chassis": null,
    "vc_position": null,
    "vc_priority": null,
    "config_template": null
  }
},
{
  "model": "dcim.device",
  "pk": 2,
  "fields": {
    "created": "2022-12-22T12:08:10.986Z",
    "last_updated": "2023-07-28T14:51:19.492Z",
    "custom_field_data": {},
    "description": "",
    "comments": "",
    "local_context_data": null,
    "device_type": 3,
    "device_role": 2,
    "tenant": 5,
    "platform": 2,
    "name": "NLAMS01-SW-1",
    "_name": "NLAMS00000001-SW-00000001",
    "serial": "",
    "asset_tag": null,
    "site": 1,
    "location": 1,
    "rack": 1,
    "position": "39.0",
    "face": "front",
    "status": "active",
    "airflow": "front-to-rear",
    "primary_ip4": 168,
    "primary_ip6": null,
    "cluster": null,
    "virtual_chassis": null,
    "vc_position": null,
    "vc_priority": null,
    "config_template": null
  }
},
{
  "model": "dcim.device",
  "pk": 3,
  "fields": {
    "created": "2022-12-22T12:08:11.257Z",
    "last_updated": "2023-07-28T14:48:42.474Z",
    "custom_field_data": {},
    "description": "",
    "comments": "",
    "local_context_data": null,
    "device_type": 2,
    "device_role": 4,
    "tenant": 5,
    "platform": null,
    "name": "NLAMS01-PAN-1",
    "_name": "NLAMS00000001-PAN-00000001",
    "serial": "",
    "asset_tag": null,
    "site": 1,
    "location": 1,
    "rack": 1,
    "position": "42.0",
    "face": "front",
    "status": "active",
    "airflow": "",
    "primary_ip4": null,
    "primary_ip6": null,
    "cluster": null,
    "virtual_chassis": null,
    "vc_position": null,
    "vc_priority": null,
    "config_template": null
  }
},
{
  "model": "dcim.device",
  "pk": 4,
  "fields": {
    "created": "2022-12-22T12:08:11.462Z",
    "last_updated": "2023-07-28T14:53:42.545Z",
    "custom_field_data": {},
    "description": "",
    "comments": "",
    "local_context_data": null,
    "device_type": 1,
    "device_role": 5,
    "tenant": 5,
    "platform": null,
    "name": "NLAMS01-CON-1",
    "_name": "NLAMS00000001-CON-00000001",
    "serial": "",
    "asset_tag": null,
    "site": 1,
    "location": 1,
    "rack": 1,
    "position": "22.0",
    "face": "front",
    "status": "active",
    "airflow": "",
    "primary_ip4": 191,
    "primary_ip6": null,
    "cluster": null,
    "virtual_chassis": null,
    "vc_position": null,
    "vc_priority": null,
    "config_template": null
  }
},
{
  "model": "dcim.device",
  "pk": 5,
  "fields": {
    "created": "2022-12-22T12:08:11.529Z",
    "last_updated": "2023-07-27T10:54:56.921Z",
    "custom_field_data": {},
    "description": "",
    "comments": "",
    "local_context_data": null,
    "device_type": 5,
    "device_role": 3,
    "tenant": 5,
    "platform": null,
    "name": "NLAMS01-AP-1",
    "_name": "NLAMS00000001-AP-00000001",
    "serial": "",
    "asset_tag": null,
    "site": 1,
    "location": 1,
    "rack": null,
    "position": null,
    "face": "",
    "status": "active",
    "airflow": "",
    "primary_ip4": 177,
    "primary_ip6": null,
    "cluster": null,
    "virtual_chassis": null,
    "vc_position": null,
    "vc_priority": null,
    "config_template": null
  }
},
{
  "model": "dcim.device",
  "pk": 6,
  "fields": {
    "created": "2022-12-22T12:08:11.585Z",
    "last_updated": "2023-07-27T10:54:56.993Z",
    "custom_field_data": {},
    "description": "",
    "comments": "",
    "local_context_data": null,
    "device_type": 5,
    "device_role": 3,
    "tenant": 5,
    "platform": null,
    "name": "NLAMS01-AP-2",
    "_name": "NLAMS00000001-AP-00000002",
    "serial": "",
    "asset_tag": null,
    "site": 1,
    "location": 1,
    "rack": null,
    "position": null,
    "face": "",
    "status": "active",
    "airflow": "",
    "primary_ip4": 178,
    "primary_ip6": null,
    "cluster": null,
    "virtual_chassis": null,
    "vc_position": null,
    "vc_priority": null,
    "config_template": null
  }
},
{
  "model": "dcim.device",
  "pk": 7,
  "fields": {
    "created": "2022-12-22T13:48:05.793Z",
    "last_updated": "2023-07-28T14:52:17.752Z",
    "custom_field_data": {},
    "description": "",
    "comments": "",
    "local_context_data": null,
    "device_type": 6,
    "device_role": 6,
    "tenant": 5,
    "platform": null,
    "name": "NLAMS01-VSP-1",
    "_name": "NLAMS00000001-VSP-00000001",
    "serial": "",
    "asset_tag": null,
    "site": 1,
    "location": 1,
    "rack": 1,
    "position": "32.0",
    "face": "front",
    "status": "active",
    "airflow": "front-to-rear",
    "primary_ip4": 189,
    "primary_ip6": null,
    "cluster": 1,
    "virtual_chassis": null,
    "vc_position": null,
    "vc_priority": null,
    "config_template": null
  }
},
{
  "model": "dcim.device",
  "pk": 8,
  "fields": {
    "created": "2022-12-22T13:48:05.888Z",
    "last_updated": "2023-07-28T14:51:54.142Z",
    "custom_field_data": {},
    "description": "",
    "comments": "",
    "local_context_data": null,
    "device_type": 6,
    "device_role": 6,
    "tenant": 5,
    "platform": null,
    "name": "NLAMS01-VSP-2",
    "_name": "NLAMS00000001-VSP-00000002",
    "serial": "",
    "asset_tag": null,
    "site": 1,
    "location": 1,
    "rack": 1,
    "position": "34.0",
    "face": "front",
    "status": "active",
    "airflow": "front-to-rear",
    "primary_ip4": 190,
    "primary_ip6": null,
    "cluster": 1,
    "virtual_chassis": null,
    "vc_position": null,
    "vc_priority": null,
    "config_template": null
  }
},
{
  "model": "dcim.device",
  "pk": 9,
  "fields": {
    "created": "2022-12-22T15:09:06.301Z",
    "last_updated": "2023-07-27T10:54:57.130Z",
    "custom_field_data": {},
    "description": "",
    "comments": "",
    "local_context_data": null,
    "device_type": 7,
    "device_role": 7,
    "tenant": 5,
    "platform": null,
    "name": "NLAMS01-PDU-1",
    "_name": "NLAMS00000001-PDU-00000001",
    "serial": "",
    "asset_tag": null,
    "site": 1,
    "location": 1,
    "rack": 1,
    "position": "11.0",
    "face": "rear",
    "status": "active",
    "airflow": "",
    "primary_ip4": 192,
    "primary_ip6": null,
    "cluster": null,
    "virtual_chassis": null,
    "vc_position": null,
    "vc_priority": null,
    "config_template": null
  }
},
{
  "model": "dcim.device",
  "pk": 10,
  "fields": {
    "created": "2022-12-22T15:09:06.523Z",
    "last_updated": "2023-07-27T10:54:57.160Z",
    "custom_field_data": {},
    "description": "",
    "comments": "",
    "local_context_data": null,
    "device_type": 7,
    "device_role": 7,
    "tenant": 5,
    "platform": null,
    "name": "NLAMS01-PDU-2",
    "_name": "NLAMS00000001-PDU-00000002",
    "serial": "",
    "asset_tag": null,
    "site": 1,
    "location": 1,
    "rack": 1,
    "position": "12.0",
    "face": "rear",
    "status": "active",
    "airflow": "",
    "primary_ip4": 193,
    "primary_ip6": null,
    "cluster": null,
    "virtual_chassis": null,
    "vc_position": null,
    "vc_priority": null,
    "config_template": null
  }
},
{
  "model": "dcim.device",
  "pk": 141,
  "fields": {
    "created": "2023-08-09T10:00:52.405Z",
    "last_updated": "2023-08-10T10:34:28.280Z",
    "custom_field_data": {},
    "description": "",
    "comments": "",
    "local_context_data": null,
    "device_type": 11,
    "device_role": 2,
    "tenant": 5,
    "platform": 1,
    "name": "AUSYD01-SW-1",
    "_name": "AUSYD00000001-SW-00000001",
    "serial": "",
    "asset_tag": null,
    "site": 5,
    "location": 4,
    "rack": 19,
    "position": "19.0",
    "face": "front",
    "status": "active",
    "airflow": "front-to-rear",
    "primary_ip4": 288,
    "primary_ip6": null,
    "cluster": null,
    "virtual_chassis": null,
    "vc_position": null,
    "vc_priority": null,
    "config_template": 133
  }
},
{
  "model": "dcim.powerpanel",
  "pk": 1,
  "fields": {
    "created": "2023-07-31T10:52:59.670Z",
    "last_updated": "2023-07-31T10:52:59.670Z",
    "custom_field_data": {},
    "description": "",
    "comments": "",
    "site": 1,
    "location": 1,
    "name": "NLAMS01-PWR-PAN-1"
  }
},
{
  "model": "dcim.powerpanel",
  "pk": 2,
  "fields": {
    "created": "2023-07-31T10:53:07.251Z",
    "last_updated": "2023-07-31T10:53:07.251Z",
    "custom_field_data": {},
    "description": "",
    "comments": "",
    "site": 1,
    "location": 1,
    "name": "NLAMS01-PWR-PAN-2"
  }
},
{
  "model": "dcim.powerfeed",
  "pk": 1,
  "fields": {
    "created": "2023-07-31T10:54:21.134Z",
    "last_updated": "2023-07-31T10:57:56.694Z",
    "custom_field_data": {},
    "description": "",
    "comments": "",
    "cable": 73,
    "cable_end": "B",
    "mark_connected": false,
    "_path": 179,
    "power_panel": 1,
    "rack": 1,
    "name": "NLAMS01-PWR-FEED-1",
    "status": "active",
    "type": "primary",
    "supply": "ac",
    "phase": "three-phase",
    "voltage": 200,
    "amperage": 16,
    "max_utilization": 80,
    "available_power": 4434
  }
},
{
  "model": "dcim.powerfeed",
  "pk": 2,
  "fields": {
    "created": "2023-07-31T10:54:54.112Z",
    "last_updated": "2023-07-31T10:58:23.583Z",
    "custom_field_data": {},
    "description": "",
    "comments": "",
    "cable": 74,
    "cable_end": "B",
    "mark_connected": false,
    "_path": 181,
    "power_panel": 2,
    "rack": 1,
    "name": "NLAMS01-PWR-FEED-2",
    "status": "active",
    "type": "redundant",
    "supply": "ac",
    "phase": "three-phase",
    "voltage": 200,
    "amperage": 16,
    "max_utilization": 80,
    "available_power": 4434
  }
},
{
  "model": "dcim.rackrole",
  "pk": 1,
  "fields": {
    "created": "2022-12-22T11:33:34.652Z",
    "last_updated": "2022-12-22T11:33:34.652Z",
    "custom_field_data": {},
    "name": "Infrastructure",
    "slug": "infrastructure",
    "description": "Infrastructure",
    "color": "9e9e9e"
  }
},
{
  "model": "dcim.rackrole",
  "pk": 2,
  "fields": {
    "created": "2022-12-22T11:33:48.890Z",
    "last_updated": "2022-12-22T11:33:48.890Z",
    "custom_field_data": {},
    "name": "Compute",
    "slug": "compute",
    "description": "",
    "color": "ffc107"
  }
},
{
  "model": "dcim.rackrole",
  "pk": 3,
  "fields": {
    "created": "2022-12-22T11:34:10.582Z",
    "last_updated": "2022-12-22T11:34:10.582Z",
    "custom_field_data": {},
    "name": "Storage",
    "slug": "storage",
    "description": "",
    "color": "795548"
  }
},
{
  "model": "dcim.rack",
  "pk": 1,
  "fields": {
    "created": "2022-12-22T11:35:17.216Z",
    "last_updated": "2023-07-27T11:02:05.777Z",
    "custom_field_data": {},
    "description": "",
    "comments": "",
    "weight": null,
    "weight_unit": "",
    "_abs_weight": null,
    "name": "NLAMS01-RK-01",
    "_name": "NLAMS00000001-RK-00000001",
    "facility_id": null,
    "site": 1,
    "location": 1,
    "tenant": 5,
    "status": "active",
    "role": 1,
    "serial": "",
    "asset_tag": null,
    "type": "4-post-cabinet",
    "width": 19,
    "u_height": 42,
    "desc_units": false,
    "outer_width": null,
    "outer_depth": null,
    "outer_unit": "",
    "max_weight": null,
    "_abs_max_weight": null,
    "mounting_depth": null
  }
},
{
  "model": "dcim.rack",
  "pk": 19,
  "fields": {
    "created": "2023-08-09T09:58:40.482Z",
    "last_updated": "2023-08-09T09:59:57.066Z",
    "custom_field_data": {},
    "description": "",
    "comments": "",
    "weight": null,
    "weight_unit": "",
    "_abs_weight": null,
    "name": "AUSYD01-RK-01",
    "_name": "AUSYD00000001-RK-00000001",
    "facility_id": null,
    "site": 5,
    "location": 4,
    "tenant": 5,
    "status": "active",
    "role": 1,
    "serial": "",
    "asset_tag": null,
    "type": "wall-frame",
    "width": 19,
    "u_height": 21,
    "desc_units": false,
    "outer_width": null,
    "outer_depth": null,
    "outer_unit": "",
    "max_weight": null,
    "_abs_max_weight": null,
    "mounting_depth": null
  }
},
{
  "model": "dcim.region",
  "pk": 1,
  "fields": {
    "created": "2022-12-22T11:23:43.301Z",
    "last_updated": "2022-12-22T11:23:43.301Z",
    "custom_field_data": {},
    "parent": null,
    "name": "Africa",
    "slug": "africa",
    "description": "",
    "lft": 1,
    "rght": 4,
    "tree_id": 1,
    "level": 0
  }
},
{
  "model": "dcim.region",
  "pk": 2,
  "fields": {
    "created": "2022-12-22T11:23:43.356Z",
    "last_updated": "2022-12-22T11:23:43.356Z",
    "custom_field_data": {},
    "parent": null,
    "name": "Asia Pacific",
    "slug": "asia-pacific",
    "description": "",
    "lft": 1,
    "rght": 10,
    "tree_id": 2,
    "level": 0
  }
},
{
  "model": "dcim.region",
  "pk": 3,
  "fields": {
    "created": "2022-12-22T11:23:43.389Z",
    "last_updated": "2022-12-22T11:23:43.390Z",
    "custom_field_data": {},
    "parent": null,
    "name": "Europe",
    "slug": "europe",
    "description": "",
    "lft": 1,
    "rght": 6,
    "tree_id": 3,
    "level": 0
  }
},
{
  "model": "dcim.region",
  "pk": 4,
  "fields": {
    "created": "2022-12-22T11:23:43.418Z",
    "last_updated": "2022-12-22T11:23:43.419Z",
    "custom_field_data": {},
    "parent": null,
    "name": "North America",
    "slug": "north-america",
    "description": "",
    "lft": 1,
    "rght": 12,
    "tree_id": 4,
    "level": 0
  }
},
{
  "model": "dcim.region",
  "pk": 5,
  "fields": {
    "created": "2022-12-22T11:23:43.449Z",
    "last_updated": "2022-12-22T11:23:43.449Z",
    "custom_field_data": {},
    "parent": 2,
    "name": "Australia",
    "slug": "australia",
    "description": "",
    "lft": 2,
    "rght": 3,
    "tree_id": 2,
    "level": 1
  }
},
{
  "model": "dcim.region",
  "pk": 6,
  "fields": {
    "created": "2022-12-22T11:23:43.480Z",
    "last_updated": "2022-12-22T11:23:43.480Z",
    "custom_field_data": {},
    "parent": 1,
    "name": "South Africa",
    "slug": "south-africa",
    "description": "",
    "lft": 2,
    "rght": 3,
    "tree_id": 1,
    "level": 1
  }
},
{
  "model": "dcim.region",
  "pk": 7,
  "fields": {
    "created": "2022-12-22T11:23:43.512Z",
    "last_updated": "2022-12-22T11:23:43.512Z",
    "custom_field_data": {},
    "parent": 2,
    "name": "New Zealand",
    "slug": "new-zealand",
    "description": "",
    "lft": 8,
    "rght": 9,
    "tree_id": 2,
    "level": 1
  }
},
{
  "model": "dcim.region",
  "pk": 8,
  "fields": {
    "created": "2022-12-22T11:23:43.547Z",
    "last_updated": "2022-12-22T11:23:43.547Z",
    "custom_field_data": {},
    "parent": 2,
    "name": "Malaysia",
    "slug": "malaysia",
    "description": "",
    "lft": 6,
    "rght": 7,
    "tree_id": 2,
    "level": 1
  }
},
{
  "model": "dcim.region",
  "pk": 9,
  "fields": {
    "created": "2022-12-22T11:23:43.579Z",
    "last_updated": "2022-12-22T11:23:43.579Z",
    "custom_field_data": {},
    "parent": 3,
    "name": "United Kingdom",
    "slug": "united-kingdom",
    "description": "",
    "lft": 4,
    "rght": 5,
    "tree_id": 3,
    "level": 1
  }
},
{
  "model": "dcim.region",
  "pk": 10,
  "fields": {
    "created": "2022-12-22T11:23:43.607Z",
    "last_updated": "2022-12-22T11:23:43.607Z",
    "custom_field_data": {},
    "parent": 4,
    "name": "Canada",
    "slug": "canada",
    "description": "",
    "lft": 2,
    "rght": 3,
    "tree_id": 4,
    "level": 1
  }
},
{
  "model": "dcim.region",
  "pk": 11,
  "fields": {
    "created": "2022-12-22T11:23:43.640Z",
    "last_updated": "2022-12-22T11:23:43.640Z",
    "custom_field_data": {},
    "parent": 4,
    "name": "United States",
    "slug": "united-states",
    "description": "",
    "lft": 4,
    "rght": 11,
    "tree_id": 4,
    "level": 1
  }
},
{
  "model": "dcim.region",
  "pk": 12,
  "fields": {
    "created": "2022-12-22T11:23:43.675Z",
    "last_updated": "2022-12-22T11:23:43.675Z",
    "custom_field_data": {},
    "parent": 11,
    "name": "California",
    "slug": "california",
    "description": "",
    "lft": 5,
    "rght": 6,
    "tree_id": 4,
    "level": 2
  }
},
{
  "model": "dcim.region",
  "pk": 13,
  "fields": {
    "created": "2022-12-22T11:23:43.709Z",
    "last_updated": "2022-12-22T11:23:43.709Z",
    "custom_field_data": {},
    "parent": 11,
    "name": "Colorado",
    "slug": "colorado",
    "description": "",
    "lft": 7,
    "rght": 8,
    "tree_id": 4,
    "level": 2
  }
},
{
  "model": "dcim.region",
  "pk": 14,
  "fields": {
    "created": "2022-12-22T11:23:43.748Z",
    "last_updated": "2022-12-22T11:23:43.748Z",
    "custom_field_data": {},
    "parent": 11,
    "name": "Illinois",
    "slug": "illinois",
    "description": "",
    "lft": 9,
    "rght": 10,
    "tree_id": 4,
    "level": 2
  }
},
{
  "model": "dcim.region",
  "pk": 20,
  "fields": {
    "created": "2022-12-22T11:23:43.930Z",
    "last_updated": "2022-12-22T11:23:43.930Z",
    "custom_field_data": {},
    "parent": 2,
    "name": "Kuala Lumpur",
    "slug": "kuala-lumpur",
    "description": "",
    "lft": 4,
    "rght": 5,
    "tree_id": 2,
    "level": 1
  }
},
{
  "model": "dcim.region",
  "pk": 26,
  "fields": {
    "created": "2023-07-27T10:55:47.484Z",
    "last_updated": "2023-07-27T10:55:47.484Z",
    "custom_field_data": {},
    "parent": 3,
    "name": "Netherlands",
    "slug": "netherlands",
    "description": "",
    "lft": 2,
    "rght": 3,
    "tree_id": 3,
    "level": 1
  }
},
{
  "model": "dcim.sitegroup",
  "pk": 1,
  "fields": {
    "created": "2022-12-22T11:29:07.508Z",
    "last_updated": "2022-12-22T11:29:07.508Z",
    "custom_field_data": {},
    "parent": null,
    "name": "Branch",
    "slug": "branch",
    "description": "TLE Branch Sites",
    "lft": 1,
    "rght": 2,
    "tree_id": 1,
    "level": 0
  }
},
{
  "model": "dcim.sitegroup",
  "pk": 2,
  "fields": {
    "created": "2022-12-22T11:29:24.756Z",
    "last_updated": "2022-12-22T11:29:24.756Z",
    "custom_field_data": {},
    "parent": null,
    "name": "Corporate",
    "slug": "corporate",
    "description": "TLE Corporate Sites",
    "lft": 1,
    "rght": 2,
    "tree_id": 2,
    "level": 0
  }
},
{
  "model": "dcim.site",
  "pk": 1,
  "fields": {
    "created": "2022-12-22T11:31:13.323Z",
    "last_updated": "2023-07-27T10:56:13.969Z",
    "custom_field_data": {},
    "description": "",
    "comments": "",
    "name": "Amsterdam",
    "_name": "Amsterdam",
    "slug": "amsterdam",
    "status": "active",
    "region": 26,
    "group": 1,
    "tenant": 5,
    "facility": "",
    "time_zone": "Europe/Amsterdam",
    "physical_address": "Nepstraat 123, Amsterdam, Netherlands",
    "shipping_address": "",
    "latitude": "52.354550",
    "longitude": "4.738810",
    "asns": []
  }
},
{
  "model": "dcim.site",
  "pk": 5,
  "fields": {
    "created": "2022-12-22T11:31:40.273Z",
    "last_updated": "2023-07-27T10:58:43.462Z",
    "custom_field_data": {},
    "description": "",
    "comments": "",
    "name": "Sydney",
    "_name": "Sydney",
    "slug": "sydney",
    "status": "active",
    "region": 5,
    "group": 1,
    "tenant": 5,
    "facility": "",
    "time_zone": null,
    "physical_address": "",
    "shipping_address": "",
    "latitude": null,
    "longitude": null,
    "asns": []
  }
},
{
  "model": "dcim.site",
  "pk": 6,
  "fields": {
    "created": "2022-12-22T11:31:40.318Z",
    "last_updated": "2023-07-27T10:58:05.778Z",
    "custom_field_data": {},
    "description": "",
    "comments": "",
    "name": "London",
    "_name": "London",
    "slug": "london",
    "status": "active",
    "region": 9,
    "group": 1,
    "tenant": 5,
    "facility": "",
    "time_zone": null,
    "physical_address": "",
    "shipping_address": "",
    "latitude": null,
    "longitude": null,
    "asns": []
  }
},
{
  "model": "dcim.site",
  "pk": 9,
  "fields": {
    "created": "2022-12-22T11:31:40.461Z",
    "last_updated": "2023-07-27T11:00:28.765Z",
    "custom_field_data": {},
    "description": "",
    "comments": "",
    "name": "Los Angeles",
    "_name": "Los Angeles",
    "slug": "los-angeles",
    "status": "active",
    "region": 12,
    "group": 1,
    "tenant": 1,
    "facility": "",
    "time_zone": null,
    "physical_address": "",
    "shipping_address": "",
    "latitude": null,
    "longitude": null,
    "asns": []
  }
},
{
  "model": "dcim.site",
  "pk": 11,
  "fields": {
    "created": "2022-12-22T11:31:40.563Z",
    "last_updated": "2023-07-27T10:59:14.972Z",
    "custom_field_data": {},
    "description": "",
    "comments": "",
    "name": "Chicago",
    "_name": "Chicago",
    "slug": "chicago",
    "status": "active",
    "region": 14,
    "group": 2,
    "tenant": 3,
    "facility": "",
    "time_zone": null,
    "physical_address": "",
    "shipping_address": "",
    "latitude": null,
    "longitude": null,
    "asns": []
  }
},
{
  "model": "dcim.location",
  "pk": 1,
  "fields": {
    "created": "2022-12-22T11:32:48.891Z",
    "last_updated": "2022-12-22T15:15:36.574Z",
    "custom_field_data": {},
    "parent": null,
    "name": "Comms Room",
    "slug": "comms-room",
    "description": "",
    "site": 1,
    "status": "active",
    "tenant": 5,
    "lft": 1,
    "rght": 2,
    "tree_id": 1,
    "level": 0
  }
},
{
  "model": "dcim.location",
  "pk": 4,
  "fields": {
    "created": "2022-12-22T11:32:59.381Z",
    "last_updated": "2022-12-22T11:32:59.381Z",
    "custom_field_data": {},
    "parent": null,
    "name": "Comms Room",
    "slug": "comms-room",
    "description": "Main IT Suite",
    "site": 5,
    "status": "active",
    "tenant": 5,
    "lft": 1,
    "rght": 2,
    "tree_id": 4,
    "level": 0
  }
},
{
  "model": "dcim.location",
  "pk": 5,
  "fields": {
    "created": "2022-12-22T11:32:59.410Z",
    "last_updated": "2022-12-22T11:32:59.410Z",
    "custom_field_data": {},
    "parent": null,
    "name": "Comms Room",
    "slug": "comms-room",
    "description": "Main IT Suite",
    "site": 6,
    "status": "active",
    "tenant": 5,
    "lft": 1,
    "rght": 2,
    "tree_id": 5,
    "level": 0
  }
},
{
  "model": "dcim.location",
  "pk": 8,
  "fields": {
    "created": "2022-12-22T11:32:59.491Z",
    "last_updated": "2022-12-22T11:32:59.491Z",
    "custom_field_data": {},
    "parent": null,
    "name": "Comms Room",
    "slug": "comms-room",
    "description": "Main IT Suite",
    "site": 9,
    "status": "active",
    "tenant": 1,
    "lft": 1,
    "rght": 2,
    "tree_id": 8,
    "level": 0
  }
},
{
  "model": "dcim.location",
  "pk": 11,
  "fields": {
    "created": "2022-12-22T11:32:59.576Z",
    "last_updated": "2022-12-22T11:32:59.576Z",
    "custom_field_data": {},
    "parent": null,
    "name": "Comms Room",
    "slug": "comms-room",
    "description": "10th Floor IT Suite",
    "site": 11,
    "status": "active",
    "tenant": 3,
    "lft": 1,
    "rght": 2,
    "tree_id": 10,
    "level": 0
  }
},
{
  "model": "dcim.location",
  "pk": 12,
  "fields": {
    "created": "2022-12-22T11:32:59.604Z",
    "last_updated": "2022-12-22T11:32:59.604Z",
    "custom_field_data": {},
    "parent": null,
    "name": "Data Center",
    "slug": "data-center",
    "description": "On Premises Data Center",
    "site": 11,
    "status": "active",
    "tenant": 3,
    "lft": 1,
    "rght": 2,
    "tree_id": 12,
    "level": 0
  }
},
{
  "model": "ipam.rir",
  "pk": 1,
  "fields": {
    "created": "2022-12-22T13:01:34.198Z",
    "last_updated": "2022-12-22T13:01:34.198Z",
    "custom_field_data": {},
    "name": "RFC 1918",
    "slug": "rfc-1918",
    "description": "",
    "is_private": true
  }
},
{
  "model": "ipam.rir",
  "pk": 2,
  "fields": {
    "created": "2023-08-08T09:52:12.077Z",
    "last_updated": "2023-08-08T10:07:56.027Z",
    "custom_field_data": {},
    "name": "RIPE",
    "slug": "ripe",
    "description": "Rseaux IP Europens Network Coordination Centre",
    "is_private": false
  }
},
{
  "model": "ipam.aggregate",
  "pk": 1,
  "fields": {
    "created": "2022-12-22T13:09:19.697Z",
    "last_updated": "2022-12-22T13:09:19.697Z",
    "custom_field_data": {},
    "description": "",
    "comments": "",
    "prefix": "10.0.0.0/8",
    "rir": 1,
    "tenant": null,
    "date_added": null
  }
},
{
  "model": "ipam.aggregate",
  "pk": 2,
  "fields": {
    "created": "2022-12-22T13:09:20.676Z",
    "last_updated": "2022-12-22T13:09:20.676Z",
    "custom_field_data": {},
    "description": "",
    "comments": "",
    "prefix": "172.16.0.0/12",
    "rir": 1,
    "tenant": null,
    "date_added": null
  }
},
{
  "model": "ipam.aggregate",
  "pk": 3,
  "fields": {
    "created": "2022-12-22T13:09:21.729Z",
    "last_updated": "2022-12-22T13:09:21.729Z",
    "custom_field_data": {},
    "description": "",
    "comments": "",
    "prefix": "192.168.0.0/16",
    "rir": 1,
    "tenant": null,
    "date_added": null
  }
},
{
  "model": "ipam.aggregate",
  "pk": 23,
  "fields": {
    "created": "2023-08-08T09:57:06.108Z",
    "last_updated": "2023-08-08T09:57:06.108Z",
    "custom_field_data": {},
    "description": "",
    "comments": "",
    "prefix": "31.0.0.0/8",
    "rir": 2,
    "tenant": null,
    "date_added": null
  }
},
{
  "model": "ipam.aggregate",
  "pk": 24,
  "fields": {
    "created": "2023-08-08T09:57:06.137Z",
    "last_updated": "2023-08-08T09:57:06.137Z",
    "custom_field_data": {},
    "description": "",
    "comments": "",
    "prefix": "62.0.0.0/8",
    "rir": 2,
    "tenant": null,
    "date_added": null
  }
},
{
  "model": "ipam.aggregate",
  "pk": 25,
  "fields": {
    "created": "2023-08-08T09:57:06.165Z",
    "last_updated": "2023-08-08T09:57:06.165Z",
    "custom_field_data": {},
    "description": "",
    "comments": "",
    "prefix": "77.0.0.0/8",
    "rir": 2,
    "tenant": null,
    "date_added": null
  }
},
{
  "model": "ipam.aggregate",
  "pk": 26,
  "fields": {
    "created": "2023-08-08T09:57:06.192Z",
    "last_updated": "2023-08-08T09:57:06.192Z",
    "custom_field_data": {},
    "description": "",
    "comments": "",
    "prefix": "78.0.0.0/8",
    "rir": 2,
    "tenant": null,
    "date_added": null
  }
},
{
  "model": "ipam.aggregate",
  "pk": 27,
  "fields": {
    "created": "2023-08-08T09:57:37.608Z",
    "last_updated": "2023-08-08T09:57:37.608Z",
    "custom_field_data": {},
    "description": "",
    "comments": "",
    "prefix": "2001:4c00::/29",
    "rir": 2,
    "tenant": null,
    "date_added": null
  }
},
{
  "model": "ipam.aggregate",
  "pk": 28,
  "fields": {
    "created": "2023-08-08T09:57:37.635Z",
    "last_updated": "2023-08-08T09:57:37.635Z",
    "custom_field_data": {},
    "description": "",
    "comments": "",
    "prefix": "2001:4200::/30",
    "rir": 2,
    "tenant": null,
    "date_added": null
  }
},
{
  "model": "ipam.aggregate",
  "pk": 29,
  "fields": {
    "created": "2023-08-08T09:57:37.662Z",
    "last_updated": "2023-08-08T09:57:37.662Z",
    "custom_field_data": {},
    "description": "",
    "comments": "",
    "prefix": "2001:2000::/25",
    "rir": 2,
    "tenant": null,
    "date_added": null
  }
},
{
  "model": "ipam.aggregate",
  "pk": 30,
  "fields": {
    "created": "2023-08-08T09:57:37.689Z",
    "last_updated": "2023-08-08T09:57:37.689Z",
    "custom_field_data": {},
    "description": "",
    "comments": "",
    "prefix": "2001:638::/29",
    "rir": 2,
    "tenant": null,
    "date_added": null
  }
},
{
  "model": "ipam.aggregate",
  "pk": 31,
  "fields": {
    "created": "2023-08-08T09:57:37.716Z",
    "last_updated": "2023-08-08T09:57:37.716Z",
    "custom_field_data": {},
    "description": "",
    "comments": "",
    "prefix": "2001:7f8::/30",
    "rir": 2,
    "tenant": null,
    "date_added": null
  }
},
{
  "model": "ipam.role",
  "pk": 1,
  "fields": {
    "created": "2022-12-22T13:09:22.917Z",
    "last_updated": "2022-12-22T13:09:22.917Z",
    "custom_field_data": {},
    "name": "Branch_Data",
    "slug": "branch_data",
    "description": "",
    "weight": 1000
  }
},
{
  "model": "ipam.role",
  "pk": 2,
  "fields": {
    "created": "2022-12-22T13:09:23.826Z",
    "last_updated": "2022-12-22T13:09:23.826Z",
    "custom_field_data": {},
    "name": "Branch_Voice",
    "slug": "branch_voice",
    "description": "",
    "weight": 1000
  }
},
{
  "model": "ipam.role",
  "pk": 3,
  "fields": {
    "created": "2022-12-22T13:09:24.701Z",
    "last_updated": "2022-12-22T13:09:24.701Z",
    "custom_field_data": {},
    "name": "Branch_WiFi",
    "slug": "branch_wifi",
    "description": "",
    "weight": 1000
  }
},
{
  "model": "ipam.role",
  "pk": 4,
  "fields": {
    "created": "2022-12-22T13:09:25.597Z",
    "last_updated": "2022-12-22T13:09:25.597Z",
    "custom_field_data": {},
    "name": "Guest_WiFi",
    "slug": "guest_wifi",
    "description": "",
    "weight": 1000
  }
},
{
  "model": "ipam.role",
  "pk": 5,
  "fields": {
    "created": "2022-12-22T13:09:26.519Z",
    "last_updated": "2022-12-22T13:09:26.519Z",
    "custom_field_data": {},
    "name": "Network_Management",
    "slug": "network_management",
    "description": "",
    "weight": 1000
  }
},
{
  "model": "ipam.role",
  "pk": 6,
  "fields": {
    "created": "2022-12-22T13:09:27.412Z",
    "last_updated": "2022-12-22T13:09:27.412Z",
    "custom_field_data": {},
    "name": "Point_to_Point",
    "slug": "point_to_point",
    "description": "",
    "weight": 1000
  }
},
{
  "model": "ipam.role",
  "pk": 7,
  "fields": {
    "created": "2023-08-08T10:46:40.849Z",
    "last_updated": "2023-08-08T10:46:40.849Z",
    "custom_field_data": {},
    "name": "ISP Assigned",
    "slug": "isp-assigned",
    "description": "",
    "weight": 1000
  }
},
{
  "model": "ipam.prefix",
  "pk": 1,
  "fields": {
    "created": "2022-12-22T13:09:28.844Z",
    "last_updated": "2023-08-08T10:01:08.667Z",
    "custom_field_data": {},
    "description": "Amsterdam Site Supernet",
    "comments": "",
    "prefix": "192.168.0.0/22",
    "site": 1,
    "vrf": null,
    "tenant": 5,
    "vlan": null,
    "status": "active",
    "role": null,
    "is_pool": false,
    "mark_utilized": false,
    "_depth": 0,
    "_children": 6
  }
},
{
  "model": "ipam.prefix",
  "pk": 2,
  "fields": {
    "created": "2022-12-22T13:11:05.792Z",
    "last_updated": "2023-07-27T10:26:07.074Z",
    "custom_field_data": {},
    "description": "Data",
    "comments": "",
    "prefix": "192.168.0.0/25",
    "site": 1,
    "vrf": null,
    "tenant": 5,
    "vlan": 1,
    "status": "active",
    "role": null,
    "is_pool": false,
    "mark_utilized": false,
    "_depth": 1,
    "_children": 0
  }
},
{
  "model": "ipam.prefix",
  "pk": 3,
  "fields": {
    "created": "2022-12-22T13:11:07.098Z",
    "last_updated": "2023-07-27T10:26:07.098Z",
    "custom_field_data": {},
    "description": "Voice",
    "comments": "",
    "prefix": "192.168.0.128/25",
    "site": 1,
    "vrf": null,
    "tenant": 5,
    "vlan": 2,
    "status": "active",
    "role": null,
    "is_pool": false,
    "mark_utilized": false,
    "_depth": 1,
    "_children": 0
  }
},
{
  "model": "ipam.prefix",
  "pk": 4,
  "fields": {
    "created": "2022-12-22T13:11:08.511Z",
    "last_updated": "2023-07-27T10:26:07.124Z",
    "custom_field_data": {},
    "description": "Branch Wifi",
    "comments": "",
    "prefix": "192.168.1.0/25",
    "site": 1,
    "vrf": null,
    "tenant": 5,
    "vlan": 3,
    "status": "active",
    "role": null,
    "is_pool": false,
    "mark_utilized": false,
    "_depth": 1,
    "_children": 0
  }
},
{
  "model": "ipam.prefix",
  "pk": 5,
  "fields": {
    "created": "2022-12-22T13:11:10.071Z",
    "last_updated": "2023-07-27T10:26:07.147Z",
    "custom_field_data": {},
    "description": "Guest Wifi",
    "comments": "",
    "prefix": "192.168.1.128/25",
    "site": 1,
    "vrf": null,
    "tenant": 5,
    "vlan": 4,
    "status": "active",
    "role": null,
    "is_pool": false,
    "mark_utilized": false,
    "_depth": 1,
    "_children": 0
  }
},
{
  "model": "ipam.prefix",
  "pk": 6,
  "fields": {
    "created": "2022-12-22T13:11:11.550Z",
    "last_updated": "2023-07-27T10:26:07.174Z",
    "custom_field_data": {},
    "description": "Network Management",
    "comments": "",
    "prefix": "192.168.2.0/26",
    "site": 1,
    "vrf": null,
    "tenant": 5,
    "vlan": 5,
    "status": "active",
    "role": null,
    "is_pool": false,
    "mark_utilized": false,
    "_depth": 1,
    "_children": 0
  }
},
{
  "model": "ipam.prefix",
  "pk": 7,
  "fields": {
    "created": "2022-12-22T13:11:12.982Z",
    "last_updated": "2023-07-27T10:26:07.198Z",
    "custom_field_data": {},
    "description": "P2P RTR-SW",
    "comments": "",
    "prefix": "192.168.2.64/30",
    "site": 1,
    "vrf": null,
    "tenant": 5,
    "vlan": 6,
    "status": "active",
    "role": null,
    "is_pool": false,
    "mark_utilized": false,
    "_depth": 1,
    "_children": 0
  }
},
{
  "model": "ipam.prefix",
  "pk": 41,
  "fields": {
    "created": "2023-08-08T10:00:06.231Z",
    "last_updated": "2023-08-08T10:47:24.518Z",
    "custom_field_data": {},
    "description": "Amsterdam ISP",
    "comments": "",
    "prefix": "37.251.64.0/29",
    "site": 1,
    "vrf": null,
    "tenant": 5,
    "vlan": null,
    "status": "active",
    "role": 7,
    "is_pool": false,
    "mark_utilized": false,
    "_depth": 0,
    "_children": 0
  }
},
{
  "model": "ipam.prefix",
  "pk": 107,
  "fields": {
    "created": "2023-08-09T10:10:29.616Z",
    "last_updated": "2023-08-09T10:10:29.616Z",
    "custom_field_data": {},
    "description": "",
    "comments": "",
    "prefix": "10.0.0.0/26",
    "site": 5,
    "vrf": null,
    "tenant": 5,
    "vlan": 108,
    "status": "active",
    "role": 5,
    "is_pool": false,
    "mark_utilized": false,
    "_depth": 0,
    "_children": 0
  }
},
{
  "model": "ipam.ipaddress",
  "pk": 168,
  "fields": {
    "created": "2023-06-27T13:38:34.437Z",
    "last_updated": "2023-07-27T10:25:20.662Z",
    "custom_field_data": {},
    "description": "",
    "comments": "",
    "address": "192.168.2.1/26",
    "vrf": null,
    "tenant": 5,
    "status": "active",
    "role": "",
    "assigned_object_type": [
      "dcim",
      "interface"
    ],
    "assigned_object_id": 56,
    "nat_inside": null,
    "dns_name": ""
  }
},
{
  "model": "ipam.ipaddress",
  "pk": 169,
  "fields": {
    "created": "2023-06-27T13:38:36.586Z",
    "last_updated": "2023-07-27T10:25:20.985Z",
    "custom_field_data": {},
    "description": "",
    "comments": "",
    "address": "192.168.2.65/30",
    "vrf": null,
    "tenant": 5,
    "status": "active",
    "role": "",
    "assigned_object_type": [
      "dcim",
      "interface"
    ],
    "assigned_object_id": 4,
    "nat_inside": null,
    "dns_name": ""
  }
},
{
  "model": "ipam.ipaddress",
  "pk": 170,
  "fields": {
    "created": "2023-06-27T13:38:38.840Z",
    "last_updated": "2023-07-27T10:25:20.547Z",
    "custom_field_data": {},
    "description": "",
    "comments": "",
    "address": "192.168.0.1/25",
    "vrf": null,
    "tenant": 5,
    "status": "active",
    "role": "",
    "assigned_object_type": [
      "dcim",
      "interface"
    ],
    "assigned_object_id": 64,
    "nat_inside": null,
    "dns_name": ""
  }
},
{
  "model": "ipam.ipaddress",
  "pk": 171,
  "fields": {
    "created": "2023-06-27T13:38:41.121Z",
    "last_updated": "2023-07-27T10:25:20.576Z",
    "custom_field_data": {},
    "description": "",
    "comments": "",
    "address": "192.168.0.129/25",
    "vrf": null,
    "tenant": 5,
    "status": "active",
    "role": "",
    "assigned_object_type": [
      "dcim",
      "interface"
    ],
    "assigned_object_id": 65,
    "nat_inside": null,
    "dns_name": ""
  }
},
{
  "model": "ipam.ipaddress",
  "pk": 172,
  "fields": {
    "created": "2023-06-27T13:38:43.392Z",
    "last_updated": "2023-07-27T10:25:20.607Z",
    "custom_field_data": {},
    "description": "",
    "comments": "",
    "address": "192.168.1.1/25",
    "vrf": null,
    "tenant": 5,
    "status": "active",
    "role": "",
    "assigned_object_type": [
      "dcim",
      "interface"
    ],
    "assigned_object_id": 66,
    "nat_inside": null,
    "dns_name": ""
  }
},
{
  "model": "ipam.ipaddress",
  "pk": 173,
  "fields": {
    "created": "2023-06-27T13:38:45.516Z",
    "last_updated": "2023-07-27T10:25:20.635Z",
    "custom_field_data": {},
    "description": "",
    "comments": "",
    "address": "192.168.1.129/25",
    "vrf": null,
    "tenant": 5,
    "status": "active",
    "role": "",
    "assigned_object_type": [
      "dcim",
      "interface"
    ],
    "assigned_object_id": 67,
    "nat_inside": null,
    "dns_name": ""
  }
},
{
  "model": "ipam.ipaddress",
  "pk": 174,
  "fields": {
    "created": "2023-06-27T13:38:47.741Z",
    "last_updated": "2023-07-27T10:25:20.688Z",
    "custom_field_data": {},
    "description": "",
    "comments": "",
    "address": "192.168.2.2/26",
    "vrf": null,
    "tenant": 5,
    "status": "active",
    "role": "",
    "assigned_object_type": [
      "dcim",
      "interface"
    ],
    "assigned_object_id": 68,
    "nat_inside": null,
    "dns_name": ""
  }
},
{
  "model": "ipam.ipaddress",
  "pk": 175,
  "fields": {
    "created": "2023-06-27T13:38:50.370Z",
    "last_updated": "2023-07-27T10:25:20.749Z",
    "custom_field_data": {},
    "description": "",
    "comments": "",
    "address": "192.168.2.3/26",
    "vrf": null,
    "tenant": 5,
    "status": "active",
    "role": "",
    "assigned_object_type": [
      "dcim",
      "interface"
    ],
    "assigned_object_id": 3,
    "nat_inside": null,
    "dns_name": ""
  }
},
{
  "model": "ipam.ipaddress",
  "pk": 176,
  "fields": {
    "created": "2023-06-27T13:38:52.782Z",
    "last_updated": "2023-07-27T10:25:21.079Z",
    "custom_field_data": {},
    "description": "",
    "comments": "",
    "address": "192.168.2.66/30",
    "vrf": null,
    "tenant": 5,
    "status": "active",
    "role": "",
    "assigned_object_type": [
      "dcim",
      "interface"
    ],
    "assigned_object_id": 1,
    "nat_inside": null,
    "dns_name": ""
  }
},
{
  "model": "ipam.ipaddress",
  "pk": 177,
  "fields": {
    "created": "2023-06-27T13:38:54.958Z",
    "last_updated": "2023-07-27T10:25:20.777Z",
    "custom_field_data": {},
    "description": "",
    "comments": "",
    "address": "192.168.2.4/26",
    "vrf": null,
    "tenant": 5,
    "status": "active",
    "role": "",
    "assigned_object_type": [
      "dcim",
      "interface"
    ],
    "assigned_object_id": 58,
    "nat_inside": null,
    "dns_name": ""
  }
},
{
  "model": "ipam.ipaddress",
  "pk": 178,
  "fields": {
    "created": "2023-06-27T13:38:57.190Z",
    "last_updated": "2023-07-27T10:25:20.804Z",
    "custom_field_data": {},
    "description": "",
    "comments": "",
    "address": "192.168.2.5/26",
    "vrf": null,
    "tenant": 5,
    "status": "active",
    "role": "",
    "assigned_object_type": [
      "dcim",
      "interface"
    ],
    "assigned_object_id": 61,
    "nat_inside": null,
    "dns_name": ""
  }
},
{
  "model": "ipam.ipaddress",
  "pk": 179,
  "fields": {
    "created": "2023-06-27T13:38:59.545Z",
    "last_updated": "2023-07-27T10:25:20.829Z",
    "custom_field_data": {},
    "description": "",
    "comments": "",
    "address": "192.168.2.6/26",
    "vrf": null,
    "tenant": 5,
    "status": "active",
    "role": "",
    "assigned_object_type": [
      "dcim",
      "interface"
    ],
    "assigned_object_id": 57,
    "nat_inside": null,
    "dns_name": ""
  }
},
{
  "model": "ipam.ipaddress",
  "pk": 189,
  "fields": {
    "created": "2023-07-27T10:20:45.742Z",
    "last_updated": "2023-07-27T10:25:20.855Z",
    "custom_field_data": {},
    "description": "",
    "comments": "",
    "address": "192.168.2.7/26",
    "vrf": null,
    "tenant": 5,
    "status": "active",
    "role": "",
    "assigned_object_type": [
      "dcim",
      "interface"
    ],
    "assigned_object_id": 73,
    "nat_inside": null,
    "dns_name": ""
  }
},
{
  "model": "ipam.ipaddress",
  "pk": 190,
  "fields": {
    "created": "2023-07-27T10:21:23.539Z",
    "last_updated": "2023-07-27T10:25:20.882Z",
    "custom_field_data": {},
    "description": "",
    "comments": "",
    "address": "192.168.2.8/26",
    "vrf": null,
    "tenant": 5,
    "status": "active",
    "role": "",
    "assigned_object_type": [
      "dcim",
      "interface"
    ],
    "assigned_object_id": 78,
    "nat_inside": null,
    "dns_name": ""
  }
},
{
  "model": "ipam.ipaddress",
  "pk": 191,
  "fields": {
    "created": "2023-07-27T10:23:46.416Z",
    "last_updated": "2023-07-27T10:25:20.908Z",
    "custom_field_data": {},
    "description": "",
    "comments": "",
    "address": "192.168.2.9/26",
    "vrf": null,
    "tenant": 5,
    "status": "active",
    "role": "",
    "assigned_object_type": [
      "dcim",
      "interface"
    ],
    "assigned_object_id": 57,
    "nat_inside": null,
    "dns_name": ""
  }
},
{
  "model": "ipam.ipaddress",
  "pk": 192,
  "fields": {
    "created": "2023-07-27T10:24:11.743Z",
    "last_updated": "2023-07-27T10:25:20.933Z",
    "custom_field_data": {},
    "description": "",
    "comments": "",
    "address": "192.168.2.10/26",
    "vrf": null,
    "tenant": 5,
    "status": "active",
    "role": "",
    "assigned_object_type": [
      "dcim",
      "interface"
    ],
    "assigned_object_id": 81,
    "nat_inside": null,
    "dns_name": ""
  }
},
{
  "model": "ipam.ipaddress",
  "pk": 193,
  "fields": {
    "created": "2023-07-27T10:24:21.584Z",
    "last_updated": "2023-07-27T10:25:20.959Z",
    "custom_field_data": {},
    "description": "",
    "comments": "",
    "address": "192.168.2.11/26",
    "vrf": null,
    "tenant": 5,
    "status": "active",
    "role": "",
    "assigned_object_type": [
      "dcim",
      "interface"
    ],
    "assigned_object_id": 82,
    "nat_inside": null,
    "dns_name": ""
  }
},
{
  "model": "ipam.ipaddress",
  "pk": 223,
  "fields": {
    "created": "2023-08-08T13:29:02.078Z",
    "last_updated": "2023-08-08T13:29:02.078Z",
    "custom_field_data": {},
    "description": "ISP Router",
    "comments": "",
    "address": "37.251.64.1/29",
    "vrf": null,
    "tenant": 5,
    "status": "active",
    "role": "",
    "assigned_object_type": null,
    "assigned_object_id": null,
    "nat_inside": null,
    "dns_name": ""
  }
},
{
  "model": "ipam.ipaddress",
  "pk": 288,
  "fields": {
    "created": "2023-08-09T10:25:32.451Z",
    "last_updated": "2023-08-09T10:25:32.451Z",
    "custom_field_data": {},
    "description": "",
    "comments": "",
    "address": "10.0.0.10/26",
    "vrf": null,
    "tenant": 5,
    "status": "active",
    "role": "",
    "assigned_object_type": [
      "dcim",
      "interface"
    ],
    "assigned_object_id": 831,
    "nat_inside": null,
    "dns_name": ""
  }
},
{
  "model": "ipam.servicetemplate",
  "pk": 1,
  "fields": {
    "created": "2022-12-22T14:59:24.812Z",
    "last_updated": "2022-12-22T14:59:24.812Z",
    "custom_field_data": {},
    "description": "",
    "comments": "",
    "protocol": "tcp",
    "ports": [
      5432
    ],
    "name": "PostgreSQL"
  }
},
{
  "model": "ipam.servicetemplate",
  "pk": 2,
  "fields": {
    "created": "2022-12-22T14:59:37.089Z",
    "last_updated": "2022-12-22T14:59:37.089Z",
    "custom_field_data": {},
    "description": "",
    "comments": "",
    "protocol": "tcp",
    "ports": [
      22
    ],
    "name": "SSH"
  }
},
{
  "model": "ipam.servicetemplate",
  "pk": 3,
  "fields": {
    "created": "2022-12-22T15:00:04.565Z",
    "last_updated": "2022-12-22T15:00:11.548Z",
    "custom_field_data": {},
    "description": "",
    "comments": "",
    "protocol": "tcp",
    "ports": [
      139,
      445
    ],
    "name": "windows file and print"
  }
},
{
  "model": "ipam.service",
  "pk": 1,
  "fields": {
    "created": "2022-12-22T15:00:35.770Z",
    "last_updated": "2022-12-22T15:00:35.770Z",
    "custom_field_data": {},
    "description": "",
    "comments": "",
    "protocol": "tcp",
    "ports": [
      5432
    ],
    "device": null,
    "virtual_machine": 1,
    "name": "PostgreSQL",
    "ipaddresses": []
  }
},
{
  "model": "ipam.service",
  "pk": 2,
  "fields": {
    "created": "2022-12-22T15:00:44.870Z",
    "last_updated": "2022-12-22T15:00:44.870Z",
    "custom_field_data": {},
    "description": "",
    "comments": "",
    "protocol": "tcp",
    "ports": [
      22
    ],
    "device": null,
    "virtual_machine": 1,
    "name": "SSH",
    "ipaddresses": []
  }
},
{
  "model": "ipam.service",
  "pk": 3,
  "fields": {
    "created": "2022-12-22T15:00:56.907Z",
    "last_updated": "2022-12-22T15:00:56.907Z",
    "custom_field_data": {},
    "description": "",
    "comments": "",
    "protocol": "tcp",
    "ports": [
      139,
      445
    ],
    "device": null,
    "virtual_machine": 2,
    "name": "windows file and print",
    "ipaddresses": []
  }
},
{
  "model": "ipam.vlangroup",
  "pk": 1,
  "fields": {
    "created": "2022-12-22T13:09:30.151Z",
    "last_updated": "2023-08-08T15:16:01.101Z",
    "custom_field_data": {},
    "description": "Amsterdam VLANs",
    "name": "NLAMS01_VLANS",
    "slug": "nlams01_vlans",
    "scope_type": [
      "dcim",
      "site"
    ],
    "scope_id": 1,
    "min_vid": 1,
    "max_vid": 4094
  }
},
{
  "model": "ipam.vlangroup",
  "pk": 35,
  "fields": {
    "created": "2023-08-09T10:07:17.784Z",
    "last_updated": "2023-08-10T12:29:46.955Z",
    "custom_field_data": {},
    "description": "Sydney VLANs",
    "name": "AUSYD01_VLANS",
    "slug": "ausyd01_vlans",
    "scope_type": [
      "dcim",
      "site"
    ],
    "scope_id": 5,
    "min_vid": 1,
    "max_vid": 4094
  }
},
{
  "model": "ipam.vlan",
  "pk": 1,
  "fields": {
    "created": "2022-12-22T13:09:31.831Z",
    "last_updated": "2023-07-27T10:25:48.250Z",
    "custom_field_data": {},
    "description": "",
    "comments": "",
    "site": 1,
    "group": 1,
    "vid": 10,
    "name": "DATA",
    "tenant": 5,
    "status": "active",
    "role": 1
  }
},
{
  "model": "ipam.vlan",
  "pk": 2,
  "fields": {
    "created": "2022-12-22T13:09:33.185Z",
    "last_updated": "2023-07-27T10:25:48.287Z",
    "custom_field_data": {},
    "description": "",
    "comments": "",
    "site": 1,
    "group": 1,
    "vid": 20,
    "name": "VOICE",
    "tenant": 5,
    "status": "active",
    "role": 2
  }
},
{
  "model": "ipam.vlan",
  "pk": 3,
  "fields": {
    "created": "2022-12-22T13:09:34.536Z",
    "last_updated": "2023-07-27T10:25:48.320Z",
    "custom_field_data": {},
    "description": "",
    "comments": "",
    "site": 1,
    "group": 1,
    "vid": 30,
    "name": "B_WIFI",
    "tenant": 5,
    "status": "active",
    "role": 3
  }
},
{
  "model": "ipam.vlan",
  "pk": 4,
  "fields": {
    "created": "2022-12-22T13:09:35.894Z",
    "last_updated": "2023-07-27T10:25:48.352Z",
    "custom_field_data": {},
    "description": "",
    "comments": "",
    "site": 1,
    "group": 1,
    "vid": 40,
    "name": "G_WIFI",
    "tenant": 5,
    "status": "active",
    "role": 4
  }
},
{
  "model": "ipam.vlan",
  "pk": 5,
  "fields": {
    "created": "2022-12-22T13:09:37.258Z",
    "last_updated": "2023-07-27T10:25:48.385Z",
    "custom_field_data": {},
    "description": "",
    "comments": "",
    "site": 1,
    "group": 1,
    "vid": 50,
    "name": "NETMAN",
    "tenant": 5,
    "status": "active",
    "role": 5
  }
},
{
  "model": "ipam.vlan",
  "pk": 6,
  "fields": {
    "created": "2022-12-22T13:09:38.614Z",
    "last_updated": "2023-07-27T10:25:48.414Z",
    "custom_field_data": {},
    "description": "",
    "comments": "",
    "site": 1,
    "group": 1,
    "vid": 60,
    "name": "P2P",
    "tenant": 5,
    "status": "active",
    "role": 6
  }
},
{
  "model": "ipam.vlan",
  "pk": 106,
  "fields": {
    "created": "2023-08-09T10:07:52.404Z",
    "last_updated": "2023-08-10T13:50:58.615Z",
    "custom_field_data": {},
    "description": "",
    "comments": "",
    "site": 5,
    "group": 35,
    "vid": 10,
    "name": "DATA",
    "tenant": 5,
    "status": "active",
    "role": 1
  }
},
{
  "model": "ipam.vlan",
  "pk": 107,
  "fields": {
    "created": "2023-08-09T10:08:14.333Z",
    "last_updated": "2023-08-10T13:50:58.646Z",
    "custom_field_data": {},
    "description": "",
    "comments": "",
    "site": 5,
    "group": 35,
    "vid": 20,
    "name": "VOICE",
    "tenant": 5,
    "status": "active",
    "role": 2
  }
},
{
  "model": "ipam.vlan",
  "pk": 108,
  "fields": {
    "created": "2023-08-09T10:08:35.129Z",
    "last_updated": "2023-08-10T13:50:58.676Z",
    "custom_field_data": {},
    "description": "",
    "comments": "",
    "site": 5,
    "group": 35,
    "vid": 50,
    "name": "NETMAN",
    "tenant": 5,
    "status": "active",
    "role": 5
  }
},
{
  "model": "extras.configcontext",
  "pk": 68,
  "fields": {
    "created": "2023-08-10T10:19:07.798Z",
    "last_updated": "2023-08-10T10:19:07.798Z",
    "data_source": 68,
    "data_file": null,
    "data_path": "sydney-config-context.json",
    "auto_sync_enabled": false,
    "data_synced": "2023-08-10T10:19:07.796Z",
    "name": "Sydney Network Services",
    "weight": 1000,
    "description": "Sydney Network Services",
    "is_active": true,
    "data": {
      "ntp_servers": [
        "192.168.4.10",
        "192.168.4.11"
      ],
      "name_servers": [
        "8.8.8.8",
        "9.9.9.9"
      ],
      "syslog_servers": [
        "192.168.4.12",
        "192.168.4.13"
      ],
      "snmp_ro_community": "R34d0nlY"
    },
    "regions": [],
    "site_groups": [],
    "sites": [
      5
    ],
    "locations": [],
    "device_types": [],
    "roles": [],
    "platforms": [],
    "cluster_types": [],
    "cluster_groups": [],
    "clusters": [],
    "tenant_groups": [],
    "tenants": [],
    "tags": []
  }
},
{
  "model": "extras.configtemplate",
  "pk": 133,
  "fields": {
    "created": "2023-08-10T10:27:38.577Z",
    "last_updated": "2023-08-10T10:27:50.170Z",
    "data_source": 68,
    "data_file": null,
    "data_path": "cisco-switch-template-example.j2",
    "auto_sync_enabled": true,
    "data_synced": "2023-08-10T10:27:50.170Z",
    "name": "Cisco Switch - Basic",
    "description": "",
    "template_code": "hostname {{ device.name }}\n\n{% for vl in device.site.vlans.all() %}\nvlan {{vl.vid }}\n name {{ vl.name }} \n{%- endfor %}\n\n{% for server in name_servers %}\nip name-server {{ server }}\n{%- endfor %}\n\n{% for interface in device.interfaces.all() %}\n{%- if interface.mgmt_only == false %}\ninterface {{ interface.name }}\n {%- if interface.enabled == false %}\n shutdown\n {%- elif interface.enabled == true %}\n no shutdown\n{%- endif %}\n{%- if interface.mode == \"access\" %}\n switchport mode access\n switchport access vlan {{ interface.untagged_vlan.vid }}\n{%- elif interface.mode == \"tagged\" %}\n switchport mode trunk\n{%- for vlan in interface.tagged_vlans.all() %}\n switchport trunk allowed vlan add {{ vlan.vid }}\n{%- endfor %} \n{%- elif \"tagged-all\" in interface.mode %}\nswitchport mode trunk\nswitchport trunk allowed vlan all\n{%- else %}\n {%- if interface.lag != None %}\n channel-group {% for char in interface.lag.name %}{%- if char.isdigit() %}{{ char }}{%- endif %}{%- endfor %} mode on\n{%- endif %}\n{%- endif %}\n{% else %}\ninterface {{ interface.name }} \n description Management VLAN\n{%- if interface.enabled == false %}\n shutdown \n{%- elif interface.enabled == true %}\n no shutdown\n{%- endif %} \n ip address {{ device.primary_ip.address }} {{ device.primary_ip.address.netmask }}\n{%- endif %}\n{%- endfor %}\n\nsnmp-server community {{ snmp_ro_community }} RO \n\n{% for server in syslog_servers %}\nlogging host {{ server }} transport udp port 1514\n{%- endfor %}\n\n{% for server in ntp_servers %}\nntp server {{ server }}\n{%- endfor %}",
    "environment_params": {}
  }
},
{
  "model": "extras.customfield",
  "pk": 1,
  "fields": {
    "created": "2023-06-22T17:29:08.925Z",
    "last_updated": "2023-06-22T17:29:08.925Z",
    "type": "text",
    "object_type": null,
    "name": "test",
    "label": "",
    "group_name": "",
    "description": "",
    "required": false,
    "search_weight": 1000,
    "filter_logic": "loose",
    "default": null,
    "weight": 100,
    "validation_minimum": null,
    "validation_maximum": null,
    "validation_regex": "",
    "choices": [],
    "ui_visibility": "read-write",
    "is_cloneable": false,
    "content_types": [
      [
        "circuits",
        "circuit"
      ]
    ]
  }
},
{
  "model": "extras.imageattachment",
  "pk": 36,
  "fields": {
    "created": "2023-06-22T11:38:13.651Z",
    "last_updated": "2023-06-22T11:38:13.651Z",
    "content_type": [
      "dcim",
      "devicetype"
    ],
    "object_id": 3,
    "image": "image-attachments/device_type_3_front.png",
    "image_height": 281,
    "image_width": 3000,
    "name": "front"
  }
},
{
  "model": "tenancy.contactgroup",
  "pk": 1,
  "fields": {
    "created": "2022-12-22T11:39:26.254Z",
    "last_updated": "2022-12-22T11:39:26.254Z",
    "custom_field_data": {},
    "parent": null,
    "name": "IT",
    "slug": "it",
    "description": "",
    "lft": 1,
    "rght": 2,
    "tree_id": 2,
    "level": 0
  }
},
{
  "model": "tenancy.contactgroup",
  "pk": 2,
  "fields": {
    "created": "2022-12-22T11:39:44.154Z",
    "last_updated": "2022-12-22T11:39:44.154Z",
    "custom_field_data": {},
    "parent": null,
    "name": "Facilities Management",
    "slug": "facilities-management",
    "description": "",
    "lft": 1,
    "rght": 2,
    "tree_id": 1,
    "level": 0
  }
},
{
  "model": "tenancy.contactrole",
  "pk": 1,
  "fields": {
    "created": "2022-12-22T11:40:05.963Z",
    "last_updated": "2022-12-22T11:40:05.963Z",
    "custom_field_data": {},
    "name": "Operations",
    "slug": "operations",
    "description": ""
  }
},
{
  "model": "tenancy.contactrole",
  "pk": 2,
  "fields": {
    "created": "2022-12-22T11:40:10.689Z",
    "last_updated": "2022-12-22T11:40:10.689Z",
    "custom_field_data": {},
    "name": "Emergency",
    "slug": "emergency",
    "description": ""
  }
},
{
  "model": "tenancy.contact",
  "pk": 1,
  "fields": {
    "created": "2022-12-22T11:42:22.909Z",
    "last_updated": "2022-12-22T11:42:22.909Z",
    "custom_field_data": {},
    "description": "",
    "comments": "",
    "group": 1,
    "name": "Susan",
    "title": "Awesome Network Engineer",
    "phone": "555-123-4567",
    "email": "susan@example.com",
    "address": "",
    "link": ""
  }
},
{
  "model": "tenancy.contact",
  "pk": 2,
  "fields": {
    "created": "2022-12-22T11:42:41.871Z",
    "last_updated": "2022-12-22T11:42:41.871Z",
    "custom_field_data": {},
    "description": "",
    "comments": "",
    "group": 1,
    "name": "Eric",
    "title": "Awesome Network Engineer",
    "phone": "555-123-4567",
    "email": "eric@example.com",
    "address": "",
    "link": ""
  }
},
{
  "model": "tenancy.contact",
  "pk": 3,
  "fields": {
    "created": "2022-12-22T11:43:18.872Z",
    "last_updated": "2022-12-22T11:43:18.872Z",
    "custom_field_data": {},
    "description": "",
    "comments": "",
    "group": 2,
    "name": "Alexa",
    "title": "Facilities Manager",
    "phone": "555-123-4567",
    "email": "alexa@example.com",
    "address": "",
    "link": ""
  }
},
{
  "model": "tenancy.contact",
  "pk": 4,
  "fields": {
    "created": "2023-03-23T14:42:10.800Z",
    "last_updated": "2023-08-07T10:11:59.926Z",
    "custom_field_data": {},
    "description": "",
    "comments": "",
    "group": null,
    "name": "KPN NOC",
    "title": "",
    "phone": "123456789",
    "email": "supprort@kpn.com",
    "address": "",
    "link": "http://support.com"
  }
},
{
  "model": "tenancy.contactassignment",
  "pk": 1,
  "fields": {
    "created": "2022-12-22T11:43:55.724Z",
    "last_updated": "2022-12-22T11:43:55.724Z",
    "content_type": [
      "dcim",
      "sitegroup"
    ],
    "object_id": 1,
    "contact": 1,
    "role": 1,
    "priority": "primary"
  }
},
{
  "model": "tenancy.contactassignment",
  "pk": 2,
  "fields": {
    "created": "2022-12-22T11:44:11.521Z",
    "last_updated": "2022-12-22T11:44:11.521Z",
    "content_type": [
      "dcim",
      "sitegroup"
    ],
    "object_id": 1,
    "contact": 2,
    "role": 1,
    "priority": "secondary"
  }
},
{
  "model": "tenancy.contactassignment",
  "pk": 3,
  "fields": {
    "created": "2022-12-22T11:44:20.256Z",
    "last_updated": "2022-12-22T11:44:20.256Z",
    "content_type": [
      "dcim",
      "sitegroup"
    ],
    "object_id": 1,
    "contact": 3,
    "role": 2,
    "priority": ""
  }
},
{
  "model": "tenancy.contactassignment",
  "pk": 4,
  "fields": {
    "created": "2022-12-22T15:02:08.186Z",
    "last_updated": "2022-12-22T15:02:08.186Z",
    "content_type": [
      "virtualization",
      "virtualmachine"
    ],
    "object_id": 2,
    "contact": 2,
    "role": 1,
    "priority": "primary"
  }
},
{
  "model": "tenancy.contactassignment",
  "pk": 5,
  "fields": {
    "created": "2022-12-22T15:02:30.134Z",
    "last_updated": "2022-12-22T15:02:30.134Z",
    "content_type": [
      "virtualization",
      "virtualmachine"
    ],
    "object_id": 1,
    "contact": 2,
    "role": 1,
    "priority": "primary"
  }
},
{
  "model": "tenancy.contactassignment",
  "pk": 6,
  "fields": {
    "created": "2023-03-23T14:42:49.915Z",
    "last_updated": "2023-03-23T14:42:49.915Z",
    "content_type": [
      "circuits",
      "provider"
    ],
    "object_id": 1,
    "contact": 4,
    "role": 1,
    "priority": ""
  }
},
{
  "model": "tenancy.contactassignment",
  "pk": 7,
  "fields": {
    "created": "2023-07-31T10:30:16.069Z",
    "last_updated": "2023-07-31T10:30:16.069Z",
    "content_type": [
      "dcim",
      "site"
    ],
    "object_id": 1,
    "contact": 2,
    "role": 1,
    "priority": "primary"
  }
},
{
  "model": "tenancy.tenantgroup",
  "pk": 1,
  "fields": {
    "created": "2022-12-22T11:26:36.900Z",
    "last_updated": "2023-07-31T10:27:00.736Z",
    "custom_field_data": {},
    "parent": null,
    "description": "",
    "name": "Divisions",
    "slug": "divisions",
    "lft": 1,
    "rght": 2,
    "tree_id": 1,
    "level": 0
  }
},
{
  "model": "tenancy.tenant",
  "pk": 1,
  "fields": {
    "created": "2022-12-22T11:26:55.095Z",
    "last_updated": "2022-12-22T11:26:55.095Z",
    "custom_field_data": {},
    "description": "",
    "comments": "",
    "name": "Sales",
    "slug": "sales",
    "group": 1
  }
},
{
  "model": "tenancy.tenant",
  "pk": 2,
  "fields": {
    "created": "2022-12-22T11:27:07.407Z",
    "last_updated": "2022-12-22T11:27:07.407Z",
    "custom_field_data": {},
    "description": "",
    "comments": "",
    "name": "Finance",
    "slug": "finance",
    "group": 1
  }
},
{
  "model": "tenancy.tenant",
  "pk": 3,
  "fields": {
    "created": "2022-12-22T11:27:13.397Z",
    "last_updated": "2022-12-22T11:27:13.397Z",
    "custom_field_data": {},
    "description": "",
    "comments": "",
    "name": "IT",
    "slug": "it",
    "group": 1
  }
},
{
  "model": "tenancy.tenant",
  "pk": 4,
  "fields": {
    "created": "2022-12-22T11:27:21.355Z",
    "last_updated": "2022-12-22T11:27:21.355Z",
    "custom_field_data": {},
    "description": "",
    "comments": "",
    "name": "Marketing",
    "slug": "marketing",
    "group": 1
  }
},
{
  "model": "tenancy.tenant",
  "pk": 5,
  "fields": {
    "created": "2022-12-22T11:27:31.264Z",
    "last_updated": "2022-12-22T11:27:31.264Z",
    "custom_field_data": {},
    "description": "",
    "comments": "",
    "name": "Consulting",
    "slug": "consulting",
    "group": 1
  }
},
{
  "model": "virtualization.clustertype",
  "pk": 1,
  "fields": {
    "created": "2022-12-22T13:59:55.213Z",
    "last_updated": "2022-12-22T13:59:55.213Z",
    "custom_field_data": {},
    "name": "VMware vSphere",
    "slug": "vmware-vsphere",
    "description": ""
  }
},
{
  "model": "virtualization.cluster",
  "pk": 1,
  "fields": {
    "created": "2022-12-22T14:00:59.605Z",
    "last_updated": "2022-12-22T15:15:37.238Z",
    "custom_field_data": {},
    "description": "",
    "comments": "",
    "name": "AUBRI01-VSPHERE-1",
    "type": 1,
    "group": null,
    "status": "active",
    "tenant": null,
    "site": 1
  }
},
{
  "model": "virtualization.virtualmachine",
  "pk": 1,
  "fields": {
    "created": "2022-12-22T14:03:15.952Z",
    "last_updated": "2023-06-21T18:51:07.302Z",
    "custom_field_data": {},
    "description": "",
    "comments": "",
    "local_context_data": null,
    "site": 1,
    "cluster": 1,
    "device": null,
    "tenant": null,
    "platform": 3,
    "name": "AUBRI01-SQL-01",
    "_name": "AUBRI00000001-SQL-00000001",
    "status": "active",
    "role": null,
    "primary_ip4": null,
    "primary_ip6": null,
    "vcpus": "32.00",
    "memory": 128,
    "disk": 20
  }
},
{
  "model": "virtualization.virtualmachine",
  "pk": 2,
  "fields": {
    "created": "2022-12-22T14:07:20.351Z",
    "last_updated": "2023-06-21T18:51:07.208Z",
    "custom_field_data": {},
    "description": "",
    "comments": "",
    "local_context_data": null,
    "site": 1,
    "cluster": 1,
    "device": null,
    "tenant": null,
    "platform": 4,
    "name": "AUBRI01-WIN-01",
    "_name": "AUBRI00000001-WIN-00000001",
    "status": "active",
    "role": null,
    "primary_ip4": null,
    "primary_ip6": null,
    "vcpus": "8.00",
    "memory": 64,
    "disk": 128
  }
},
{
  "model": "virtualization.vminterface",
  "pk": 1,
  "fields": {
    "created": "2022-12-22T14:54:23.171Z",
    "last_updated": "2022-12-22T14:56:32.392Z",
    "custom_field_data": {},
    "enabled": true,
    "mac_address": null,
    "mtu": null,
    "mode": "tagged",
    "parent": null,
    "bridge": null,
    "virtual_machine": 1,
    "name": "eth0",
    "_name": "9999999999999999eth000000............",
    "description": "",
    "untagged_vlan": null,
    "vrf": null,
    "tagged_vlans": [
      1
    ]
  }
},
{
  "model": "virtualization.vminterface",
  "pk": 2,
  "fields": {
    "created": "2022-12-22T14:54:40.368Z",
    "last_updated": "2022-12-22T14:56:53.227Z",
    "custom_field_data": {},
    "enabled": true,
    "mac_address": null,
    "mtu": null,
    "mode": "tagged",
    "parent": null,
    "bridge": null,
    "virtual_machine": 2,
    "name": "ethernet",
    "_name": "9999999999999999ethernet..................",
    "description": "",
    "untagged_vlan": null,
    "vrf": null,
    "tagged_vlans": [
      1
    ]
  }
},
{
  "model": "wireless.wirelesslangroup",
  "pk": 1,
  "fields": {
    "created": "2022-12-22T13:37:43.578Z",
    "last_updated": "2023-08-07T10:09:12.710Z",
    "custom_field_data": {},
    "parent": null,
    "description": "Europe Wireless Networks",
    "name": "Europe_WLANs",
    "slug": "europe_wlans",
    "lft": 1,
    "rght": 2,
    "tree_id": 1,
    "level": 0
  }
},
{
  "model": "wireless.wirelesslan",
  "pk": 1,
  "fields": {
    "created": "2022-12-22T13:38:35.401Z",
    "last_updated": "2022-12-22T13:38:35.401Z",
    "custom_field_data": {},
    "description": "Branch Office Wifi",
    "comments": "",
    "auth_type": "wpa-enterprise",
    "auth_cipher": "aes",
    "auth_psk": "5up3r5ecr3tK3y",
    "ssid": "B_WIFI",
    "group": 1,
    "status": "active",
    "vlan": 3,
    "tenant": 5
  }
},
{
  "model": "wireless.wirelesslan",
  "pk": 2,
  "fields": {
    "created": "2022-12-22T13:38:35.423Z",
    "last_updated": "2022-12-22T13:38:35.423Z",
    "custom_field_data": {},
    "description": "Guest Wifi",
    "comments": "",
    "auth_type": "wpa-enterprise",
    "auth_cipher": "aes",
    "auth_psk": "M3g45ecr3tK3y",
    "ssid": "G_WIFI",
    "group": 1,
    "status": "active",
    "vlan": 4,
    "tenant": 5
  }
},
{
  "model": "netbox_topology_views.roleimage",
  "pk": 1,
  "fields": {
    "created": "2023-07-25T13:14:16.707Z",
    "last_updated": "2023-07-25T13:14:16.707Z",
    "image": "netbox_topology_views/img/router.svg",
    "content_type": [
      "dcim",
      "devicerole"
    ],
    "object_id": 1
  }
},
{
  "model": "netbox_topology_views.roleimage",
  "pk": 2,
  "fields": {
    "created": "2023-07-25T13:14:16.720Z",
    "last_updated": "2023-07-25T13:14:16.720Z",
    "image": "netbox_topology_views/img/server.svg",
    "content_type": [
      "dcim",
      "devicerole"
    ],
    "object_id": 6
  }
},
{
  "model": "netbox_topology_views.roleimage",
  "pk": 3,
  "fields": {
    "created": "2023-07-25T13:14:16.730Z",
    "last_updated": "2023-07-25T13:14:16.730Z",
    "image": "netbox_topology_views/img/power-units.svg",
    "content_type": [
      "dcim",
      "powerfeed"
    ],
    "object_id": null
  }
},
{
  "model": "netbox_topology_views.coordinategroup",
  "pk": 1,
  "fields": {
    "created": "2023-07-25T13:12:02.605Z",
    "last_updated": "2023-07-25T13:12:02.605Z",
    "custom_field_data": {},
    "name": "default",
    "description": "Automatically generated default group. If you delete this group, all default coordinates are gone for good but the group itself will be re-created."
  }
},
{
  "model": "netbox_topology_views.individualoptions",
  "pk": 1,
  "fields": {
    "created": "2023-07-25T13:11:09.748Z",
    "last_updated": "2023-08-10T17:03:14.072Z",
    "custom_field_data": {},
    "user_id": 4,
    "ignore_cable_type": "[]",
    "save_coords": false,
    "show_unconnected": false,
    "show_cables": false,
    "show_logical_connections": false,
    "show_single_cable_logical_conns": false,
    "show_neighbors": false,
    "show_circuit": false,
    "show_power": false,
    "show_wireless": false,
    "draw_default_layout": false,
    "preselected_device_roles": [],
    "preselected_tags": []
  }
},
{
  "model": "auth.permission",
  "fields": {
    "name": "Can add log entry",
    "content_type": [
      "admin",
      "logentry"
    ],
    "codename": "add_logentry"
  }
},
{
  "model": "auth.permission",
  "fields": {
    "name": "Can change log entry",
    "content_type": [
      "admin",
      "logentry"
    ],
    "codename": "change_logentry"
  }
},
{
  "model": "auth.permission",
  "fields": {
    "name": "Can delete log entry",
    "content_type": [
      "admin",
      "logentry"
    ],
    "codename": "delete_logentry"
  }
},
{
  "model": "auth.permission",
  "fields": {
    "name": "Can view log entry",
    "content_type": [
      "admin",
      "logentry"
    ],
    "codename": "view_logentry"
  }
},
{
  "model": "auth.permission",
  "fields": {
    "name": "Can add permission",
    "content_type": [
      "auth",
      "permission"
    ],
    "codename": "add_permission"
  }
},
{
  "model": "auth.permission",
  "fields": {
    "name": "Can change permission",
    "content_type": [
      "auth",
      "permission"
    ],
    "codename": "change_permission"
  }
},
{
  "model": "auth.permission",
  "fields": {
    "name": "Can delete permission",
    "content_type": [
      "auth",
      "permission"
    ],
    "codename": "delete_permission"
  }
},
{
  "model": "auth.permission",
  "fields": {
    "name": "Can view permission",
    "content_type": [
      "auth",
      "permission"
    ],
    "codename": "view_permission"
  }
},
{
  "model": "auth.permission",
  "fields": {
    "name": "Can add group",
    "content_type": [
      "auth",
      "group"
    ],
    "codename": "add_group"
  }
},
{
  "model": "auth.permission",
  "fields": {
    "name": "Can change group",
    "content_type": [
      "auth",
      "group"
    ],
    "codename": "change_group"
  }
},
{
  "model": "auth.permission",
  "fields": {
    "name": "Can delete group",
    "content_type": [
      "auth",
      "group"
    ],
    "codename": "delete_group"
  }
},
{
  "model": "auth.permission",
  "fields": {
    "name": "Can view group",
    "content_type": [
      "auth",
      "group"
    ],
    "codename": "view_group"
  }
},
{
  "model": "auth.permission",
  "fields": {
    "name": "Can add user",
    "content_type": [
      "auth",
      "user"
    ],
    "codename": "add_user"
  }
},
{
  "model": "auth.permission",
  "fields": {
    "name": "Can change user",
    "content_type": [
      "auth",
      "user"
    ],
    "codename": "change_user"
  }
},
{
  "model": "auth.permission",
  "fields": {
    "name": "Can delete user",
    "content_type": [
      "auth",
      "user"
    ],
    "codename": "delete_user"
  }
},
{
  "model": "auth.permission",
  "fields": {
    "name": "Can view user",
    "content_type": [
      "auth",
      "user"
    ],
    "codename": "view_user"
  }
},
{
  "model": "auth.permission",
  "fields": {
    "name": "Can add content type",
    "content_type": [
      "contenttypes",
      "contenttype"
    ],
    "codename": "add_contenttype"
  }
},
{
  "model": "auth.permission",
  "fields": {
    "name": "Can change content type",
    "content_type": [
      "contenttypes",
      "contenttype"
    ],
    "codename": "change_contenttype"
  }
},
{
  "model": "auth.permission",
  "fields": {
    "name": "Can delete content type",
    "content_type": [
      "contenttypes",
      "contenttype"
    ],
    "codename": "delete_contenttype"
  }
},
{
  "model": "auth.permission",
  "fields": {
    "name": "Can view content type",
    "content_type": [
      "contenttypes",
      "contenttype"
    ],
    "codename": "view_contenttype"
  }
},
{
  "model": "auth.permission",
  "fields": {
    "name": "Can add session",
    "content_type": [
      "sessions",
      "session"
    ],
    "codename": "add_session"
  }
},
{
  "model": "auth.permission",
  "fields": {
    "name": "Can change session",
    "content_type": [
      "sessions",
      "session"
    ],
    "codename": "change_session"
  }
},
{
  "model": "auth.permission",
  "fields": {
    "name": "Can delete session",
    "content_type": [
      "sessions",
      "session"
    ],
    "codename": "delete_session"
  }
},
{
  "model": "auth.permission",
  "fields": {
    "name": "Can view session",
    "content_type": [
      "sessions",
      "session"
    ],
    "codename": "view_session"
  }
},
{
  "model": "auth.permission",
  "fields": {
    "name": "Can add association",
    "content_type": [
      "social_django",
      "association"
    ],
    "codename": "add_association"
  }
},
{
  "model": "auth.permission",
  "fields": {
    "name": "Can change association",
    "content_type": [
      "social_django",
      "association"
    ],
    "codename": "change_association"
  }
},
{
  "model": "auth.permission",
  "fields": {
    "name": "Can delete association",
    "content_type": [
      "social_django",
      "association"
    ],
    "codename": "delete_association"
  }
},
{
  "model": "auth.permission",
  "fields": {
    "name": "Can view association",
    "content_type": [
      "social_django",
      "association"
    ],
    "codename": "view_association"
  }
},
{
  "model": "auth.permission",
  "fields": {
    "name": "Can add code",
    "content_type": [
      "social_django",
      "code"
    ],
    "codename": "add_code"
  }
},
{
  "model": "auth.permission",
  "fields": {
    "name": "Can change code",
    "content_type": [
      "social_django",
      "code"
    ],
    "codename": "change_code"
  }
},
{
  "model": "auth.permission",
  "fields": {
    "name": "Can delete code",
    "content_type": [
      "social_django",
      "code"
    ],
    "codename": "delete_code"
  }
},
{
  "model": "auth.permission",
  "fields": {
    "name": "Can view code",
    "content_type": [
      "social_django",
      "code"
    ],
    "codename": "view_code"
  }
},
{
  "model": "auth.permission",
  "fields": {
    "name": "Can add nonce",
    "content_type": [
      "social_django",
      "nonce"
    ],
    "codename": "add_nonce"
  }
},
{
  "model": "auth.permission",
  "fields": {
    "name": "Can change nonce",
    "content_type": [
      "social_django",
      "nonce"
    ],
    "codename": "change_nonce"
  }
},
{
  "model": "auth.permission",
  "fields": {
    "name": "Can delete nonce",
    "content_type": [
      "social_django",
      "nonce"
    ],
    "codename": "delete_nonce"
  }
},
{
  "model": "auth.permission",
  "fields": {
    "name": "Can view nonce",
    "content_type": [
      "social_django",
      "nonce"
    ],
    "codename": "view_nonce"
  }
},
{
  "model": "auth.permission",
  "fields": {
    "name": "Can add user social auth",
    "content_type": [
      "social_django",
      "usersocialauth"
    ],
    "codename": "add_usersocialauth"
  }
},
{
  "model": "auth.permission",
  "fields": {
    "name": "Can change user social auth",
    "content_type": [
      "social_django",
      "usersocialauth"
    ],
    "codename": "change_usersocialauth"
  }
},
{
  "model": "auth.permission",
  "fields": {
    "name": "Can delete user social auth",
    "content_type": [
      "social_django",
      "usersocialauth"
    ],
    "codename": "delete_usersocialauth"
  }
},
{
  "model": "auth.permission",
  "fields": {
    "name": "Can view user social auth",
    "content_type": [
      "social_django",
      "usersocialauth"
    ],
    "codename": "view_usersocialauth"
  }
},
{
  "model": "auth.permission",
  "fields": {
    "name": "Can add partial",
    "content_type": [
      "social_django",
      "partial"
    ],
    "codename": "add_partial"
  }
},
{
  "model": "auth.permission",
  "fields": {
    "name": "Can change partial",
    "content_type": [
      "social_django",
      "partial"
    ],
    "codename": "change_partial"
  }
},
{
  "model": "auth.permission",
  "fields": {
    "name": "Can delete partial",
    "content_type": [
      "social_django",
      "partial"
    ],
    "codename": "delete_partial"
  }
},
{
  "model": "auth.permission",
  "fields": {
    "name": "Can view partial",
    "content_type": [
      "social_django",
      "partial"
    ],
    "codename": "view_partial"
  }
},
{
  "model": "auth.permission",
  "fields": {
    "name": "Can add tag",
    "content_type": [
      "taggit",
      "tag"
    ],
    "codename": "add_tag"
  }
},
{
  "model": "auth.permission",
  "fields": {
    "name": "Can change tag",
    "content_type": [
      "taggit",
      "tag"
    ],
    "codename": "change_tag"
  }
},
{
  "model": "auth.permission",
  "fields": {
    "name": "Can delete tag",
    "content_type": [
      "taggit",
      "tag"
    ],
    "codename": "delete_tag"
  }
},
{
  "model": "auth.permission",
  "fields": {
    "name": "Can view tag",
    "content_type": [
      "taggit",
      "tag"
    ],
    "codename": "view_tag"
  }
},
{
  "model": "auth.permission",
  "fields": {
    "name": "Can add tagged item",
    "content_type": [
      "taggit",
      "taggeditem"
    ],
    "codename": "add_taggeditem"
  }
},
{
  "model": "auth.permission",
  "fields": {
    "name": "Can change tagged item",
    "content_type": [
      "taggit",
      "taggeditem"
    ],
    "codename": "change_taggeditem"
  }
},
{
  "model": "auth.permission",
  "fields": {
    "name": "Can delete tagged item",
    "content_type": [
      "taggit",
      "taggeditem"
    ],
    "codename": "delete_taggeditem"
  }
},
{
  "model": "auth.permission",
  "fields": {
    "name": "Can view tagged item",
    "content_type": [
      "taggit",
      "taggeditem"
    ],
    "codename": "view_taggeditem"
  }
},
{
  "model": "auth.permission",
  "fields": {
    "name": "Can add circuit",
    "content_type": [
      "circuits",
      "circuit"
    ],
    "codename": "add_circuit"
  }
},
{
  "model": "auth.permission",
  "fields": {
    "name": "Can change circuit",
    "content_type": [
      "circuits",
      "circuit"
    ],
    "codename": "change_circuit"
  }
},
{
  "model": "auth.permission",
  "fields": {
    "name": "Can delete circuit",
    "content_type": [
      "circuits",
      "circuit"
    ],
    "codename": "delete_circuit"
  }
},
{
  "model": "auth.permission",
  "fields": {
    "name": "Can view circuit",
    "content_type": [
      "circuits",
      "circuit"
    ],
    "codename": "view_circuit"
  }
},
{
  "model": "auth.permission",
  "fields": {
    "name": "Can add circuit termination",
    "content_type": [
      "circuits",
      "circuittermination"
    ],
    "codename": "add_circuittermination"
  }
},
{
  "model": "auth.permission",
  "fields": {
    "name": "Can change circuit termination",
    "content_type": [
      "circuits",
      "circuittermination"
    ],
    "codename": "change_circuittermination"
  }
},
{
  "model": "auth.permission",
  "fields": {
    "name": "Can delete circuit termination",
    "content_type": [
      "circuits",
      "circuittermination"
    ],
    "codename": "delete_circuittermination"
  }
},
{
  "model": "auth.permission",
  "fields": {
    "name": "Can view circuit termination",
    "content_type": [
      "circuits",
      "circuittermination"
    ],
    "codename": "view_circuittermination"
  }
},
{
  "model": "auth.permission",
  "fields": {
    "name": "Can add circuit type",
    "content_type": [
      "circuits",
      "circuittype"
    ],
    "codename": "add_circuittype"
  }
},
{
  "model": "auth.permission",
  "fields": {
    "name": "Can change circuit type",
    "content_type": [
      "circuits",
      "circuittype"
    ],
    "codename": "change_circuittype"
  }
},
{
  "model": "auth.permission",
  "fields": {
    "name": "Can delete circuit type",
    "content_type": [
      "circuits",
      "circuittype"
    ],
    "codename": "delete_circuittype"
  }
},
{
  "model": "auth.permission",
  "fields": {
    "name": "Can view circuit type",
    "content_type": [
      "circuits",
      "circuittype"
    ],
    "codename": "view_circuittype"
  }
},
{
  "model": "auth.permission",
  "fields": {
    "name": "Can add provider",
    "content_type": [
      "circuits",
      "provider"
    ],
    "codename": "add_provider"
  }
},
{
  "model": "auth.permission",
  "fields": {
    "name": "Can change provider",
    "content_type": [
      "circuits",
      "provider"
    ],
    "codename": "change_provider"
  }
},
{
  "model": "auth.permission",
  "fields": {
    "name": "Can delete provider",
    "content_type": [
      "circuits",
      "provider"
    ],
    "codename": "delete_provider"
  }
},
{
  "model": "auth.permission",
  "fields": {
    "name": "Can view provider",
    "content_type": [
      "circuits",
      "provider"
    ],
    "codename": "view_provider"
  }
},
{
  "model": "auth.permission",
  "fields": {
    "name": "Can add provider network",
    "content_type": [
      "circuits",
      "providernetwork"
    ],
    "codename": "add_providernetwork"
  }
},
{
  "model": "auth.permission",
  "fields": {
    "name": "Can change provider network",
    "content_type": [
      "circuits",
      "providernetwork"
    ],
    "codename": "change_providernetwork"
  }
},
{
  "model": "auth.permission",
  "fields": {
    "name": "Can delete provider network",
    "content_type": [
      "circuits",
      "providernetwork"
    ],
    "codename": "delete_providernetwork"
  }
},
{
  "model": "auth.permission",
  "fields": {
    "name": "Can view provider network",
    "content_type": [
      "circuits",
      "providernetwork"
    ],
    "codename": "view_providernetwork"
  }
},
{
  "model": "auth.permission",
  "fields": {
    "name": "Can add cable",
    "content_type": [
      "dcim",
      "cable"
    ],
    "codename": "add_cable"
  }
},
{
  "model": "auth.permission",
  "fields": {
    "name": "Can change cable",
    "content_type": [
      "dcim",
      "cable"
    ],
    "codename": "change_cable"
  }
},
{
  "model": "auth.permission",
  "fields": {
    "name": "Can delete cable",
    "content_type": [
      "dcim",
      "cable"
    ],
    "codename": "delete_cable"
  }
},
{
  "model": "auth.permission",
  "fields": {
    "name": "Can view cable",
    "content_type": [
      "dcim",
      "cable"
    ],
    "codename": "view_cable"
  }
},
{
  "model": "auth.permission",
  "fields": {
    "name": "Can add cable path",
    "content_type": [
      "dcim",
      "cablepath"
    ],
    "codename": "add_cablepath"
  }
},
{
  "model": "auth.permission",
  "fields": {
    "name": "Can change cable path",
    "content_type": [
      "dcim",
      "cablepath"
    ],
    "codename": "change_cablepath"
  }
},
{
  "model": "auth.permission",
  "fields": {
    "name": "Can delete cable path",
    "content_type": [
      "dcim",
      "cablepath"
    ],
    "codename": "delete_cablepath"
  }
},
{
  "model": "auth.permission",
  "fields": {
    "name": "Can view cable path",
    "content_type": [
      "dcim",
      "cablepath"
    ],
    "codename": "view_cablepath"
  }
},
{
  "model": "auth.permission",
  "fields": {
    "name": "Can add console port",
    "content_type": [
      "dcim",
      "consoleport"
    ],
    "codename": "add_consoleport"
  }
},
{
  "model": "auth.permission",
  "fields": {
    "name": "Can change console port",
    "content_type": [
      "dcim",
      "consoleport"
    ],
    "codename": "change_consoleport"
  }
},
{
  "model": "auth.permission",
  "fields": {
    "name": "Can delete console port",
    "content_type": [
      "dcim",
      "consoleport"
    ],
    "codename": "delete_consoleport"
  }
},
{
  "model": "auth.permission",
  "fields": {
    "name": "Can view console port",
    "content_type": [
      "dcim",
      "consoleport"
    ],
    "codename": "view_consoleport"
  }
},
{
  "model": "auth.permission",
  "fields": {
    "name": "Can add console port template",
    "content_type": [
      "dcim",
      "consoleporttemplate"
    ],
    "codename": "add_consoleporttemplate"
  }
},
{
  "model": "auth.permission",
  "fields": {
    "name": "Can change console port template",
    "content_type": [
      "dcim",
      "consoleporttemplate"
    ],
    "codename": "change_consoleporttemplate"
  }
},
{
  "model": "auth.permission",
  "fields": {
    "name": "Can delete console port template",
    "content_type": [
      "dcim",
      "consoleporttemplate"
    ],
    "codename": "delete_consoleporttemplate"
  }
},
{
  "model": "auth.permission",
  "fields": {
    "name": "Can view console port template",
    "content_type": [
      "dcim",
      "consoleporttemplate"
    ],
    "codename": "view_consoleporttemplate"
  }
},
{
  "model": "auth.permission",
  "fields": {
    "name": "Can add console server port",
    "content_type": [
      "dcim",
      "consoleserverport"
    ],
    "codename": "add_consoleserverport"
  }
},
{
  "model": "auth.permission",
  "fields": {
    "name": "Can change console server port",
    "content_type": [
      "dcim",
      "consoleserverport"
    ],
    "codename": "change_consoleserverport"
  }
},
{
  "model": "auth.permission",
  "fields": {
    "name": "Can delete console server port",
    "content_type": [
      "dcim",
      "consoleserverport"
    ],
    "codename": "delete_consoleserverport"
  }
},
{
  "model": "auth.permission",
  "fields": {
    "name": "Can view console server port",
    "content_type": [
      "dcim",
      "consoleserverport"
    ],
    "codename": "view_consoleserverport"
  }
},
{
  "model": "auth.permission",
  "fields": {
    "name": "Can add console server port template",
    "content_type": [
      "dcim",
      "consoleserverporttemplate"
    ],
    "codename": "add_consoleserverporttemplate"
  }
},
{
  "model": "auth.permission",
  "fields": {
    "name": "Can change console server port template",
    "content_type": [
      "dcim",
      "consoleserverporttemplate"
    ],
    "codename": "change_consoleserverporttemplate"
  }
},
{
  "model": "auth.permission",
  "fields": {
    "name": "Can delete console server port template",
    "content_type": [
      "dcim",
      "consoleserverporttemplate"
    ],
    "codename": "delete_consoleserverporttemplate"
  }
},
{
  "model": "auth.permission",
  "fields": {
    "name": "Can view console server port template",
    "content_type": [
      "dcim",
      "consoleserverporttemplate"
    ],
    "codename": "view_consoleserverporttemplate"
  }
},
{
  "model": "auth.permission",
  "fields": {
    "name": "Can add device",
    "content_type": [
      "dcim",
      "device"
    ],
    "codename": "add_device"
  }
},
{
  "model": "auth.permission",
  "fields": {
    "name": "Can change device",
    "content_type": [
      "dcim",
      "device"
    ],
    "codename": "change_device"
  }
},
{
  "model": "auth.permission",
  "fields": {
    "name": "Can delete device",
    "content_type": [
      "dcim",
      "device"
    ],
    "codename": "delete_device"
  }
},
{
  "model": "auth.permission",
  "fields": {
    "name": "Can view device",
    "content_type": [
      "dcim",
      "device"
    ],
    "codename": "view_device"
  }
},
{
  "model": "auth.permission",
  "fields": {
    "name": "Can add device bay",
    "content_type": [
      "dcim",
      "devicebay"
    ],
    "codename": "add_devicebay"
  }
},
{
  "model": "auth.permission",
  "fields": {
    "name": "Can change device bay",
    "content_type": [
      "dcim",
      "devicebay"
    ],
    "codename": "change_devicebay"
  }
},
{
  "model": "auth.permission",
  "fields": {
    "name": "Can delete device bay",
    "content_type": [
      "dcim",
      "devicebay"
    ],
    "codename": "delete_devicebay"
  }
},
{
  "model": "auth.permission",
  "fields": {
    "name": "Can view device bay",
    "content_type": [
      "dcim",
      "devicebay"
    ],
    "codename": "view_devicebay"
  }
},
{
  "model": "auth.permission",
  "fields": {
    "name": "Can add device bay template",
    "content_type": [
      "dcim",
      "devicebaytemplate"
    ],
    "codename": "add_devicebaytemplate"
  }
},
{
  "model": "auth.permission",
  "fields": {
    "name": "Can change device bay template",
    "content_type": [
      "dcim",
      "devicebaytemplate"
    ],
    "codename": "change_devicebaytemplate"
  }
},
{
  "model": "auth.permission",
  "fields": {
    "name": "Can delete device bay template",
    "content_type": [
      "dcim",
      "devicebaytemplate"
    ],
    "codename": "delete_devicebaytemplate"
  }
},
{
  "model": "auth.permission",
  "fields": {
    "name": "Can view device bay template",
    "content_type": [
      "dcim",
      "devicebaytemplate"
    ],
    "codename": "view_devicebaytemplate"
  }
},
{
  "model": "auth.permission",
  "fields": {
    "name": "Can add device role",
    "content_type": [
      "dcim",
      "devicerole"
    ],
    "codename": "add_devicerole"
  }
},
{
  "model": "auth.permission",
  "fields": {
    "name": "Can change device role",
    "content_type": [
      "dcim",
      "devicerole"
    ],
    "codename": "change_devicerole"
  }
},
{
  "model": "auth.permission",
  "fields": {
    "name": "Can delete device role",
    "content_type": [
      "dcim",
      "devicerole"
    ],
    "codename": "delete_devicerole"
  }
},
{
  "model": "auth.permission",
  "fields": {
    "name": "Can view device role",
    "content_type": [
      "dcim",
      "devicerole"
    ],
    "codename": "view_devicerole"
  }
},
{
  "model": "auth.permission",
  "fields": {
    "name": "Can add device type",
    "content_type": [
      "dcim",
      "devicetype"
    ],
    "codename": "add_devicetype"
  }
},
{
  "model": "auth.permission",
  "fields": {
    "name": "Can change device type",
    "content_type": [
      "dcim",
      "devicetype"
    ],
    "codename": "change_devicetype"
  }
},
{
  "model": "auth.permission",
  "fields": {
    "name": "Can delete device type",
    "content_type": [
      "dcim",
      "devicetype"
    ],
    "codename": "delete_devicetype"
  }
},
{
  "model": "auth.permission",
  "fields": {
    "name": "Can view device type",
    "content_type": [
      "dcim",
      "devicetype"
    ],
    "codename": "view_devicetype"
  }
},
{
  "model": "auth.permission",
  "fields": {
    "name": "Can add front port",
    "content_type": [
      "dcim",
      "frontport"
    ],
    "codename": "add_frontport"
  }
},
{
  "model": "auth.permission",
  "fields": {
    "name": "Can change front port",
    "content_type": [
      "dcim",
      "frontport"
    ],
    "codename": "change_frontport"
  }
},
{
  "model": "auth.permission",
  "fields": {
    "name": "Can delete front port",
    "content_type": [
      "dcim",
      "frontport"
    ],
    "codename": "delete_frontport"
  }
},
{
  "model": "auth.permission",
  "fields": {
    "name": "Can view front port",
    "content_type": [
      "dcim",
      "frontport"
    ],
    "codename": "view_frontport"
  }
},
{
  "model": "auth.permission",
  "fields": {
    "name": "Can add front port template",
    "content_type": [
      "dcim",
      "frontporttemplate"
    ],
    "codename": "add_frontporttemplate"
  }
},
{
  "model": "auth.permission",
  "fields": {
    "name": "Can change front port template",
    "content_type": [
      "dcim",
      "frontporttemplate"
    ],
    "codename": "change_frontporttemplate"
  }
},
{
  "model": "auth.permission",
  "fields": {
    "name": "Can delete front port template",
    "content_type": [
      "dcim",
      "frontporttemplate"
    ],
    "codename": "delete_frontporttemplate"
  }
},
{
  "model": "auth.permission",
  "fields": {
    "name": "Can view front port template",
    "content_type": [
      "dcim",
      "frontporttemplate"
    ],
    "codename": "view_frontporttemplate"
  }
},
{
  "model": "auth.permission",
  "fields": {
    "name": "Can add interface",
    "content_type": [
      "dcim",
      "interface"
    ],
    "codename": "add_interface"
  }
},
{
  "model": "auth.permission",
  "fields": {
    "name": "Can change interface",
    "content_type": [
      "dcim",
      "interface"
    ],
    "codename": "change_interface"
  }
},
{
  "model": "auth.permission",
  "fields": {
    "name": "Can delete interface",
    "content_type": [
      "dcim",
      "interface"
    ],
    "codename": "delete_interface"
  }
},
{
  "model": "auth.permission",
  "fields": {
    "name": "Can view interface",
    "content_type": [
      "dcim",
      "interface"
    ],
    "codename": "view_interface"
  }
},
{
  "model": "auth.permission",
  "fields": {
    "name": "Can add interface template",
    "content_type": [
      "dcim",
      "interfacetemplate"
    ],
    "codename": "add_interfacetemplate"
  }
},
{
  "model": "auth.permission",
  "fields": {
    "name": "Can change interface template",
    "content_type": [
      "dcim",
      "interfacetemplate"
    ],
    "codename": "change_interfacetemplate"
  }
},
{
  "model": "auth.permission",
  "fields": {
    "name": "Can delete interface template",
    "content_type": [
      "dcim",
      "interfacetemplate"
    ],
    "codename": "delete_interfacetemplate"
  }
},
{
  "model": "auth.permission",
  "fields": {
    "name": "Can view interface template",
    "content_type": [
      "dcim",
      "interfacetemplate"
    ],
    "codename": "view_interfacetemplate"
  }
},
{
  "model": "auth.permission",
  "fields": {
    "name": "Can add inventory item",
    "content_type": [
      "dcim",
      "inventoryitem"
    ],
    "codename": "add_inventoryitem"
  }
},
{
  "model": "auth.permission",
  "fields": {
    "name": "Can change inventory item",
    "content_type": [
      "dcim",
      "inventoryitem"
    ],
    "codename": "change_inventoryitem"
  }
},
{
  "model": "auth.permission",
  "fields": {
    "name": "Can delete inventory item",
    "content_type": [
      "dcim",
      "inventoryitem"
    ],
    "codename": "delete_inventoryitem"
  }
},
{
  "model": "auth.permission",
  "fields": {
    "name": "Can view inventory item",
    "content_type": [
      "dcim",
      "inventoryitem"
    ],
    "codename": "view_inventoryitem"
  }
},
{
  "model": "auth.permission",
  "fields": {
    "name": "Can add location",
    "content_type": [
      "dcim",
      "location"
    ],
    "codename": "add_location"
  }
},
{
  "model": "auth.permission",
  "fields": {
    "name": "Can change location",
    "content_type": [
      "dcim",
      "location"
    ],
    "codename": "change_location"
  }
},
{
  "model": "auth.permission",
  "fields": {
    "name": "Can delete location",
    "content_type": [
      "dcim",
      "location"
    ],
    "codename": "delete_location"
  }
},
{
  "model": "auth.permission",
  "fields": {
    "name": "Can view location",
    "content_type": [
      "dcim",
      "location"
    ],
    "codename": "view_location"
  }
},
{
  "model": "auth.permission",
  "fields": {
    "name": "Can add manufacturer",
    "content_type": [
      "dcim",
      "manufacturer"
    ],
    "codename": "add_manufacturer"
  }
},
{
  "model": "auth.permission",
  "fields": {
    "name": "Can change manufacturer",
    "content_type": [
      "dcim",
      "manufacturer"
    ],
    "codename": "change_manufacturer"
  }
},
{
  "model": "auth.permission",
  "fields": {
    "name": "Can delete manufacturer",
    "content_type": [
      "dcim",
      "manufacturer"
    ],
    "codename": "delete_manufacturer"
  }
},
{
  "model": "auth.permission",
  "fields": {
    "name": "Can view manufacturer",
    "content_type": [
      "dcim",
      "manufacturer"
    ],
    "codename": "view_manufacturer"
  }
},
{
  "model": "auth.permission",
  "fields": {
    "name": "Can add platform",
    "content_type": [
      "dcim",
      "platform"
    ],
    "codename": "add_platform"
  }
},
{
  "model": "auth.permission",
  "fields": {
    "name": "Can change platform",
    "content_type": [
      "dcim",
      "platform"
    ],
    "codename": "change_platform"
  }
},
{
  "model": "auth.permission",
  "fields": {
    "name": "Can delete platform",
    "content_type": [
      "dcim",
      "platform"
    ],
    "codename": "delete_platform"
  }
},
{
  "model": "auth.permission",
  "fields": {
    "name": "Can view platform",
    "content_type": [
      "dcim",
      "platform"
    ],
    "codename": "view_platform"
  }
},
{
  "model": "auth.permission",
  "fields": {
    "name": "Can add power feed",
    "content_type": [
      "dcim",
      "powerfeed"
    ],
    "codename": "add_powerfeed"
  }
},
{
  "model": "auth.permission",
  "fields": {
    "name": "Can change power feed",
    "content_type": [
      "dcim",
      "powerfeed"
    ],
    "codename": "change_powerfeed"
  }
},
{
  "model": "auth.permission",
  "fields": {
    "name": "Can delete power feed",
    "content_type": [
      "dcim",
      "powerfeed"
    ],
    "codename": "delete_powerfeed"
  }
},
{
  "model": "auth.permission",
  "fields": {
    "name": "Can view power feed",
    "content_type": [
      "dcim",
      "powerfeed"
    ],
    "codename": "view_powerfeed"
  }
},
{
  "model": "auth.permission",
  "fields": {
    "name": "Can add power outlet",
    "content_type": [
      "dcim",
      "poweroutlet"
    ],
    "codename": "add_poweroutlet"
  }
},
{
  "model": "auth.permission",
  "fields": {
    "name": "Can change power outlet",
    "content_type": [
      "dcim",
      "poweroutlet"
    ],
    "codename": "change_poweroutlet"
  }
},
{
  "model": "auth.permission",
  "fields": {
    "name": "Can delete power outlet",
    "content_type": [
      "dcim",
      "poweroutlet"
    ],
    "codename": "delete_poweroutlet"
  }
},
{
  "model": "auth.permission",
  "fields": {
    "name": "Can view power outlet",
    "content_type": [
      "dcim",
      "poweroutlet"
    ],
    "codename": "view_poweroutlet"
  }
},
{
  "model": "auth.permission",
  "fields": {
    "name": "Can add power outlet template",
    "content_type": [
      "dcim",
      "poweroutlettemplate"
    ],
    "codename": "add_poweroutlettemplate"
  }
},
{
  "model": "auth.permission",
  "fields": {
    "name": "Can change power outlet template",
    "content_type": [
      "dcim",
      "poweroutlettemplate"
    ],
    "codename": "change_poweroutlettemplate"
  }
},
{
  "model": "auth.permission",
  "fields": {
    "name": "Can delete power outlet template",
    "content_type": [
      "dcim",
      "poweroutlettemplate"
    ],
    "codename": "delete_poweroutlettemplate"
  }
},
{
  "model": "auth.permission",
  "fields": {
    "name": "Can view power outlet template",
    "content_type": [
      "dcim",
      "poweroutlettemplate"
    ],
    "codename": "view_poweroutlettemplate"
  }
},
{
  "model": "auth.permission",
  "fields": {
    "name": "Can add power panel",
    "content_type": [
      "dcim",
      "powerpanel"
    ],
    "codename": "add_powerpanel"
  }
},
{
  "model": "auth.permission",
  "fields": {
    "name": "Can change power panel",
    "content_type": [
      "dcim",
      "powerpanel"
    ],
    "codename": "change_powerpanel"
  }
},
{
  "model": "auth.permission",
  "fields": {
    "name": "Can delete power panel",
    "content_type": [
      "dcim",
      "powerpanel"
    ],
    "codename": "delete_powerpanel"
  }
},
{
  "model": "auth.permission",
  "fields": {
    "name": "Can view power panel",
    "content_type": [
      "dcim",
      "powerpanel"
    ],
    "codename": "view_powerpanel"
  }
},
{
  "model": "auth.permission",
  "fields": {
    "name": "Can add power port",
    "content_type": [
      "dcim",
      "powerport"
    ],
    "codename": "add_powerport"
  }
},
{
  "model": "auth.permission",
  "fields": {
    "name": "Can change power port",
    "content_type": [
      "dcim",
      "powerport"
    ],
    "codename": "change_powerport"
  }
},
{
  "model": "auth.permission",
  "fields": {
    "name": "Can delete power port",
    "content_type": [
      "dcim",
      "powerport"
    ],
    "codename": "delete_powerport"
  }
},
{
  "model": "auth.permission",
  "fields": {
    "name": "Can view power port",
    "content_type": [
      "dcim",
      "powerport"
    ],
    "codename": "view_powerport"
  }
},
{
  "model": "auth.permission",
  "fields": {
    "name": "Can add power port template",
    "content_type": [
      "dcim",
      "powerporttemplate"
    ],
    "codename": "add_powerporttemplate"
  }
},
{
  "model": "auth.permission",
  "fields": {
    "name": "Can change power port template",
    "content_type": [
      "dcim",
      "powerporttemplate"
    ],
    "codename": "change_powerporttemplate"
  }
},
{
  "model": "auth.permission",
  "fields": {
    "name": "Can delete power port template",
    "content_type": [
      "dcim",
      "powerporttemplate"
    ],
    "codename": "delete_powerporttemplate"
  }
},
{
  "model": "auth.permission",
  "fields": {
    "name": "Can view power port template",
    "content_type": [
      "dcim",
      "powerporttemplate"
    ],
    "codename": "view_powerporttemplate"
  }
},
{
  "model": "auth.permission",
  "fields": {
    "name": "Can add rack",
    "content_type": [
      "dcim",
      "rack"
    ],
    "codename": "add_rack"
  }
},
{
  "model": "auth.permission",
  "fields": {
    "name": "Can change rack",
    "content_type": [
      "dcim",
      "rack"
    ],
    "codename": "change_rack"
  }
},
{
  "model": "auth.permission",
  "fields": {
    "name": "Can delete rack",
    "content_type": [
      "dcim",
      "rack"
    ],
    "codename": "delete_rack"
  }
},
{
  "model": "auth.permission",
  "fields": {
    "name": "Can view rack",
    "content_type": [
      "dcim",
      "rack"
    ],
    "codename": "view_rack"
  }
},
{
  "model": "auth.permission",
  "fields": {
    "name": "Can add rack reservation",
    "content_type": [
      "dcim",
      "rackreservation"
    ],
    "codename": "add_rackreservation"
  }
},
{
  "model": "auth.permission",
  "fields": {
    "name": "Can change rack reservation",
    "content_type": [
      "dcim",
      "rackreservation"
    ],
    "codename": "change_rackreservation"
  }
},
{
  "model": "auth.permission",
  "fields": {
    "name": "Can delete rack reservation",
    "content_type": [
      "dcim",
      "rackreservation"
    ],
    "codename": "delete_rackreservation"
  }
},
{
  "model": "auth.permission",
  "fields": {
    "name": "Can view rack reservation",
    "content_type": [
      "dcim",
      "rackreservation"
    ],
    "codename": "view_rackreservation"
  }
},
{
  "model": "auth.permission",
  "fields": {
    "name": "Can add rack role",
    "content_type": [
      "dcim",
      "rackrole"
    ],
    "codename": "add_rackrole"
  }
},
{
  "model": "auth.permission",
  "fields": {
    "name": "Can change rack role",
    "content_type": [
      "dcim",
      "rackrole"
    ],
    "codename": "change_rackrole"
  }
},
{
  "model": "auth.permission",
  "fields": {
    "name": "Can delete rack role",
    "content_type": [
      "dcim",
      "rackrole"
    ],
    "codename": "delete_rackrole"
  }
},
{
  "model": "auth.permission",
  "fields": {
    "name": "Can view rack role",
    "content_type": [
      "dcim",
      "rackrole"
    ],
    "codename": "view_rackrole"
  }
},
{
  "model": "auth.permission",
  "fields": {
    "name": "Can add rear port",
    "content_type": [
      "dcim",
      "rearport"
    ],
    "codename": "add_rearport"
  }
},
{
  "model": "auth.permission",
  "fields": {
    "name": "Can change rear port",
    "content_type": [
      "dcim",
      "rearport"
    ],
    "codename": "change_rearport"
  }
},
{
  "model": "auth.permission",
  "fields": {
    "name": "Can delete rear port",
    "content_type": [
      "dcim",
      "rearport"
    ],
    "codename": "delete_rearport"
  }
},
{
  "model": "auth.permission",
  "fields": {
    "name": "Can view rear port",
    "content_type": [
      "dcim",
      "rearport"
    ],
    "codename": "view_rearport"
  }
},
{
  "model": "auth.permission",
  "fields": {
    "name": "Can add rear port template",
    "content_type": [
      "dcim",
      "rearporttemplate"
    ],
    "codename": "add_rearporttemplate"
  }
},
{
  "model": "auth.permission",
  "fields": {
    "name": "Can change rear port template",
    "content_type": [
      "dcim",
      "rearporttemplate"
    ],
    "codename": "change_rearporttemplate"
  }
},
{
  "model": "auth.permission",
  "fields": {
    "name": "Can delete rear port template",
    "content_type": [
      "dcim",
      "rearporttemplate"
    ],
    "codename": "delete_rearporttemplate"
  }
},
{
  "model": "auth.permission",
  "fields": {
    "name": "Can view rear port template",
    "content_type": [
      "dcim",
      "rearporttemplate"
    ],
    "codename": "view_rearporttemplate"
  }
},
{
  "model": "auth.permission",
  "fields": {
    "name": "Can add region",
    "content_type": [
      "dcim",
      "region"
    ],
    "codename": "add_region"
  }
},
{
  "model": "auth.permission",
  "fields": {
    "name": "Can change region",
    "content_type": [
      "dcim",
      "region"
    ],
    "codename": "change_region"
  }
},
{
  "model": "auth.permission",
  "fields": {
    "name": "Can delete region",
    "content_type": [
      "dcim",
      "region"
    ],
    "codename": "delete_region"
  }
},
{
  "model": "auth.permission",
  "fields": {
    "name": "Can view region",
    "content_type": [
      "dcim",
      "region"
    ],
    "codename": "view_region"
  }
},
{
  "model": "auth.permission",
  "fields": {
    "name": "Can add site",
    "content_type": [
      "dcim",
      "site"
    ],
    "codename": "add_site"
  }
},
{
  "model": "auth.permission",
  "fields": {
    "name": "Can change site",
    "content_type": [
      "dcim",
      "site"
    ],
    "codename": "change_site"
  }
},
{
  "model": "auth.permission",
  "fields": {
    "name": "Can delete site",
    "content_type": [
      "dcim",
      "site"
    ],
    "codename": "delete_site"
  }
},
{
  "model": "auth.permission",
  "fields": {
    "name": "Can view site",
    "content_type": [
      "dcim",
      "site"
    ],
    "codename": "view_site"
  }
},
{
  "model": "auth.permission",
  "fields": {
    "name": "Can add site group",
    "content_type": [
      "dcim",
      "sitegroup"
    ],
    "codename": "add_sitegroup"
  }
},
{
  "model": "auth.permission",
  "fields": {
    "name": "Can change site group",
    "content_type": [
      "dcim",
      "sitegroup"
    ],
    "codename": "change_sitegroup"
  }
},
{
  "model": "auth.permission",
  "fields": {
    "name": "Can delete site group",
    "content_type": [
      "dcim",
      "sitegroup"
    ],
    "codename": "delete_sitegroup"
  }
},
{
  "model": "auth.permission",
  "fields": {
    "name": "Can view site group",
    "content_type": [
      "dcim",
      "sitegroup"
    ],
    "codename": "view_sitegroup"
  }
},
{
  "model": "auth.permission",
  "fields": {
    "name": "Can add virtual chassis",
    "content_type": [
      "dcim",
      "virtualchassis"
    ],
    "codename": "add_virtualchassis"
  }
},
{
  "model": "auth.permission",
  "fields": {
    "name": "Can change virtual chassis",
    "content_type": [
      "dcim",
      "virtualchassis"
    ],
    "codename": "change_virtualchassis"
  }
},
{
  "model": "auth.permission",
  "fields": {
    "name": "Can delete virtual chassis",
    "content_type": [
      "dcim",
      "virtualchassis"
    ],
    "codename": "delete_virtualchassis"
  }
},
{
  "model": "auth.permission",
  "fields": {
    "name": "Can view virtual chassis",
    "content_type": [
      "dcim",
      "virtualchassis"
    ],
    "codename": "view_virtualchassis"
  }
},
{
  "model": "auth.permission",
  "fields": {
    "name": "Can add module type",
    "content_type": [
      "dcim",
      "moduletype"
    ],
    "codename": "add_moduletype"
  }
},
{
  "model": "auth.permission",
  "fields": {
    "name": "Can change module type",
    "content_type": [
      "dcim",
      "moduletype"
    ],
    "codename": "change_moduletype"
  }
},
{
  "model": "auth.permission",
  "fields": {
    "name": "Can delete module type",
    "content_type": [
      "dcim",
      "moduletype"
    ],
    "codename": "delete_moduletype"
  }
},
{
  "model": "auth.permission",
  "fields": {
    "name": "Can view module type",
    "content_type": [
      "dcim",
      "moduletype"
    ],
    "codename": "view_moduletype"
  }
},
{
  "model": "auth.permission",
  "fields": {
    "name": "Can add module bay",
    "content_type": [
      "dcim",
      "modulebay"
    ],
    "codename": "add_modulebay"
  }
},
{
  "model": "auth.permission",
  "fields": {
    "name": "Can change module bay",
    "content_type": [
      "dcim",
      "modulebay"
    ],
    "codename": "change_modulebay"
  }
},
{
  "model": "auth.permission",
  "fields": {
    "name": "Can delete module bay",
    "content_type": [
      "dcim",
      "modulebay"
    ],
    "codename": "delete_modulebay"
  }
},
{
  "model": "auth.permission",
  "fields": {
    "name": "Can view module bay",
    "content_type": [
      "dcim",
      "modulebay"
    ],
    "codename": "view_modulebay"
  }
},
{
  "model": "auth.permission",
  "fields": {
    "name": "Can add module",
    "content_type": [
      "dcim",
      "module"
    ],
    "codename": "add_module"
  }
},
{
  "model": "auth.permission",
  "fields": {
    "name": "Can change module",
    "content_type": [
      "dcim",
      "module"
    ],
    "codename": "change_module"
  }
},
{
  "model": "auth.permission",
  "fields": {
    "name": "Can delete module",
    "content_type": [
      "dcim",
      "module"
    ],
    "codename": "delete_module"
  }
},
{
  "model": "auth.permission",
  "fields": {
    "name": "Can view module",
    "content_type": [
      "dcim",
      "module"
    ],
    "codename": "view_module"
  }
},
{
  "model": "auth.permission",
  "fields": {
    "name": "Can add module bay template",
    "content_type": [
      "dcim",
      "modulebaytemplate"
    ],
    "codename": "add_modulebaytemplate"
  }
},
{
  "model": "auth.permission",
  "fields": {
    "name": "Can change module bay template",
    "content_type": [
      "dcim",
      "modulebaytemplate"
    ],
    "codename": "change_modulebaytemplate"
  }
},
{
  "model": "auth.permission",
  "fields": {
    "name": "Can delete module bay template",
    "content_type": [
      "dcim",
      "modulebaytemplate"
    ],
    "codename": "delete_modulebaytemplate"
  }
},
{
  "model": "auth.permission",
  "fields": {
    "name": "Can view module bay template",
    "content_type": [
      "dcim",
      "modulebaytemplate"
    ],
    "codename": "view_modulebaytemplate"
  }
},
{
  "model": "auth.permission",
  "fields": {
    "name": "Can add inventory item role",
    "content_type": [
      "dcim",
      "inventoryitemrole"
    ],
    "codename": "add_inventoryitemrole"
  }
},
{
  "model": "auth.permission",
  "fields": {
    "name": "Can change inventory item role",
    "content_type": [
      "dcim",
      "inventoryitemrole"
    ],
    "codename": "change_inventoryitemrole"
  }
},
{
  "model": "auth.permission",
  "fields": {
    "name": "Can delete inventory item role",
    "content_type": [
      "dcim",
      "inventoryitemrole"
    ],
    "codename": "delete_inventoryitemrole"
  }
},
{
  "model": "auth.permission",
  "fields": {
    "name": "Can view inventory item role",
    "content_type": [
      "dcim",
      "inventoryitemrole"
    ],
    "codename": "view_inventoryitemrole"
  }
},
{
  "model": "auth.permission",
  "fields": {
    "name": "Can add inventory item template",
    "content_type": [
      "dcim",
      "inventoryitemtemplate"
    ],
    "codename": "add_inventoryitemtemplate"
  }
},
{
  "model": "auth.permission",
  "fields": {
    "name": "Can change inventory item template",
    "content_type": [
      "dcim",
      "inventoryitemtemplate"
    ],
    "codename": "change_inventoryitemtemplate"
  }
},
{
  "model": "auth.permission",
  "fields": {
    "name": "Can delete inventory item template",
    "content_type": [
      "dcim",
      "inventoryitemtemplate"
    ],
    "codename": "delete_inventoryitemtemplate"
  }
},
{
  "model": "auth.permission",
  "fields": {
    "name": "Can view inventory item template",
    "content_type": [
      "dcim",
      "inventoryitemtemplate"
    ],
    "codename": "view_inventoryitemtemplate"
  }
},
{
  "model": "auth.permission",
  "fields": {
    "name": "Can add cable termination",
    "content_type": [
      "dcim",
      "cabletermination"
    ],
    "codename": "add_cabletermination"
  }
},
{
  "model": "auth.permission",
  "fields": {
    "name": "Can change cable termination",
    "content_type": [
      "dcim",
      "cabletermination"
    ],
    "codename": "change_cabletermination"
  }
},
{
  "model": "auth.permission",
  "fields": {
    "name": "Can delete cable termination",
    "content_type": [
      "dcim",
      "cabletermination"
    ],
    "codename": "delete_cabletermination"
  }
},
{
  "model": "auth.permission",
  "fields": {
    "name": "Can view cable termination",
    "content_type": [
      "dcim",
      "cabletermination"
    ],
    "codename": "view_cabletermination"
  }
},
{
  "model": "auth.permission",
  "fields": {
    "name": "Can add aggregate",
    "content_type": [
      "ipam",
      "aggregate"
    ],
    "codename": "add_aggregate"
  }
},
{
  "model": "auth.permission",
  "fields": {
    "name": "Can change aggregate",
    "content_type": [
      "ipam",
      "aggregate"
    ],
    "codename": "change_aggregate"
  }
},
{
  "model": "auth.permission",
  "fields": {
    "name": "Can delete aggregate",
    "content_type": [
      "ipam",
      "aggregate"
    ],
    "codename": "delete_aggregate"
  }
},
{
  "model": "auth.permission",
  "fields": {
    "name": "Can view aggregate",
    "content_type": [
      "ipam",
      "aggregate"
    ],
    "codename": "view_aggregate"
  }
},
{
  "model": "auth.permission",
  "fields": {
    "name": "Can add IP address",
    "content_type": [
      "ipam",
      "ipaddress"
    ],
    "codename": "add_ipaddress"
  }
},
{
  "model": "auth.permission",
  "fields": {
    "name": "Can change IP address",
    "content_type": [
      "ipam",
      "ipaddress"
    ],
    "codename": "change_ipaddress"
  }
},
{
  "model": "auth.permission",
  "fields": {
    "name": "Can delete IP address",
    "content_type": [
      "ipam",
      "ipaddress"
    ],
    "codename": "delete_ipaddress"
  }
},
{
  "model": "auth.permission",
  "fields": {
    "name": "Can view IP address",
    "content_type": [
      "ipam",
      "ipaddress"
    ],
    "codename": "view_ipaddress"
  }
},
{
  "model": "auth.permission",
  "fields": {
    "name": "Can add prefix",
    "content_type": [
      "ipam",
      "prefix"
    ],
    "codename": "add_prefix"
  }
},
{
  "model": "auth.permission",
  "fields": {
    "name": "Can change prefix",
    "content_type": [
      "ipam",
      "prefix"
    ],
    "codename": "change_prefix"
  }
},
{
  "model": "auth.permission",
  "fields": {
    "name": "Can delete prefix",
    "content_type": [
      "ipam",
      "prefix"
    ],
    "codename": "delete_prefix"
  }
},
{
  "model": "auth.permission",
  "fields": {
    "name": "Can view prefix",
    "content_type": [
      "ipam",
      "prefix"
    ],
    "codename": "view_prefix"
  }
},
{
  "model": "auth.permission",
  "fields": {
    "name": "Can add RIR",
    "content_type": [
      "ipam",
      "rir"
    ],
    "codename": "add_rir"
  }
},
{
  "model": "auth.permission",
  "fields": {
    "name": "Can change RIR",
    "content_type": [
      "ipam",
      "rir"
    ],
    "codename": "change_rir"
  }
},
{
  "model": "auth.permission",
  "fields": {
    "name": "Can delete RIR",
    "content_type": [
      "ipam",
      "rir"
    ],
    "codename": "delete_rir"
  }
},
{
  "model": "auth.permission",
  "fields": {
    "name": "Can view RIR",
    "content_type": [
      "ipam",
      "rir"
    ],
    "codename": "view_rir"
  }
},
{
  "model": "auth.permission",
  "fields": {
    "name": "Can add role",
    "content_type": [
      "ipam",
      "role"
    ],
    "codename": "add_role"
  }
},
{
  "model": "auth.permission",
  "fields": {
    "name": "Can change role",
    "content_type": [
      "ipam",
      "role"
    ],
    "codename": "change_role"
  }
},
{
  "model": "auth.permission",
  "fields": {
    "name": "Can delete role",
    "content_type": [
      "ipam",
      "role"
    ],
    "codename": "delete_role"
  }
},
{
  "model": "auth.permission",
  "fields": {
    "name": "Can view role",
    "content_type": [
      "ipam",
      "role"
    ],
    "codename": "view_role"
  }
},
{
  "model": "auth.permission",
  "fields": {
    "name": "Can add route target",
    "content_type": [
      "ipam",
      "routetarget"
    ],
    "codename": "add_routetarget"
  }
},
{
  "model": "auth.permission",
  "fields": {
    "name": "Can change route target",
    "content_type": [
      "ipam",
      "routetarget"
    ],
    "codename": "change_routetarget"
  }
},
{
  "model": "auth.permission",
  "fields": {
    "name": "Can delete route target",
    "content_type": [
      "ipam",
      "routetarget"
    ],
    "codename": "delete_routetarget"
  }
},
{
  "model": "auth.permission",
  "fields": {
    "name": "Can view route target",
    "content_type": [
      "ipam",
      "routetarget"
    ],
    "codename": "view_routetarget"
  }
},
{
  "model": "auth.permission",
  "fields": {
    "name": "Can add VRF",
    "content_type": [
      "ipam",
      "vrf"
    ],
    "codename": "add_vrf"
  }
},
{
  "model": "auth.permission",
  "fields": {
    "name": "Can change VRF",
    "content_type": [
      "ipam",
      "vrf"
    ],
    "codename": "change_vrf"
  }
},
{
  "model": "auth.permission",
  "fields": {
    "name": "Can delete VRF",
    "content_type": [
      "ipam",
      "vrf"
    ],
    "codename": "delete_vrf"
  }
},
{
  "model": "auth.permission",
  "fields": {
    "name": "Can view VRF",
    "content_type": [
      "ipam",
      "vrf"
    ],
    "codename": "view_vrf"
  }
},
{
  "model": "auth.permission",
  "fields": {
    "name": "Can add VLAN group",
    "content_type": [
      "ipam",
      "vlangroup"
    ],
    "codename": "add_vlangroup"
  }
},
{
  "model": "auth.permission",
  "fields": {
    "name": "Can change VLAN group",
    "content_type": [
      "ipam",
      "vlangroup"
    ],
    "codename": "change_vlangroup"
  }
},
{
  "model": "auth.permission",
  "fields": {
    "name": "Can delete VLAN group",
    "content_type": [
      "ipam",
      "vlangroup"
    ],
    "codename": "delete_vlangroup"
  }
},
{
  "model": "auth.permission",
  "fields": {
    "name": "Can view VLAN group",
    "content_type": [
      "ipam",
      "vlangroup"
    ],
    "codename": "view_vlangroup"
  }
},
{
  "model": "auth.permission",
  "fields": {
    "name": "Can add VLAN",
    "content_type": [
      "ipam",
      "vlan"
    ],
    "codename": "add_vlan"
  }
},
{
  "model": "auth.permission",
  "fields": {
    "name": "Can change VLAN",
    "content_type": [
      "ipam",
      "vlan"
    ],
    "codename": "change_vlan"
  }
},
{
  "model": "auth.permission",
  "fields": {
    "name": "Can delete VLAN",
    "content_type": [
      "ipam",
      "vlan"
    ],
    "codename": "delete_vlan"
  }
},
{
  "model": "auth.permission",
  "fields": {
    "name": "Can view VLAN",
    "content_type": [
      "ipam",
      "vlan"
    ],
    "codename": "view_vlan"
  }
},
{
  "model": "auth.permission",
  "fields": {
    "name": "Can add service",
    "content_type": [
      "ipam",
      "service"
    ],
    "codename": "add_service"
  }
},
{
  "model": "auth.permission",
  "fields": {
    "name": "Can change service",
    "content_type": [
      "ipam",
      "service"
    ],
    "codename": "change_service"
  }
},
{
  "model": "auth.permission",
  "fields": {
    "name": "Can delete service",
    "content_type": [
      "ipam",
      "service"
    ],
    "codename": "delete_service"
  }
},
{
  "model": "auth.permission",
  "fields": {
    "name": "Can view service",
    "content_type": [
      "ipam",
      "service"
    ],
    "codename": "view_service"
  }
},
{
  "model": "auth.permission",
  "fields": {
    "name": "Can add IP range",
    "content_type": [
      "ipam",
      "iprange"
    ],
    "codename": "add_iprange"
  }
},
{
  "model": "auth.permission",
  "fields": {
    "name": "Can change IP range",
    "content_type": [
      "ipam",
      "iprange"
    ],
    "codename": "change_iprange"
  }
},
{
  "model": "auth.permission",
  "fields": {
    "name": "Can delete IP range",
    "content_type": [
      "ipam",
      "iprange"
    ],
    "codename": "delete_iprange"
  }
},
{
  "model": "auth.permission",
  "fields": {
    "name": "Can view IP range",
    "content_type": [
      "ipam",
      "iprange"
    ],
    "codename": "view_iprange"
  }
},
{
  "model": "auth.permission",
  "fields": {
    "name": "Can add FHRP group",
    "content_type": [
      "ipam",
      "fhrpgroup"
    ],
    "codename": "add_fhrpgroup"
  }
},
{
  "model": "auth.permission",
  "fields": {
    "name": "Can change FHRP group",
    "content_type": [
      "ipam",
      "fhrpgroup"
    ],
    "codename": "change_fhrpgroup"
  }
},
{
  "model": "auth.permission",
  "fields": {
    "name": "Can delete FHRP group",
    "content_type": [
      "ipam",
      "fhrpgroup"
    ],
    "codename": "delete_fhrpgroup"
  }
},
{
  "model": "auth.permission",
  "fields": {
    "name": "Can view FHRP group",
    "content_type": [
      "ipam",
      "fhrpgroup"
    ],
    "codename": "view_fhrpgroup"
  }
},
{
  "model": "auth.permission",
  "fields": {
    "name": "Can add FHRP group assignment",
    "content_type": [
      "ipam",
      "fhrpgroupassignment"
    ],
    "codename": "add_fhrpgroupassignment"
  }
},
{
  "model": "auth.permission",
  "fields": {
    "name": "Can change FHRP group assignment",
    "content_type": [
      "ipam",
      "fhrpgroupassignment"
    ],
    "codename": "change_fhrpgroupassignment"
  }
},
{
  "model": "auth.permission",
  "fields": {
    "name": "Can delete FHRP group assignment",
    "content_type": [
      "ipam",
      "fhrpgroupassignment"
    ],
    "codename": "delete_fhrpgroupassignment"
  }
},
{
  "model": "auth.permission",
  "fields": {
    "name": "Can view FHRP group assignment",
    "content_type": [
      "ipam",
      "fhrpgroupassignment"
    ],
    "codename": "view_fhrpgroupassignment"
  }
},
{
  "model": "auth.permission",
  "fields": {
    "name": "Can add ASN",
    "content_type": [
      "ipam",
      "asn"
    ],
    "codename": "add_asn"
  }
},
{
  "model": "auth.permission",
  "fields": {
    "name": "Can change ASN",
    "content_type": [
      "ipam",
      "asn"
    ],
    "codename": "change_asn"
  }
},
{
  "model": "auth.permission",
  "fields": {
    "name": "Can delete ASN",
    "content_type": [
      "ipam",
      "asn"
    ],
    "codename": "delete_asn"
  }
},
{
  "model": "auth.permission",
  "fields": {
    "name": "Can view ASN",
    "content_type": [
      "ipam",
      "asn"
    ],
    "codename": "view_asn"
  }
},
{
  "model": "auth.permission",
  "fields": {
    "name": "Can add service template",
    "content_type": [
      "ipam",
      "servicetemplate"
    ],
    "codename": "add_servicetemplate"
  }
},
{
  "model": "auth.permission",
  "fields": {
    "name": "Can change service template",
    "content_type": [
      "ipam",
      "servicetemplate"
    ],
    "codename": "change_servicetemplate"
  }
},
{
  "model": "auth.permission",
  "fields": {
    "name": "Can delete service template",
    "content_type": [
      "ipam",
      "servicetemplate"
    ],
    "codename": "delete_servicetemplate"
  }
},
{
  "model": "auth.permission",
  "fields": {
    "name": "Can view service template",
    "content_type": [
      "ipam",
      "servicetemplate"
    ],
    "codename": "view_servicetemplate"
  }
},
{
  "model": "auth.permission",
  "fields": {
    "name": "Can add L2VPN",
    "content_type": [
      "ipam",
      "l2vpn"
    ],
    "codename": "add_l2vpn"
  }
},
{
  "model": "auth.permission",
  "fields": {
    "name": "Can change L2VPN",
    "content_type": [
      "ipam",
      "l2vpn"
    ],
    "codename": "change_l2vpn"
  }
},
{
  "model": "auth.permission",
  "fields": {
    "name": "Can delete L2VPN",
    "content_type": [
      "ipam",
      "l2vpn"
    ],
    "codename": "delete_l2vpn"
  }
},
{
  "model": "auth.permission",
  "fields": {
    "name": "Can view L2VPN",
    "content_type": [
      "ipam",
      "l2vpn"
    ],
    "codename": "view_l2vpn"
  }
},
{
  "model": "auth.permission",
  "fields": {
    "name": "Can add L2VPN termination",
    "content_type": [
      "ipam",
      "l2vpntermination"
    ],
    "codename": "add_l2vpntermination"
  }
},
{
  "model": "auth.permission",
  "fields": {
    "name": "Can change L2VPN termination",
    "content_type": [
      "ipam",
      "l2vpntermination"
    ],
    "codename": "change_l2vpntermination"
  }
},
{
  "model": "auth.permission",
  "fields": {
    "name": "Can delete L2VPN termination",
    "content_type": [
      "ipam",
      "l2vpntermination"
    ],
    "codename": "delete_l2vpntermination"
  }
},
{
  "model": "auth.permission",
  "fields": {
    "name": "Can view L2VPN termination",
    "content_type": [
      "ipam",
      "l2vpntermination"
    ],
    "codename": "view_l2vpntermination"
  }
},
{
  "model": "auth.permission",
  "fields": {
    "name": "Can add report",
    "content_type": [
      "extras",
      "report"
    ],
    "codename": "add_report"
  }
},
{
  "model": "auth.permission",
  "fields": {
    "name": "Can change report",
    "content_type": [
      "extras",
      "report"
    ],
    "codename": "change_report"
  }
},
{
  "model": "auth.permission",
  "fields": {
    "name": "Can delete report",
    "content_type": [
      "extras",
      "report"
    ],
    "codename": "delete_report"
  }
},
{
  "model": "auth.permission",
  "fields": {
    "name": "Can view report",
    "content_type": [
      "extras",
      "report"
    ],
    "codename": "view_report"
  }
},
{
  "model": "auth.permission",
  "fields": {
    "name": "Can add script",
    "content_type": [
      "extras",
      "script"
    ],
    "codename": "add_script"
  }
},
{
  "model": "auth.permission",
  "fields": {
    "name": "Can change script",
    "content_type": [
      "extras",
      "script"
    ],
    "codename": "change_script"
  }
},
{
  "model": "auth.permission",
  "fields": {
    "name": "Can delete script",
    "content_type": [
      "extras",
      "script"
    ],
    "codename": "delete_script"
  }
},
{
  "model": "auth.permission",
  "fields": {
    "name": "Can view script",
    "content_type": [
      "extras",
      "script"
    ],
    "codename": "view_script"
  }
},
{
  "model": "auth.permission",
  "fields": {
    "name": "Can add config context",
    "content_type": [
      "extras",
      "configcontext"
    ],
    "codename": "add_configcontext"
  }
},
{
  "model": "auth.permission",
  "fields": {
    "name": "Can change config context",
    "content_type": [
      "extras",
      "configcontext"
    ],
    "codename": "change_configcontext"
  }
},
{
  "model": "auth.permission",
  "fields": {
    "name": "Can delete config context",
    "content_type": [
      "extras",
      "configcontext"
    ],
    "codename": "delete_configcontext"
  }
},
{
  "model": "auth.permission",
  "fields": {
    "name": "Can view config context",
    "content_type": [
      "extras",
      "configcontext"
    ],
    "codename": "view_configcontext"
  }
},
{
  "model": "auth.permission",
  "fields": {
    "name": "Can add tag",
    "content_type": [
      "extras",
      "tag"
    ],
    "codename": "add_tag"
  }
},
{
  "model": "auth.permission",
  "fields": {
    "name": "Can change tag",
    "content_type": [
      "extras",
      "tag"
    ],
    "codename": "change_tag"
  }
},
{
  "model": "auth.permission",
  "fields": {
    "name": "Can delete tag",
    "content_type": [
      "extras",
      "tag"
    ],
    "codename": "delete_tag"
  }
},
{
  "model": "auth.permission",
  "fields": {
    "name": "Can view tag",
    "content_type": [
      "extras",
      "tag"
    ],
    "codename": "view_tag"
  }
},
{
  "model": "auth.permission",
  "fields": {
    "name": "Can add webhook",
    "content_type": [
      "extras",
      "webhook"
    ],
    "codename": "add_webhook"
  }
},
{
  "model": "auth.permission",
  "fields": {
    "name": "Can change webhook",
    "content_type": [
      "extras",
      "webhook"
    ],
    "codename": "change_webhook"
  }
},
{
  "model": "auth.permission",
  "fields": {
    "name": "Can delete webhook",
    "content_type": [
      "extras",
      "webhook"
    ],
    "codename": "delete_webhook"
  }
},
{
  "model": "auth.permission",
  "fields": {
    "name": "Can view webhook",
    "content_type": [
      "extras",
      "webhook"
    ],
    "codename": "view_webhook"
  }
},
{
  "model": "auth.permission",
  "fields": {
    "name": "Can add tagged item",
    "content_type": [
      "extras",
      "taggeditem"
    ],
    "codename": "add_taggeditem"
  }
},
{
  "model": "auth.permission",
  "fields": {
    "name": "Can change tagged item",
    "content_type": [
      "extras",
      "taggeditem"
    ],
    "codename": "change_taggeditem"
  }
},
{
  "model": "auth.permission",
  "fields": {
    "name": "Can delete tagged item",
    "content_type": [
      "extras",
      "taggeditem"
    ],
    "codename": "delete_taggeditem"
  }
},
{
  "model": "auth.permission",
  "fields": {
    "name": "Can view tagged item",
    "content_type": [
      "extras",
      "taggeditem"
    ],
    "codename": "view_taggeditem"
  }
},
{
  "model": "auth.permission",
  "fields": {
    "name": "Can add object change",
    "content_type": [
      "extras",
      "objectchange"
    ],
    "codename": "add_objectchange"
  }
},
{
  "model": "auth.permission",
  "fields": {
    "name": "Can change object change",
    "content_type": [
      "extras",
      "objectchange"
    ],
    "codename": "change_objectchange"
  }
},
{
  "model": "auth.permission",
  "fields": {
    "name": "Can delete object change",
    "content_type": [
      "extras",
      "objectchange"
    ],
    "codename": "delete_objectchange"
  }
},
{
  "model": "auth.permission",
  "fields": {
    "name": "Can view object change",
    "content_type": [
      "extras",
      "objectchange"
    ],
    "codename": "view_objectchange"
  }
},
{
  "model": "auth.permission",
  "fields": {
    "name": "Can add journal entry",
    "content_type": [
      "extras",
      "journalentry"
    ],
    "codename": "add_journalentry"
  }
},
{
  "model": "auth.permission",
  "fields": {
    "name": "Can change journal entry",
    "content_type": [
      "extras",
      "journalentry"
    ],
    "codename": "change_journalentry"
  }
},
{
  "model": "auth.permission",
  "fields": {
    "name": "Can delete journal entry",
    "content_type": [
      "extras",
      "journalentry"
    ],
    "codename": "delete_journalentry"
  }
},
{
  "model": "auth.permission",
  "fields": {
    "name": "Can view journal entry",
    "content_type": [
      "extras",
      "journalentry"
    ],
    "codename": "view_journalentry"
  }
},
{
  "model": "auth.permission",
  "fields": {
    "name": "Can add image attachment",
    "content_type": [
      "extras",
      "imageattachment"
    ],
    "codename": "add_imageattachment"
  }
},
{
  "model": "auth.permission",
  "fields": {
    "name": "Can change image attachment",
    "content_type": [
      "extras",
      "imageattachment"
    ],
    "codename": "change_imageattachment"
  }
},
{
  "model": "auth.permission",
  "fields": {
    "name": "Can delete image attachment",
    "content_type": [
      "extras",
      "imageattachment"
    ],
    "codename": "delete_imageattachment"
  }
},
{
  "model": "auth.permission",
  "fields": {
    "name": "Can view image attachment",
    "content_type": [
      "extras",
      "imageattachment"
    ],
    "codename": "view_imageattachment"
  }
},
{
  "model": "auth.permission",
  "fields": {
    "name": "Can add export template",
    "content_type": [
      "extras",
      "exporttemplate"
    ],
    "codename": "add_exporttemplate"
  }
},
{
  "model": "auth.permission",
  "fields": {
    "name": "Can change export template",
    "content_type": [
      "extras",
      "exporttemplate"
    ],
    "codename": "change_exporttemplate"
  }
},
{
  "model": "auth.permission",
  "fields": {
    "name": "Can delete export template",
    "content_type": [
      "extras",
      "exporttemplate"
    ],
    "codename": "delete_exporttemplate"
  }
},
{
  "model": "auth.permission",
  "fields": {
    "name": "Can view export template",
    "content_type": [
      "extras",
      "exporttemplate"
    ],
    "codename": "view_exporttemplate"
  }
},
{
  "model": "auth.permission",
  "fields": {
    "name": "Can add custom link",
    "content_type": [
      "extras",
      "customlink"
    ],
    "codename": "add_customlink"
  }
},
{
  "model": "auth.permission",
  "fields": {
    "name": "Can change custom link",
    "content_type": [
      "extras",
      "customlink"
    ],
    "codename": "change_customlink"
  }
},
{
  "model": "auth.permission",
  "fields": {
    "name": "Can delete custom link",
    "content_type": [
      "extras",
      "customlink"
    ],
    "codename": "delete_customlink"
  }
},
{
  "model": "auth.permission",
  "fields": {
    "name": "Can view custom link",
    "content_type": [
      "extras",
      "customlink"
    ],
    "codename": "view_customlink"
  }
},
{
  "model": "auth.permission",
  "fields": {
    "name": "Can add custom field",
    "content_type": [
      "extras",
      "customfield"
    ],
    "codename": "add_customfield"
  }
},
{
  "model": "auth.permission",
  "fields": {
    "name": "Can change custom field",
    "content_type": [
      "extras",
      "customfield"
    ],
    "codename": "change_customfield"
  }
},
{
  "model": "auth.permission",
  "fields": {
    "name": "Can delete custom field",
    "content_type": [
      "extras",
      "customfield"
    ],
    "codename": "delete_customfield"
  }
},
{
  "model": "auth.permission",
  "fields": {
    "name": "Can view custom field",
    "content_type": [
      "extras",
      "customfield"
    ],
    "codename": "view_customfield"
  }
},
{
  "model": "auth.permission",
  "fields": {
    "name": "Can add config revision",
    "content_type": [
      "extras",
      "configrevision"
    ],
    "codename": "add_configrevision"
  }
},
{
  "model": "auth.permission",
  "fields": {
    "name": "Can change config revision",
    "content_type": [
      "extras",
      "configrevision"
    ],
    "codename": "change_configrevision"
  }
},
{
  "model": "auth.permission",
  "fields": {
    "name": "Can delete config revision",
    "content_type": [
      "extras",
      "configrevision"
    ],
    "codename": "delete_configrevision"
  }
},
{
  "model": "auth.permission",
  "fields": {
    "name": "Can view config revision",
    "content_type": [
      "extras",
      "configrevision"
    ],
    "codename": "view_configrevision"
  }
},
{
  "model": "auth.permission",
  "fields": {
    "name": "Can add tenant group",
    "content_type": [
      "tenancy",
      "tenantgroup"
    ],
    "codename": "add_tenantgroup"
  }
},
{
  "model": "auth.permission",
  "fields": {
    "name": "Can change tenant group",
    "content_type": [
      "tenancy",
      "tenantgroup"
    ],
    "codename": "change_tenantgroup"
  }
},
{
  "model": "auth.permission",
  "fields": {
    "name": "Can delete tenant group",
    "content_type": [
      "tenancy",
      "tenantgroup"
    ],
    "codename": "delete_tenantgroup"
  }
},
{
  "model": "auth.permission",
  "fields": {
    "name": "Can view tenant group",
    "content_type": [
      "tenancy",
      "tenantgroup"
    ],
    "codename": "view_tenantgroup"
  }
},
{
  "model": "auth.permission",
  "fields": {
    "name": "Can add tenant",
    "content_type": [
      "tenancy",
      "tenant"
    ],
    "codename": "add_tenant"
  }
},
{
  "model": "auth.permission",
  "fields": {
    "name": "Can change tenant",
    "content_type": [
      "tenancy",
      "tenant"
    ],
    "codename": "change_tenant"
  }
},
{
  "model": "auth.permission",
  "fields": {
    "name": "Can delete tenant",
    "content_type": [
      "tenancy",
      "tenant"
    ],
    "codename": "delete_tenant"
  }
},
{
  "model": "auth.permission",
  "fields": {
    "name": "Can view tenant",
    "content_type": [
      "tenancy",
      "tenant"
    ],
    "codename": "view_tenant"
  }
},
{
  "model": "auth.permission",
  "fields": {
    "name": "Can add contact role",
    "content_type": [
      "tenancy",
      "contactrole"
    ],
    "codename": "add_contactrole"
  }
},
{
  "model": "auth.permission",
  "fields": {
    "name": "Can change contact role",
    "content_type": [
      "tenancy",
      "contactrole"
    ],
    "codename": "change_contactrole"
  }
},
{
  "model": "auth.permission",
  "fields": {
    "name": "Can delete contact role",
    "content_type": [
      "tenancy",
      "contactrole"
    ],
    "codename": "delete_contactrole"
  }
},
{
  "model": "auth.permission",
  "fields": {
    "name": "Can view contact role",
    "content_type": [
      "tenancy",
      "contactrole"
    ],
    "codename": "view_contactrole"
  }
},
{
  "model": "auth.permission",
  "fields": {
    "name": "Can add contact group",
    "content_type": [
      "tenancy",
      "contactgroup"
    ],
    "codename": "add_contactgroup"
  }
},
{
  "model": "auth.permission",
  "fields": {
    "name": "Can change contact group",
    "content_type": [
      "tenancy",
      "contactgroup"
    ],
    "codename": "change_contactgroup"
  }
},
{
  "model": "auth.permission",
  "fields": {
    "name": "Can delete contact group",
    "content_type": [
      "tenancy",
      "contactgroup"
    ],
    "codename": "delete_contactgroup"
  }
},
{
  "model": "auth.permission",
  "fields": {
    "name": "Can view contact group",
    "content_type": [
      "tenancy",
      "contactgroup"
    ],
    "codename": "view_contactgroup"
  }
},
{
  "model": "auth.permission",
  "fields": {
    "name": "Can add contact",
    "content_type": [
      "tenancy",
      "contact"
    ],
    "codename": "add_contact"
  }
},
{
  "model": "auth.permission",
  "fields": {
    "name": "Can change contact",
    "content_type": [
      "tenancy",
      "contact"
    ],
    "codename": "change_contact"
  }
},
{
  "model": "auth.permission",
  "fields": {
    "name": "Can delete contact",
    "content_type": [
      "tenancy",
      "contact"
    ],
    "codename": "delete_contact"
  }
},
{
  "model": "auth.permission",
  "fields": {
    "name": "Can view contact",
    "content_type": [
      "tenancy",
      "contact"
    ],
    "codename": "view_contact"
  }
},
{
  "model": "auth.permission",
  "fields": {
    "name": "Can add contact assignment",
    "content_type": [
      "tenancy",
      "contactassignment"
    ],
    "codename": "add_contactassignment"
  }
},
{
  "model": "auth.permission",
  "fields": {
    "name": "Can change contact assignment",
    "content_type": [
      "tenancy",
      "contactassignment"
    ],
    "codename": "change_contactassignment"
  }
},
{
  "model": "auth.permission",
  "fields": {
    "name": "Can delete contact assignment",
    "content_type": [
      "tenancy",
      "contactassignment"
    ],
    "codename": "delete_contactassignment"
  }
},
{
  "model": "auth.permission",
  "fields": {
    "name": "Can view contact assignment",
    "content_type": [
      "tenancy",
      "contactassignment"
    ],
    "codename": "view_contactassignment"
  }
},
{
  "model": "auth.permission",
  "fields": {
    "name": "Can add Group",
    "content_type": [
      "users",
      "admingroup"
    ],
    "codename": "add_admingroup"
  }
},
{
  "model": "auth.permission",
  "fields": {
    "name": "Can change Group",
    "content_type": [
      "users",
      "admingroup"
    ],
    "codename": "change_admingroup"
  }
},
{
  "model": "auth.permission",
  "fields": {
    "name": "Can delete Group",
    "content_type": [
      "users",
      "admingroup"
    ],
    "codename": "delete_admingroup"
  }
},
{
  "model": "auth.permission",
  "fields": {
    "name": "Can view Group",
    "content_type": [
      "users",
      "admingroup"
    ],
    "codename": "view_admingroup"
  }
},
{
  "model": "auth.permission",
  "fields": {
    "name": "Can add User",
    "content_type": [
      "users",
      "adminuser"
    ],
    "codename": "add_adminuser"
  }
},
{
  "model": "auth.permission",
  "fields": {
    "name": "Can change User",
    "content_type": [
      "users",
      "adminuser"
    ],
    "codename": "change_adminuser"
  }
},
{
  "model": "auth.permission",
  "fields": {
    "name": "Can delete User",
    "content_type": [
      "users",
      "adminuser"
    ],
    "codename": "delete_adminuser"
  }
},
{
  "model": "auth.permission",
  "fields": {
    "name": "Can view User",
    "content_type": [
      "users",
      "adminuser"
    ],
    "codename": "view_adminuser"
  }
},
{
  "model": "auth.permission",
  "fields": {
    "name": "Can add User Preferences",
    "content_type": [
      "users",
      "userconfig"
    ],
    "codename": "add_userconfig"
  }
},
{
  "model": "auth.permission",
  "fields": {
    "name": "Can change User Preferences",
    "content_type": [
      "users",
      "userconfig"
    ],
    "codename": "change_userconfig"
  }
},
{
  "model": "auth.permission",
  "fields": {
    "name": "Can delete User Preferences",
    "content_type": [
      "users",
      "userconfig"
    ],
    "codename": "delete_userconfig"
  }
},
{
  "model": "auth.permission",
  "fields": {
    "name": "Can view User Preferences",
    "content_type": [
      "users",
      "userconfig"
    ],
    "codename": "view_userconfig"
  }
},
{
  "model": "auth.permission",
  "fields": {
    "name": "Can add token",
    "content_type": [
      "users",
      "token"
    ],
    "codename": "add_token"
  }
},
{
  "model": "auth.permission",
  "fields": {
    "name": "Can change token",
    "content_type": [
      "users",
      "token"
    ],
    "codename": "change_token"
  }
},
{
  "model": "auth.permission",
  "fields": {
    "name": "Can delete token",
    "content_type": [
      "users",
      "token"
    ],
    "codename": "delete_token"
  }
},
{
  "model": "auth.permission",
  "fields": {
    "name": "Can view token",
    "content_type": [
      "users",
      "token"
    ],
    "codename": "view_token"
  }
},
{
  "model": "auth.permission",
  "fields": {
    "name": "Can add permission",
    "content_type": [
      "users",
      "objectpermission"
    ],
    "codename": "add_objectpermission"
  }
},
{
  "model": "auth.permission",
  "fields": {
    "name": "Can change permission",
    "content_type": [
      "users",
      "objectpermission"
    ],
    "codename": "change_objectpermission"
  }
},
{
  "model": "auth.permission",
  "fields": {
    "name": "Can delete permission",
    "content_type": [
      "users",
      "objectpermission"
    ],
    "codename": "delete_objectpermission"
  }
},
{
  "model": "auth.permission",
  "fields": {
    "name": "Can view permission",
    "content_type": [
      "users",
      "objectpermission"
    ],
    "codename": "view_objectpermission"
  }
},
{
  "model": "auth.permission",
  "fields": {
    "name": "Can add cluster",
    "content_type": [
      "virtualization",
      "cluster"
    ],
    "codename": "add_cluster"
  }
},
{
  "model": "auth.permission",
  "fields": {
    "name": "Can change cluster",
    "content_type": [
      "virtualization",
      "cluster"
    ],
    "codename": "change_cluster"
  }
},
{
  "model": "auth.permission",
  "fields": {
    "name": "Can delete cluster",
    "content_type": [
      "virtualization",
      "cluster"
    ],
    "codename": "delete_cluster"
  }
},
{
  "model": "auth.permission",
  "fields": {
    "name": "Can view cluster",
    "content_type": [
      "virtualization",
      "cluster"
    ],
    "codename": "view_cluster"
  }
},
{
  "model": "auth.permission",
  "fields": {
    "name": "Can add cluster group",
    "content_type": [
      "virtualization",
      "clustergroup"
    ],
    "codename": "add_clustergroup"
  }
},
{
  "model": "auth.permission",
  "fields": {
    "name": "Can change cluster group",
    "content_type": [
      "virtualization",
      "clustergroup"
    ],
    "codename": "change_clustergroup"
  }
},
{
  "model": "auth.permission",
  "fields": {
    "name": "Can delete cluster group",
    "content_type": [
      "virtualization",
      "clustergroup"
    ],
    "codename": "delete_clustergroup"
  }
},
{
  "model": "auth.permission",
  "fields": {
    "name": "Can view cluster group",
    "content_type": [
      "virtualization",
      "clustergroup"
    ],
    "codename": "view_clustergroup"
  }
},
{
  "model": "auth.permission",
  "fields": {
    "name": "Can add cluster type",
    "content_type": [
      "virtualization",
      "clustertype"
    ],
    "codename": "add_clustertype"
  }
},
{
  "model": "auth.permission",
  "fields": {
    "name": "Can change cluster type",
    "content_type": [
      "virtualization",
      "clustertype"
    ],
    "codename": "change_clustertype"
  }
},
{
  "model": "auth.permission",
  "fields": {
    "name": "Can delete cluster type",
    "content_type": [
      "virtualization",
      "clustertype"
    ],
    "codename": "delete_clustertype"
  }
},
{
  "model": "auth.permission",
  "fields": {
    "name": "Can view cluster type",
    "content_type": [
      "virtualization",
      "clustertype"
    ],
    "codename": "view_clustertype"
  }
},
{
  "model": "auth.permission",
  "fields": {
    "name": "Can add virtual machine",
    "content_type": [
      "virtualization",
      "virtualmachine"
    ],
    "codename": "add_virtualmachine"
  }
},
{
  "model": "auth.permission",
  "fields": {
    "name": "Can change virtual machine",
    "content_type": [
      "virtualization",
      "virtualmachine"
    ],
    "codename": "change_virtualmachine"
  }
},
{
  "model": "auth.permission",
  "fields": {
    "name": "Can delete virtual machine",
    "content_type": [
      "virtualization",
      "virtualmachine"
    ],
    "codename": "delete_virtualmachine"
  }
},
{
  "model": "auth.permission",
  "fields": {
    "name": "Can view virtual machine",
    "content_type": [
      "virtualization",
      "virtualmachine"
    ],
    "codename": "view_virtualmachine"
  }
},
{
  "model": "auth.permission",
  "fields": {
    "name": "Can add interface",
    "content_type": [
      "virtualization",
      "vminterface"
    ],
    "codename": "add_vminterface"
  }
},
{
  "model": "auth.permission",
  "fields": {
    "name": "Can change interface",
    "content_type": [
      "virtualization",
      "vminterface"
    ],
    "codename": "change_vminterface"
  }
},
{
  "model": "auth.permission",
  "fields": {
    "name": "Can delete interface",
    "content_type": [
      "virtualization",
      "vminterface"
    ],
    "codename": "delete_vminterface"
  }
},
{
  "model": "auth.permission",
  "fields": {
    "name": "Can view interface",
    "content_type": [
      "virtualization",
      "vminterface"
    ],
    "codename": "view_vminterface"
  }
},
{
  "model": "auth.permission",
  "fields": {
    "name": "Can add Wireless LAN Group",
    "content_type": [
      "wireless",
      "wirelesslangroup"
    ],
    "codename": "add_wirelesslangroup"
  }
},
{
  "model": "auth.permission",
  "fields": {
    "name": "Can change Wireless LAN Group",
    "content_type": [
      "wireless",
      "wirelesslangroup"
    ],
    "codename": "change_wirelesslangroup"
  }
},
{
  "model": "auth.permission",
  "fields": {
    "name": "Can delete Wireless LAN Group",
    "content_type": [
      "wireless",
      "wirelesslangroup"
    ],
    "codename": "delete_wirelesslangroup"
  }
},
{
  "model": "auth.permission",
  "fields": {
    "name": "Can view Wireless LAN Group",
    "content_type": [
      "wireless",
      "wirelesslangroup"
    ],
    "codename": "view_wirelesslangroup"
  }
},
{
  "model": "auth.permission",
  "fields": {
    "name": "Can add Wireless LAN",
    "content_type": [
      "wireless",
      "wirelesslan"
    ],
    "codename": "add_wirelesslan"
  }
},
{
  "model": "auth.permission",
  "fields": {
    "name": "Can change Wireless LAN",
    "content_type": [
      "wireless",
      "wirelesslan"
    ],
    "codename": "change_wirelesslan"
  }
},
{
  "model": "auth.permission",
  "fields": {
    "name": "Can delete Wireless LAN",
    "content_type": [
      "wireless",
      "wirelesslan"
    ],
    "codename": "delete_wirelesslan"
  }
},
{
  "model": "auth.permission",
  "fields": {
    "name": "Can view Wireless LAN",
    "content_type": [
      "wireless",
      "wirelesslan"
    ],
    "codename": "view_wirelesslan"
  }
},
{
  "model": "auth.permission",
  "fields": {
    "name": "Can add wireless link",
    "content_type": [
      "wireless",
      "wirelesslink"
    ],
    "codename": "add_wirelesslink"
  }
},
{
  "model": "auth.permission",
  "fields": {
    "name": "Can change wireless link",
    "content_type": [
      "wireless",
      "wirelesslink"
    ],
    "codename": "change_wirelesslink"
  }
},
{
  "model": "auth.permission",
  "fields": {
    "name": "Can delete wireless link",
    "content_type": [
      "wireless",
      "wirelesslink"
    ],
    "codename": "delete_wirelesslink"
  }
},
{
  "model": "auth.permission",
  "fields": {
    "name": "Can view wireless link",
    "content_type": [
      "wireless",
      "wirelesslink"
    ],
    "codename": "view_wirelesslink"
  }
},
{
  "model": "auth.permission",
  "fields": {
    "name": "Access admin page",
    "content_type": [
      "django_rq",
      "queue"
    ],
    "codename": "view"
  }
},
{
  "model": "auth.permission",
  "fields": {
    "name": "Can add virtual device context",
    "content_type": [
      "dcim",
      "virtualdevicecontext"
    ],
    "codename": "add_virtualdevicecontext"
  }
},
{
  "model": "auth.permission",
  "fields": {
    "name": "Can change virtual device context",
    "content_type": [
      "dcim",
      "virtualdevicecontext"
    ],
    "codename": "change_virtualdevicecontext"
  }
},
{
  "model": "auth.permission",
  "fields": {
    "name": "Can delete virtual device context",
    "content_type": [
      "dcim",
      "virtualdevicecontext"
    ],
    "codename": "delete_virtualdevicecontext"
  }
},
{
  "model": "auth.permission",
  "fields": {
    "name": "Can view virtual device context",
    "content_type": [
      "dcim",
      "virtualdevicecontext"
    ],
    "codename": "view_virtualdevicecontext"
  }
},
{
  "model": "auth.permission",
  "fields": {
    "name": "Can add saved filter",
    "content_type": [
      "extras",
      "savedfilter"
    ],
    "codename": "add_savedfilter"
  }
},
{
  "model": "auth.permission",
  "fields": {
    "name": "Can change saved filter",
    "content_type": [
      "extras",
      "savedfilter"
    ],
    "codename": "change_savedfilter"
  }
},
{
  "model": "auth.permission",
  "fields": {
    "name": "Can delete saved filter",
    "content_type": [
      "extras",
      "savedfilter"
    ],
    "codename": "delete_savedfilter"
  }
},
{
  "model": "auth.permission",
  "fields": {
    "name": "Can view saved filter",
    "content_type": [
      "extras",
      "savedfilter"
    ],
    "codename": "view_savedfilter"
  }
},
{
  "model": "auth.permission",
  "fields": {
    "name": "Can add cached value",
    "content_type": [
      "extras",
      "cachedvalue"
    ],
    "codename": "add_cachedvalue"
  }
},
{
  "model": "auth.permission",
  "fields": {
    "name": "Can change cached value",
    "content_type": [
      "extras",
      "cachedvalue"
    ],
    "codename": "change_cachedvalue"
  }
},
{
  "model": "auth.permission",
  "fields": {
    "name": "Can delete cached value",
    "content_type": [
      "extras",
      "cachedvalue"
    ],
    "codename": "delete_cachedvalue"
  }
},
{
  "model": "auth.permission",
  "fields": {
    "name": "Can view cached value",
    "content_type": [
      "extras",
      "cachedvalue"
    ],
    "codename": "view_cachedvalue"
  }
},
{
  "model": "auth.permission",
  "fields": {
    "name": "Can add branch",
    "content_type": [
      "extras",
      "branch"
    ],
    "codename": "add_branch"
  }
},
{
  "model": "auth.permission",
  "fields": {
    "name": "Can change branch",
    "content_type": [
      "extras",
      "branch"
    ],
    "codename": "change_branch"
  }
},
{
  "model": "auth.permission",
  "fields": {
    "name": "Can delete branch",
    "content_type": [
      "extras",
      "branch"
    ],
    "codename": "delete_branch"
  }
},
{
  "model": "auth.permission",
  "fields": {
    "name": "Can view branch",
    "content_type": [
      "extras",
      "branch"
    ],
    "codename": "view_branch"
  }
},
{
  "model": "auth.permission",
  "fields": {
    "name": "Can add staged change",
    "content_type": [
      "extras",
      "stagedchange"
    ],
    "codename": "add_stagedchange"
  }
},
{
  "model": "auth.permission",
  "fields": {
    "name": "Can change staged change",
    "content_type": [
      "extras",
      "stagedchange"
    ],
    "codename": "change_stagedchange"
  }
},
{
  "model": "auth.permission",
  "fields": {
    "name": "Can delete staged change",
    "content_type": [
      "extras",
      "stagedchange"
    ],
    "codename": "delete_stagedchange"
  }
},
{
  "model": "auth.permission",
  "fields": {
    "name": "Can view staged change",
    "content_type": [
      "extras",
      "stagedchange"
    ],
    "codename": "view_stagedchange"
  }
},
{
  "model": "auth.permission",
  "fields": {
    "name": "Can add data source",
    "content_type": [
      "core",
      "datasource"
    ],
    "codename": "add_datasource"
  }
},
{
  "model": "auth.permission",
  "fields": {
    "name": "Can change data source",
    "content_type": [
      "core",
      "datasource"
    ],
    "codename": "change_datasource"
  }
},
{
  "model": "auth.permission",
  "fields": {
    "name": "Can delete data source",
    "content_type": [
      "core",
      "datasource"
    ],
    "codename": "delete_datasource"
  }
},
{
  "model": "auth.permission",
  "fields": {
    "name": "Can view data source",
    "content_type": [
      "core",
      "datasource"
    ],
    "codename": "view_datasource"
  }
},
{
  "model": "auth.permission",
  "fields": {
    "name": "Can add data file",
    "content_type": [
      "core",
      "datafile"
    ],
    "codename": "add_datafile"
  }
},
{
  "model": "auth.permission",
  "fields": {
    "name": "Can change data file",
    "content_type": [
      "core",
      "datafile"
    ],
    "codename": "change_datafile"
  }
},
{
  "model": "auth.permission",
  "fields": {
    "name": "Can delete data file",
    "content_type": [
      "core",
      "datafile"
    ],
    "codename": "delete_datafile"
  }
},
{
  "model": "auth.permission",
  "fields": {
    "name": "Can view data file",
    "content_type": [
      "core",
      "datafile"
    ],
    "codename": "view_datafile"
  }
},
{
  "model": "auth.permission",
  "fields": {
    "name": "Can add auto sync record",
    "content_type": [
      "core",
      "autosyncrecord"
    ],
    "codename": "add_autosyncrecord"
  }
},
{
  "model": "auth.permission",
  "fields": {
    "name": "Can change auto sync record",
    "content_type": [
      "core",
      "autosyncrecord"
    ],
    "codename": "change_autosyncrecord"
  }
},
{
  "model": "auth.permission",
  "fields": {
    "name": "Can delete auto sync record",
    "content_type": [
      "core",
      "autosyncrecord"
    ],
    "codename": "delete_autosyncrecord"
  }
},
{
  "model": "auth.permission",
  "fields": {
    "name": "Can view auto sync record",
    "content_type": [
      "core",
      "autosyncrecord"
    ],
    "codename": "view_autosyncrecord"
  }
},
{
  "model": "auth.permission",
  "fields": {
    "name": "Can add managed file",
    "content_type": [
      "core",
      "managedfile"
    ],
    "codename": "add_managedfile"
  }
},
{
  "model": "auth.permission",
  "fields": {
    "name": "Can change managed file",
    "content_type": [
      "core",
      "managedfile"
    ],
    "codename": "change_managedfile"
  }
},
{
  "model": "auth.permission",
  "fields": {
    "name": "Can delete managed file",
    "content_type": [
      "core",
      "managedfile"
    ],
    "codename": "delete_managedfile"
  }
},
{
  "model": "auth.permission",
  "fields": {
    "name": "Can view managed file",
    "content_type": [
      "core",
      "managedfile"
    ],
    "codename": "view_managedfile"
  }
},
{
  "model": "auth.permission",
  "fields": {
    "name": "Can add job",
    "content_type": [
      "core",
      "job"
    ],
    "codename": "add_job"
  }
},
{
  "model": "auth.permission",
  "fields": {
    "name": "Can change job",
    "content_type": [
      "core",
      "job"
    ],
    "codename": "change_job"
  }
},
{
  "model": "auth.permission",
  "fields": {
    "name": "Can delete job",
    "content_type": [
      "core",
      "job"
    ],
    "codename": "delete_job"
  }
},
{
  "model": "auth.permission",
  "fields": {
    "name": "Can view job",
    "content_type": [
      "core",
      "job"
    ],
    "codename": "view_job"
  }
},
{
  "model": "auth.permission",
  "fields": {
    "name": "Can add provider account",
    "content_type": [
      "circuits",
      "provideraccount"
    ],
    "codename": "add_provideraccount"
  }
},
{
  "model": "auth.permission",
  "fields": {
    "name": "Can change provider account",
    "content_type": [
      "circuits",
      "provideraccount"
    ],
    "codename": "change_provideraccount"
  }
},
{
  "model": "auth.permission",
  "fields": {
    "name": "Can delete provider account",
    "content_type": [
      "circuits",
      "provideraccount"
    ],
    "codename": "delete_provideraccount"
  }
},
{
  "model": "auth.permission",
  "fields": {
    "name": "Can view provider account",
    "content_type": [
      "circuits",
      "provideraccount"
    ],
    "codename": "view_provideraccount"
  }
},
{
  "model": "auth.permission",
  "fields": {
    "name": "Can add ASN range",
    "content_type": [
      "ipam",
      "asnrange"
    ],
    "codename": "add_asnrange"
  }
},
{
  "model": "auth.permission",
  "fields": {
    "name": "Can change ASN range",
    "content_type": [
      "ipam",
      "asnrange"
    ],
    "codename": "change_asnrange"
  }
},
{
  "model": "auth.permission",
  "fields": {
    "name": "Can delete ASN range",
    "content_type": [
      "ipam",
      "asnrange"
    ],
    "codename": "delete_asnrange"
  }
},
{
  "model": "auth.permission",
  "fields": {
    "name": "Can view ASN range",
    "content_type": [
      "ipam",
      "asnrange"
    ],
    "codename": "view_asnrange"
  }
},
{
  "model": "auth.permission",
  "fields": {
    "name": "Can add config template",
    "content_type": [
      "extras",
      "configtemplate"
    ],
    "codename": "add_configtemplate"
  }
},
{
  "model": "auth.permission",
  "fields": {
    "name": "Can change config template",
    "content_type": [
      "extras",
      "configtemplate"
    ],
    "codename": "change_configtemplate"
  }
},
{
  "model": "auth.permission",
  "fields": {
    "name": "Can delete config template",
    "content_type": [
      "extras",
      "configtemplate"
    ],
    "codename": "delete_configtemplate"
  }
},
{
  "model": "auth.permission",
  "fields": {
    "name": "Can view config template",
    "content_type": [
      "extras",
      "configtemplate"
    ],
    "codename": "view_configtemplate"
  }
},
{
  "model": "auth.permission",
  "fields": {
    "name": "Can add dashboard",
    "content_type": [
      "extras",
      "dashboard"
    ],
    "codename": "add_dashboard"
  }
},
{
  "model": "auth.permission",
  "fields": {
    "name": "Can change dashboard",
    "content_type": [
      "extras",
      "dashboard"
    ],
    "codename": "change_dashboard"
  }
},
{
  "model": "auth.permission",
  "fields": {
    "name": "Can delete dashboard",
    "content_type": [
      "extras",
      "dashboard"
    ],
    "codename": "delete_dashboard"
  }
},
{
  "model": "auth.permission",
  "fields": {
    "name": "Can view dashboard",
    "content_type": [
      "extras",
      "dashboard"
    ],
    "codename": "view_dashboard"
  }
},
{
  "model": "auth.permission",
  "fields": {
    "name": "Can add report module",
    "content_type": [
      "extras",
      "reportmodule"
    ],
    "codename": "add_reportmodule"
  }
},
{
  "model": "auth.permission",
  "fields": {
    "name": "Can change report module",
    "content_type": [
      "extras",
      "reportmodule"
    ],
    "codename": "change_reportmodule"
  }
},
{
  "model": "auth.permission",
  "fields": {
    "name": "Can delete report module",
    "content_type": [
      "extras",
      "reportmodule"
    ],
    "codename": "delete_reportmodule"
  }
},
{
  "model": "auth.permission",
  "fields": {
    "name": "Can view report module",
    "content_type": [
      "extras",
      "reportmodule"
    ],
    "codename": "view_reportmodule"
  }
},
{
  "model": "auth.permission",
  "fields": {
    "name": "Can add script module",
    "content_type": [
      "extras",
      "scriptmodule"
    ],
    "codename": "add_scriptmodule"
  }
},
{
  "model": "auth.permission",
  "fields": {
    "name": "Can change script module",
    "content_type": [
      "extras",
      "scriptmodule"
    ],
    "codename": "change_scriptmodule"
  }
},
{
  "model": "auth.permission",
  "fields": {
    "name": "Can delete script module",
    "content_type": [
      "extras",
      "scriptmodule"
    ],
    "codename": "delete_scriptmodule"
  }
},
{
  "model": "auth.permission",
  "fields": {
    "name": "Can view script module",
    "content_type": [
      "extras",
      "scriptmodule"
    ],
    "codename": "view_scriptmodule"
  }
},
{
  "model": "auth.permission",
  "fields": {
    "name": "Can add role image",
    "content_type": [
      "netbox_topology_views",
      "roleimage"
    ],
    "codename": "add_roleimage"
  }
},
{
  "model": "auth.permission",
  "fields": {
    "name": "Can change role image",
    "content_type": [
      "netbox_topology_views",
      "roleimage"
    ],
    "codename": "change_roleimage"
  }
},
{
  "model": "auth.permission",
  "fields": {
    "name": "Can delete role image",
    "content_type": [
      "netbox_topology_views",
      "roleimage"
    ],
    "codename": "delete_roleimage"
  }
},
{
  "model": "auth.permission",
  "fields": {
    "name": "Can view role image",
    "content_type": [
      "netbox_topology_views",
      "roleimage"
    ],
    "codename": "view_roleimage"
  }
},
{
  "model": "auth.permission",
  "fields": {
    "name": "Can add individual options",
    "content_type": [
      "netbox_topology_views",
      "individualoptions"
    ],
    "codename": "add_individualoptions"
  }
},
{
  "model": "auth.permission",
  "fields": {
    "name": "Can change individual options",
    "content_type": [
      "netbox_topology_views",
      "individualoptions"
    ],
    "codename": "change_individualoptions"
  }
},
{
  "model": "auth.permission",
  "fields": {
    "name": "Can delete individual options",
    "content_type": [
      "netbox_topology_views",
      "individualoptions"
    ],
    "codename": "delete_individualoptions"
  }
},
{
  "model": "auth.permission",
  "fields": {
    "name": "Can view individual options",
    "content_type": [
      "netbox_topology_views",
      "individualoptions"
    ],
    "codename": "view_individualoptions"
  }
},
{
  "model": "auth.permission",
  "fields": {
    "name": "Can add coordinate group",
    "content_type": [
      "netbox_topology_views",
      "coordinategroup"
    ],
    "codename": "add_coordinategroup"
  }
},
{
  "model": "auth.permission",
  "fields": {
    "name": "Can change coordinate group",
    "content_type": [
      "netbox_topology_views",
      "coordinategroup"
    ],
    "codename": "change_coordinategroup"
  }
},
{
  "model": "auth.permission",
  "fields": {
    "name": "Can delete coordinate group",
    "content_type": [
      "netbox_topology_views",
      "coordinategroup"
    ],
    "codename": "delete_coordinategroup"
  }
},
{
  "model": "auth.permission",
  "fields": {
    "name": "Can view coordinate group",
    "content_type": [
      "netbox_topology_views",
      "coordinategroup"
    ],
    "codename": "view_coordinategroup"
  }
},
{
  "model": "auth.permission",
  "fields": {
    "name": "Can add coordinate",
    "content_type": [
      "netbox_topology_views",
      "coordinate"
    ],
    "codename": "add_coordinate"
  }
},
{
  "model": "auth.permission",
  "fields": {
    "name": "Can change coordinate",
    "content_type": [
      "netbox_topology_views",
      "coordinate"
    ],
    "codename": "change_coordinate"
  }
},
{
  "model": "auth.permission",
  "fields": {
    "name": "Can delete coordinate",
    "content_type": [
      "netbox_topology_views",
      "coordinate"
    ],
    "codename": "delete_coordinate"
  }
},
{
  "model": "auth.permission",
  "fields": {
    "name": "Can view coordinate",
    "content_type": [
      "netbox_topology_views",
      "coordinate"
    ],
    "codename": "view_coordinate"
  }
},
{
  "model": "auth.permission",
  "fields": {
    "name": "Can add saved topology",
    "content_type": [
      "nextbox_ui_plugin",
      "savedtopology"
    ],
    "codename": "add_savedtopology"
  }
},
{
  "model": "auth.permission",
  "fields": {
    "name": "Can change saved topology",
    "content_type": [
      "nextbox_ui_plugin",
      "savedtopology"
    ],
    "codename": "change_savedtopology"
  }
},
{
  "model": "auth.permission",
  "fields": {
    "name": "Can delete saved topology",
    "content_type": [
      "nextbox_ui_plugin",
      "savedtopology"
    ],
    "codename": "delete_savedtopology"
  }
},
{
  "model": "auth.permission",
  "fields": {
    "name": "Can view saved topology",
    "content_type": [
      "nextbox_ui_plugin",
      "savedtopology"
    ],
    "codename": "view_savedtopology"
  }
},
{
  "model": "auth.permission",
  "fields": {
    "name": "Can add community",
    "content_type": [
      "netbox_bgp",
      "community"
    ],
    "codename": "add_community"
  }
},
{
  "model": "auth.permission",
  "fields": {
    "name": "Can change community",
    "content_type": [
      "netbox_bgp",
      "community"
    ],
    "codename": "change_community"
  }
},
{
  "model": "auth.permission",
  "fields": {
    "name": "Can delete community",
    "content_type": [
      "netbox_bgp",
      "community"
    ],
    "codename": "delete_community"
  }
},
{
  "model": "auth.permission",
  "fields": {
    "name": "Can view community",
    "content_type": [
      "netbox_bgp",
      "community"
    ],
    "codename": "view_community"
  }
},
{
  "model": "auth.permission",
  "fields": {
    "name": "Can add bgp session",
    "content_type": [
      "netbox_bgp",
      "bgpsession"
    ],
    "codename": "add_bgpsession"
  }
},
{
  "model": "auth.permission",
  "fields": {
    "name": "Can change bgp session",
    "content_type": [
      "netbox_bgp",
      "bgpsession"
    ],
    "codename": "change_bgpsession"
  }
},
{
  "model": "auth.permission",
  "fields": {
    "name": "Can delete bgp session",
    "content_type": [
      "netbox_bgp",
      "bgpsession"
    ],
    "codename": "delete_bgpsession"
  }
},
{
  "model": "auth.permission",
  "fields": {
    "name": "Can view bgp session",
    "content_type": [
      "netbox_bgp",
      "bgpsession"
    ],
    "codename": "view_bgpsession"
  }
},
{
  "model": "auth.permission",
  "fields": {
    "name": "Can add bgp peer group",
    "content_type": [
      "netbox_bgp",
      "bgppeergroup"
    ],
    "codename": "add_bgppeergroup"
  }
},
{
  "model": "auth.permission",
  "fields": {
    "name": "Can change bgp peer group",
    "content_type": [
      "netbox_bgp",
      "bgppeergroup"
    ],
    "codename": "change_bgppeergroup"
  }
},
{
  "model": "auth.permission",
  "fields": {
    "name": "Can delete bgp peer group",
    "content_type": [
      "netbox_bgp",
      "bgppeergroup"
    ],
    "codename": "delete_bgppeergroup"
  }
},
{
  "model": "auth.permission",
  "fields": {
    "name": "Can view bgp peer group",
    "content_type": [
      "netbox_bgp",
      "bgppeergroup"
    ],
    "codename": "view_bgppeergroup"
  }
},
{
  "model": "auth.permission",
  "fields": {
    "name": "Can add routing policy",
    "content_type": [
      "netbox_bgp",
      "routingpolicy"
    ],
    "codename": "add_routingpolicy"
  }
},
{
  "model": "auth.permission",
  "fields": {
    "name": "Can change routing policy",
    "content_type": [
      "netbox_bgp",
      "routingpolicy"
    ],
    "codename": "change_routingpolicy"
  }
},
{
  "model": "auth.permission",
  "fields": {
    "name": "Can delete routing policy",
    "content_type": [
      "netbox_bgp",
      "routingpolicy"
    ],
    "codename": "delete_routingpolicy"
  }
},
{
  "model": "auth.permission",
  "fields": {
    "name": "Can view routing policy",
    "content_type": [
      "netbox_bgp",
      "routingpolicy"
    ],
    "codename": "view_routingpolicy"
  }
},
{
  "model": "auth.permission",
  "fields": {
    "name": "Can add routing policy rule",
    "content_type": [
      "netbox_bgp",
      "routingpolicyrule"
    ],
    "codename": "add_routingpolicyrule"
  }
},
{
  "model": "auth.permission",
  "fields": {
    "name": "Can change routing policy rule",
    "content_type": [
      "netbox_bgp",
      "routingpolicyrule"
    ],
    "codename": "change_routingpolicyrule"
  }
},
{
  "model": "auth.permission",
  "fields": {
    "name": "Can delete routing policy rule",
    "content_type": [
      "netbox_bgp",
      "routingpolicyrule"
    ],
    "codename": "delete_routingpolicyrule"
  }
},
{
  "model": "auth.permission",
  "fields": {
    "name": "Can view routing policy rule",
    "content_type": [
      "netbox_bgp",
      "routingpolicyrule"
    ],
    "codename": "view_routingpolicyrule"
  }
},
{
  "model": "auth.permission",
  "fields": {
    "name": "Can add prefix list",
    "content_type": [
      "netbox_bgp",
      "prefixlist"
    ],
    "codename": "add_prefixlist"
  }
},
{
  "model": "auth.permission",
  "fields": {
    "name": "Can change prefix list",
    "content_type": [
      "netbox_bgp",
      "prefixlist"
    ],
    "codename": "change_prefixlist"
  }
},
{
  "model": "auth.permission",
  "fields": {
    "name": "Can delete prefix list",
    "content_type": [
      "netbox_bgp",
      "prefixlist"
    ],
    "codename": "delete_prefixlist"
  }
},
{
  "model": "auth.permission",
  "fields": {
    "name": "Can view prefix list",
    "content_type": [
      "netbox_bgp",
      "prefixlist"
    ],
    "codename": "view_prefixlist"
  }
},
{
  "model": "auth.permission",
  "fields": {
    "name": "Can add prefix list rule",
    "content_type": [
      "netbox_bgp",
      "prefixlistrule"
    ],
    "codename": "add_prefixlistrule"
  }
},
{
  "model": "auth.permission",
  "fields": {
    "name": "Can change prefix list rule",
    "content_type": [
      "netbox_bgp",
      "prefixlistrule"
    ],
    "codename": "change_prefixlistrule"
  }
},
{
  "model": "auth.permission",
  "fields": {
    "name": "Can delete prefix list rule",
    "content_type": [
      "netbox_bgp",
      "prefixlistrule"
    ],
    "codename": "delete_prefixlistrule"
  }
},
{
  "model": "auth.permission",
  "fields": {
    "name": "Can view prefix list rule",
    "content_type": [
      "netbox_bgp",
      "prefixlistrule"
    ],
    "codename": "view_prefixlistrule"
  }
},
{
  "model": "auth.permission",
  "fields": {
    "name": "Can add name server",
    "content_type": [
      "netbox_dns",
      "nameserver"
    ],
    "codename": "add_nameserver"
  }
},
{
  "model": "auth.permission",
  "fields": {
    "name": "Can change name server",
    "content_type": [
      "netbox_dns",
      "nameserver"
    ],
    "codename": "change_nameserver"
  }
},
{
  "model": "auth.permission",
  "fields": {
    "name": "Can delete name server",
    "content_type": [
      "netbox_dns",
      "nameserver"
    ],
    "codename": "delete_nameserver"
  }
},
{
  "model": "auth.permission",
  "fields": {
    "name": "Can view name server",
    "content_type": [
      "netbox_dns",
      "nameserver"
    ],
    "codename": "view_nameserver"
  }
},
{
  "model": "auth.permission",
  "fields": {
    "name": "Can add view",
    "content_type": [
      "netbox_dns",
      "view"
    ],
    "codename": "add_view"
  }
},
{
  "model": "auth.permission",
  "fields": {
    "name": "Can change view",
    "content_type": [
      "netbox_dns",
      "view"
    ],
    "codename": "change_view"
  }
},
{
  "model": "auth.permission",
  "fields": {
    "name": "Can delete view",
    "content_type": [
      "netbox_dns",
      "view"
    ],
    "codename": "delete_view"
  }
},
{
  "model": "auth.permission",
  "fields": {
    "name": "Can view view",
    "content_type": [
      "netbox_dns",
      "view"
    ],
    "codename": "view_view"
  }
},
{
  "model": "auth.permission",
  "fields": {
    "name": "Can add zone",
    "content_type": [
      "netbox_dns",
      "zone"
    ],
    "codename": "add_zone"
  }
},
{
  "model": "auth.permission",
  "fields": {
    "name": "Can change zone",
    "content_type": [
      "netbox_dns",
      "zone"
    ],
    "codename": "change_zone"
  }
},
{
  "model": "auth.permission",
  "fields": {
    "name": "Can delete zone",
    "content_type": [
      "netbox_dns",
      "zone"
    ],
    "codename": "delete_zone"
  }
},
{
  "model": "auth.permission",
  "fields": {
    "name": "Can view zone",
    "content_type": [
      "netbox_dns",
      "zone"
    ],
    "codename": "view_zone"
  }
},
{
  "model": "auth.permission",
  "fields": {
    "name": "Can add record",
    "content_type": [
      "netbox_dns",
      "record"
    ],
    "codename": "add_record"
  }
},
{
  "model": "auth.permission",
  "fields": {
    "name": "Can change record",
    "content_type": [
      "netbox_dns",
      "record"
    ],
    "codename": "change_record"
  }
},
{
  "model": "auth.permission",
  "fields": {
    "name": "Can delete record",
    "content_type": [
      "netbox_dns",
      "record"
    ],
    "codename": "delete_record"
  }
},
{
  "model": "auth.permission",
  "fields": {
    "name": "Can view record",
    "content_type": [
      "netbox_dns",
      "record"
    ],
    "codename": "view_record"
  }
},
{
  "model": "auth.user",
  "fields": {
    "password": "pbkdf2_sha256$320000$zMgFVrkZnM5llzoYMHKXm3$D99Nk75hDUjbdb9CN8MjyCwAfl3oksg9LiMGCgQnx7Y=",
    "last_login": "2023-03-17T11:59:18.235Z",
    "is_superuser": true,
    "username": "nsonepseng",
    "first_name": "",
    "last_name": "",
    "email": "",
    "is_staff": true,
    "is_active": true,
    "date_joined": "2022-12-22T11:17:15.278Z",
    "groups": [],
    "user_permissions": []
  }
},
{
  "model": "auth.user",
  "fields": {
    "password": "pbkdf2_sha256$320000$ZkfFg7WLesaToldZlBZmAy$rk762XSWxP6CTvsgTrGPuCb4IwZHWQabbdFz7Q8WsxQ=",
    "last_login": null,
    "is_superuser": false,
    "username": "eric",
    "first_name": "",
    "last_name": "",
    "email": "",
    "is_staff": false,
    "is_active": true,
    "date_joined": "2022-12-22T11:25:50.385Z",
    "groups": [],
    "user_permissions": []
  }
},
{
  "model": "auth.user",
  "fields": {
    "password": "pbkdf2_sha256$320000$vD9Ap3Dh3v7Ted6tdR9g2R$ndYCf0qBK0yaNKfRhbqtpJ5S00bnFoh9Ylz8yLG6KPE=",
    "last_login": "2022-12-22T20:51:13.798Z",
    "is_superuser": true,
    "username": "susan",
    "first_name": "",
    "last_name": "",
    "email": "",
    "is_staff": true,
    "is_active": true,
    "date_joined": "2022-12-22T11:26:01Z",
    "groups": [],
    "user_permissions": []
  }
},
{
  "model": "auth.user",
  "fields": {
    "password": "pbkdf2_sha256$390000$O3NUCbAd5CfqK2EbgMmtHU$yKjZYJQuN7bJfwJEWknIUbuMliafJ6V+iCzIhQNLQ3g=",
    "last_login": "2023-08-14T10:53:45.377Z",
    "is_superuser": true,
    "username": "admin",
    "first_name": "",
    "last_name": "",
    "email": "admin@example.com",
    "is_staff": true,
    "is_active": true,
    "date_joined": "2023-03-17T12:24:27.266Z",
    "groups": [],
    "user_permissions": []
  }
},
{
  "model": "auth.user",
  "fields": {
    "password": "pbkdf2_sha256$390000$OOr1gcXuEE4tjS8N8vkfBy$YHsv2yaZ+RTHhsGs6Tpw2kTn9Tp7duW+wyShFKl7r9U=",
    "last_login": "2023-04-19T14:22:00.267Z",
    "is_superuser": true,
    "username": "api-tester",
    "first_name": "",
    "last_name": "",
    "email": "",
    "is_staff": true,
    "is_active": true,
    "date_joined": "2023-04-19T11:19:26Z",
    "groups": [],
    "user_permissions": []
  }
},
{
  "model": "auth.user",
  "fields": {
    "password": "pbkdf2_sha256$390000$GlRzsFUdMP2k4IskH24Ecl$LMKuKv4P0anNvawQihF7b928NkJtiRD4aAH+bPz3EoQ=",
    "last_login": "2023-07-11T13:21:53.652Z",
    "is_superuser": false,
    "username": "it",
    "first_name": "",
    "last_name": "",
    "email": "",
    "is_staff": false,
    "is_active": true,
    "date_joined": "2023-07-11T11:50:57Z",
    "groups": [],
    "user_permissions": []
  }
},
{
  "model": "auth.user",
  "fields": {
    "password": "pbkdf2_sha256$390000$5vGgaqmWrkiHloP89O8kea$yVGeS3GkD5fGSYIJu/Hxf3dcFR4HPe4wWv0DJVaZlrU=",
    "last_login": "2023-07-11T13:44:50.547Z",
    "is_superuser": false,
    "username": "consulting",
    "first_name": "",
    "last_name": "",
    "email": "",
    "is_staff": false,
    "is_active": true,
    "date_joined": "2023-07-11T11:51:12Z",
    "groups": [],
    "user_permissions": []
  }
},
{
  "model": "core.job",
  "pk": 1,
  "fields": {
    "object_type": [
      "extras",
      "script"
    ],
    "object_id": null,
    "name": "SiteStatusBulkUpdater.SiteStatusBulkUpdater",
    "created": "2022-12-22T15:15:36.346Z",
    "scheduled": null,
    "interval": null,
    "started": null,
    "completed": "2022-12-22T15:15:37.331Z",
    "user": [
      "nsonepseng"
    ],
    "status": "completed",
    "data": {
      "log": [
        {
          "status": "success",
          "message": "Updated Status of Site AUBRI01 to active"
        },
        {
          "status": "success",
          "message": "Updated Status of Location Comms Room to active"
        },
        {
          "status": "success",
          "message": "Updated Status of Rack AUBRI01-RK-01 to active"
        },
        {
          "status": "success",
          "message": "Updated Status of Device AUBRI01-AP-1 to active"
        },
        {
          "status": "success",
          "message": "Updated Status of Device AUBRI01-AP-2 to active"
        },
        {
          "status": "success",
          "message": "Updated Status of Device AUBRI01-CON-1 to active"
        },
        {
          "status": "success",
          "message": "Updated Status of Device AUBRI01-PAN-1 to active"
        },
        {
          "status": "success",
          "message": "Updated Status of Device AUBRI01-PDU-1 to active"
        },
        {
          "status": "success",
          "message": "Updated Status of Device AUBRI01-PDU-2 to active"
        },
        {
          "status": "success",
          "message": "Updated Status of Device AUBRI01-RTR-1 to active"
        },
        {
          "status": "success",
          "message": "Updated Status of Device AUBRI01-SW-1 to active"
        },
        {
          "status": "success",
          "message": "Updated Status of Device AUBRI01-VSP-1 to active"
        },
        {
          "status": "success",
          "message": "Updated Status of Device AUBRI01-VSP-2 to active"
        },
        {
          "status": "success",
          "message": "Updated Status of Cluster AUBRI01-VSPHERE-1 to active"
        },
        {
          "status": "success",
          "message": "Updated Status of VM AUBRI01-SQL-01 to active"
        },
        {
          "status": "success",
          "message": "Updated Status of VM AUBRI01-WIN-01 to active"
        }
      ],
      "output": null
    },
    "job_id": "4e7e5496-5a56-42db-b252-db282dae3af5"
  }
},
{
  "model": "core.job",
  "pk": 2,
  "fields": {
    "object_type": [
      "extras",
      "script"
    ],
    "object_id": null,
    "name": "NewBranchScript.NewBranchScript",
    "created": "2022-12-22T15:16:18.862Z",
    "scheduled": null,
    "interval": null,
    "started": null,
    "completed": "2022-12-22T15:16:20.191Z",
    "user": [
      "nsonepseng"
    ],
    "status": "completed",
    "data": {
      "log": [
        {
          "status": "success",
          "message": "Created new site: SWEST01"
        },
        {
          "status": "success",
          "message": "Created new switch: SWEST01-SW-1"
        },
        {
          "status": "success",
          "message": "Created new switch: SWEST01-SW-2"
        },
        {
          "status": "success",
          "message": "Created new switch: SWEST01-SW-3"
        },
        {
          "status": "success",
          "message": "Created new switch: SWEST01-SW-4"
        },
        {
          "status": "success",
          "message": "Created new router: SWEST01-RTR-1"
        },
        {
          "status": "success",
          "message": "Created new router: SWEST01-RTR-2"
        },
        {
          "status": "success",
          "message": "Created new AP: SWEST01-RTR-2"
        },
        {
          "status": "success",
          "message": "Created new AP: SWEST01-RTR-2"
        },
        {
          "status": "success",
          "message": "Created new AP: SWEST01-RTR-2"
        },
        {
          "status": "success",
          "message": "Created new AP: SWEST01-RTR-2"
        },
        {
          "status": "success",
          "message": "Created new AP: SWEST01-RTR-2"
        },
        {
          "status": "success",
          "message": "Created new AP: SWEST01-RTR-2"
        },
        {
          "status": "success",
          "message": "Created new server: SWEST01-RTR-2"
        },
        {
          "status": "success",
          "message": "Created new server: SWEST01-RTR-2"
        },
        {
          "status": "success",
          "message": "Created new server: SWEST01-RTR-2"
        },
        {
          "status": "success",
          "message": "Created new server: SWEST01-RTR-2"
        }
      ],
      "output": "name,make,model\nSWEST01-AP-1,Cisco,MR56\nSWEST01-AP-2,Cisco,MR56\nSWEST01-AP-3,Cisco,MR56\nSWEST01-AP-4,Cisco,MR56\nSWEST01-AP-5,Cisco,MR56\nSWEST01-AP-6,Cisco,MR56\nSWEST01-RTR-1,Cisco,ISR4321\nSWEST01-RTR-2,Cisco,ISR4321\nSWEST01-SW-1,Juniper,EX4300-48P\nSWEST01-SW-2,Juniper,EX4300-48P\nSWEST01-SW-3,Juniper,EX4300-48P\nSWEST01-SW-4,Juniper,EX4300-48P\nSWEST01-VSP-1,HPE,ProLiant DL380 Gen9\nSWEST01-VSP-2,HPE,ProLiant DL380 Gen9\nSWEST01-VSP-3,HPE,ProLiant DL380 Gen9\nSWEST01-VSP-4,HPE,ProLiant DL380 Gen9"
    },
    "job_id": "60ee97b4-f0de-4ced-9939-711c850b645d"
  }
},
{
  "model": "core.job",
  "pk": 3,
  "fields": {
    "object_type": [
      "extras",
      "report"
    ],
    "object_id": null,
    "name": "ip-primary-missing.DeviceIPReport",
    "created": "2022-12-22T15:31:23.441Z",
    "scheduled": null,
    "interval": null,
    "started": null,
    "completed": "2022-12-22T15:31:23.637Z",
    "user": [
      "nsonepseng"
    ],
    "status": "failed",
    "data": {
      "test_primary_ip4": {
        "log": [
          [
            "2022-12-22T15:31:23.508893+00:00",
            "failure",
            "AUBRI01-AP-1",
            "/dcim/devices/5/",
            "Device is missing primary IPv4 and IPv6 address"
          ],
          [
            "2022-12-22T15:31:23.607019+00:00",
            "failure",
            "AUBRI01-AP-2",
            "/dcim/devices/6/",
            "Device is missing primary IPv4 and IPv6 address"
          ],
          [
            "2022-12-22T15:31:23.610805+00:00",
            "failure",
            "AUBRI01-CON-1",
            "/dcim/devices/4/",
            "Device is missing primary IPv4 and IPv6 address"
          ],
          [
            "2022-12-22T15:31:23.620886+00:00",
            "info",
            "AUBRI01-RTR-1",
            "/dcim/devices/1/",
            "Device is missing primary IPv6 address"
          ],
          [
            "2022-12-22T15:31:23.626634+00:00",
            "info",
            "AUBRI01-SW-1",
            "/dcim/devices/2/",
            "Device is missing primary IPv6 address"
          ],
          [
            "2022-12-22T15:31:23.631670+00:00",
            "info",
            "AUBRI01-VSP-1",
            "/dcim/devices/7/",
            "Device is missing primary IPv6 address"
          ],
          [
            "2022-12-22T15:31:23.636605+00:00",
            "info",
            "AUBRI01-VSP-2",
            "/dcim/devices/8/",
            "Device is missing primary IPv6 address"
          ]
        ],
        "info": 4,
        "failure": 3,
        "success": 3,
        "warning": 0
      }
    },
    "job_id": "81bc5c04-f114-4bb9-9d3c-705d34e3edae"
  }
},
{
  "model": "core.job",
  "pk": 4,
  "fields": {
    "object_type": [
      "extras",
      "report"
    ],
    "object_id": null,
    "name": "DeviceRackingReport.DeviceRackingReport",
    "created": "2022-12-22T15:35:18.539Z",
    "scheduled": null,
    "interval": null,
    "started": null,
    "completed": "2022-12-22T15:35:18.692Z",
    "user": [
      "nsonepseng"
    ],
    "status": "failed",
    "data": {
      "test_device_racking": {
        "log": [
          [
            "2022-12-22T15:35:18.593848+00:00",
            "failure",
            "AUBRI01-AP-1",
            "/dcim/devices/5/",
            "Device is not racked"
          ],
          [
            "2022-12-22T15:35:18.691457+00:00",
            "failure",
            "AUBRI01-AP-2",
            "/dcim/devices/6/",
            "Device is not racked"
          ]
        ],
        "info": 0,
        "failure": 2,
        "success": 8,
        "warning": 0
      }
    },
    "job_id": "3e111109-095a-4884-9e0f-f8fdc10e1c05"
  }
},
{
  "model": "core.job",
  "pk": 5,
  "fields": {
    "object_type": [
      "extras",
      "report"
    ],
    "object_id": null,
    "name": "DeviceRackingReport.DeviceRackingReport",
    "created": "2022-12-22T15:41:57.952Z",
    "scheduled": null,
    "interval": null,
    "started": null,
    "completed": "2022-12-22T15:41:58.108Z",
    "user": [
      "nsonepseng"
    ],
    "status": "failed",
    "data": {
      "test_device_racking": {
        "log": [
          [
            "2022-12-22T15:41:58.005546+00:00",
            "failure",
            "AUBRI01-AP-1",
            "/dcim/devices/5/",
            "Device is not racked"
          ],
          [
            "2022-12-22T15:41:58.107919+00:00",
            "failure",
            "AUBRI01-AP-2",
            "/dcim/devices/6/",
            "Device is not racked"
          ]
        ],
        "info": 0,
        "failure": 2,
        "success": 8,
        "warning": 0
      }
    },
    "job_id": "8eb5cd3d-c9c7-463d-a832-465f2fe353ba"
  }
},
{
  "model": "core.job",
  "pk": 6,
  "fields": {
    "object_type": [
      "extras",
      "report"
    ],
    "object_id": null,
    "name": "DeviceRackingReport.DeviceRackingReport",
    "created": "2022-12-22T15:43:19.957Z",
    "scheduled": null,
    "interval": null,
    "started": null,
    "completed": "2022-12-22T15:43:20.114Z",
    "user": [
      "nsonepseng"
    ],
    "status": "failed",
    "data": {
      "test_device_racking": {
        "log": [
          [
            "2022-12-22T15:43:20.012466+00:00",
            "failure",
            "AUBRI01-AP-1",
            "/dcim/devices/5/",
            "Device is not racked"
          ],
          [
            "2022-12-22T15:43:20.113672+00:00",
            "failure",
            "AUBRI01-AP-2",
            "/dcim/devices/6/",
            "Device is not racked"
          ]
        ],
        "info": 0,
        "failure": 2,
        "success": 8,
        "warning": 0
      }
    },
    "job_id": "077b6c2a-120b-4f03-9f1b-af2b68cd7379"
  }
},
{
  "model": "core.job",
  "pk": 7,
  "fields": {
    "object_type": [
      "extras",
      "report"
    ],
    "object_id": null,
    "name": "DeviceRackingReport.DeviceRackingReport",
    "created": "2022-12-22T15:44:20.460Z",
    "scheduled": null,
    "interval": null,
    "started": null,
    "completed": "2022-12-22T15:44:20.646Z",
    "user": [
      "nsonepseng"
    ],
    "status": "failed",
    "data": {
      "test_device_racking": {
        "log": [
          [
            "2022-12-22T15:44:20.517525+00:00",
            "failure",
            "AUBRI01-AP-1",
            "/dcim/devices/5/",
            "Device is not racked"
          ],
          [
            "2022-12-22T15:44:20.646172+00:00",
            "failure",
            "AUBRI01-AP-2",
            "/dcim/devices/6/",
            "Device is not racked"
          ]
        ],
        "info": 0,
        "failure": 2,
        "success": 8,
        "warning": 0
      }
    },
    "job_id": "4048204d-e000-44d3-b0d3-b57630f061c2"
  }
},
{
  "model": "core.job",
  "pk": 8,
  "fields": {
    "object_type": [
      "extras",
      "report"
    ],
    "object_id": null,
    "name": "DeviceRackingReport.DeviceRackingReport",
    "created": "2022-12-22T15:46:26.608Z",
    "scheduled": null,
    "interval": null,
    "started": null,
    "completed": "2022-12-22T15:46:26.750Z",
    "user": [
      "nsonepseng"
    ],
    "status": "failed",
    "data": {
      "test_device_racking": {
        "log": [
          [
            "2022-12-22T15:46:26.659646+00:00",
            "failure",
            "AUBRI01-AP-1",
            "/dcim/devices/5/",
            "Device is not racked"
          ],
          [
            "2022-12-22T15:46:26.749669+00:00",
            "failure",
            "AUBRI01-AP-2",
            "/dcim/devices/6/",
            "Device is not racked"
          ]
        ],
        "info": 0,
        "failure": 2,
        "success": 8,
        "warning": 0
      }
    },
    "job_id": "77fd74ee-b1db-4fd4-9bb6-a7884f682df1"
  }
},
{
  "model": "core.job",
  "pk": 9,
  "fields": {
    "object_type": [
      "extras",
      "report"
    ],
    "object_id": null,
    "name": "DeviceRackingReport.DeviceRackingReport",
    "created": "2022-12-22T15:50:10.153Z",
    "scheduled": null,
    "interval": null,
    "started": null,
    "completed": "2022-12-22T15:50:10.310Z",
    "user": [
      "nsonepseng"
    ],
    "status": "failed",
    "data": {
      "test_device_racking": {
        "log": [
          [
            "2022-12-22T15:50:10.209284+00:00",
            "failure",
            "AUBRI01-AP-1",
            "/dcim/devices/5/",
            "Device is not racked"
          ],
          [
            "2022-12-22T15:50:10.309833+00:00",
            "failure",
            "AUBRI01-AP-2",
            "/dcim/devices/6/",
            "Device is not racked"
          ]
        ],
        "info": 0,
        "failure": 2,
        "success": 8,
        "warning": 0
      }
    },
    "job_id": "edc29d72-13ec-41cb-b6ef-4f01a8013d26"
  }
},
{
  "model": "core.job",
  "pk": 10,
  "fields": {
    "object_type": [
      "extras",
      "report"
    ],
    "object_id": null,
    "name": "DeviceRackingReport.DeviceRackingReport",
    "created": "2022-12-22T15:57:55.932Z",
    "scheduled": null,
    "interval": null,
    "started": null,
    "completed": "2022-12-22T15:57:56.079Z",
    "user": [
      "nsonepseng"
    ],
    "status": "failed",
    "data": {
      "test_device_racking": {
        "log": [
          [
            "2022-12-22T15:57:55.982404+00:00",
            "failure",
            "AUBRI01-AP-1",
            "/dcim/devices/5/",
            "Device is not racked"
          ],
          [
            "2022-12-22T15:57:56.079016+00:00",
            "failure",
            "AUBRI01-AP-2",
            "/dcim/devices/6/",
            "Device is not racked"
          ]
        ],
        "info": 0,
        "failure": 2,
        "success": 8,
        "warning": 0
      }
    },
    "job_id": "784c8eda-5f4a-4ba2-8386-df7faaeeeb25"
  }
},
{
  "model": "core.job",
  "pk": 11,
  "fields": {
    "object_type": [
      "extras",
      "report"
    ],
    "object_id": null,
    "name": "CheckConsoleOOBPower.DeviceConnectionsReport",
    "created": "2022-12-22T16:04:09.762Z",
    "scheduled": null,
    "interval": null,
    "started": null,
    "completed": "2022-12-22T16:04:09.826Z",
    "user": [
      "nsonepseng"
    ],
    "status": "errored",
    "data": {
      "test_power_connections": {
        "log": [],
        "info": 0,
        "failure": 0,
        "success": 0,
        "warning": 0
      },
      "test_console_connection": {
        "log": [
          [
            "2022-12-22T16:04:09.825486+00:00",
            "failure",
            null,
            null,
            "An exception occurred: AttributeError: 'ConsolePort' object has no attribute 'connected_endpoint' <pre>Traceback (most recent call last):\n  File \"/opt/netbox-3.3.10/netbox/extras/reports.py\", line 235, in run\n    test_method()\n  File \"/opt/netbox-3.3.10/netbox/reports/CheckConsoleOOBPower.py\", line 16, in test_console_connection\n    if console_port.connected_endpoint is None:\nAttributeError: 'ConsolePort' object has no attribute 'connected_endpoint'\n</pre>"
          ]
        ],
        "info": 0,
        "failure": 1,
        "success": 0,
        "warning": 0
      }
    },
    "job_id": "05f24385-9bef-4f40-8044-87f91b2afefd"
  }
},
{
  "model": "core.job",
  "pk": 12,
  "fields": {
    "object_type": [
      "extras",
      "report"
    ],
    "object_id": null,
    "name": "CheckConsoleOOBPower.DeviceConnectionsReport",
    "created": "2022-12-22T16:05:08.398Z",
    "scheduled": null,
    "interval": null,
    "started": null,
    "completed": "2022-12-22T16:05:08.620Z",
    "user": [
      "nsonepseng"
    ],
    "status": "errored",
    "data": {
      "test_power_connections": {
        "log": [
          [
            "2022-12-22T16:05:08.468989+00:00",
            "failure",
            "AUBRI01-AP-1",
            "/dcim/devices/5/",
            "0 connected power supplies found (2 needed)"
          ],
          [
            "2022-12-22T16:05:08.615785+00:00",
            "failure",
            "AUBRI01-AP-2",
            "/dcim/devices/6/",
            "0 connected power supplies found (2 needed)"
          ],
          [
            "2022-12-22T16:05:08.619601+00:00",
            "failure",
            null,
            null,
            "An exception occurred: AttributeError: 'PowerPort' object has no attribute 'connected_endpoint' <pre>Traceback (most recent call last):\n  File \"/opt/netbox-3.3.10/netbox/extras/reports.py\", line 235, in run\n    test_method()\n  File \"/opt/netbox-3.3.10/netbox/reports/CheckConsoleOOBPower.py\", line 35, in test_power_connections\n    if power_port.connected_endpoint is not None:\nAttributeError: 'PowerPort' object has no attribute 'connected_endpoint'\n</pre>"
          ]
        ],
        "info": 0,
        "failure": 3,
        "success": 0,
        "warning": 0
      }
    },
    "job_id": "84dd9301-b50e-45d4-b1da-debd7eefbe67"
  }
},
{
  "model": "core.job",
  "pk": 13,
  "fields": {
    "object_type": [
      "extras",
      "report"
    ],
    "object_id": null,
    "name": "CheckDeviceNaming.DeviceHostnameReport",
    "created": "2022-12-22T16:11:58.494Z",
    "scheduled": null,
    "interval": null,
    "started": null,
    "completed": "2022-12-22T16:11:58.549Z",
    "user": [
      "nsonepseng"
    ],
    "status": "errored",
    "data": {
      "test_device_naming": {
        "log": [
          [
            "2022-12-22T16:11:58.548333+00:00",
            "failure",
            null,
            null,
            "An exception occurred: TypeError: expected string or bytes-like object <pre>Traceback (most recent call last):\n  File \"/opt/netbox-3.3.10/netbox/extras/reports.py\", line 235, in run\n    test_method()\n  File \"/opt/netbox-3.3.10/netbox/reports/CheckDeviceNaming.py\", line 17, in test_device_naming\n    if re.match(str(device.site.name) + \"(-[a-b])\" +  \"-[0-9]{2}\", re.IGNORECASE):\n  File \"/usr/lib/python3.8/re.py\", line 191, in match\n    return _compile(pattern, flags).match(string)\nTypeError: expected string or bytes-like object\n</pre>"
          ]
        ],
        "info": 0,
        "failure": 1,
        "success": 0,
        "warning": 0
      }
    },
    "job_id": "b357dc75-f22e-4f76-9d3f-b1cf4cb8e8ba"
  }
},
{
  "model": "core.job",
  "pk": 14,
  "fields": {
    "object_type": [
      "extras",
      "report"
    ],
    "object_id": null,
    "name": "CheckDeviceNaming.DeviceHostnameReport",
    "created": "2022-12-22T16:14:13.946Z",
    "scheduled": null,
    "interval": null,
    "started": null,
    "completed": "2022-12-22T16:14:14.120Z",
    "user": [
      "nsonepseng"
    ],
    "status": "failed",
    "data": {
      "test_device_naming": {
        "log": [
          [
            "2022-12-22T16:14:14.005222+00:00",
            "failure",
            "AUBRI01-AP-1",
            "/dcim/devices/5/",
            "Hostname does not conform to standard!"
          ],
          [
            "2022-12-22T16:14:14.105349+00:00",
            "failure",
            "AUBRI01-AP-2",
            "/dcim/devices/6/",
            "Hostname does not conform to standard!"
          ],
          [
            "2022-12-22T16:14:14.107121+00:00",
            "failure",
            "AUBRI01-CON-1",
            "/dcim/devices/4/",
            "Hostname does not conform to standard!"
          ],
          [
            "2022-12-22T16:14:14.108899+00:00",
            "failure",
            "AUBRI01-PAN-1",
            "/dcim/devices/3/",
            "Hostname does not conform to standard!"
          ],
          [
            "2022-12-22T16:14:14.110803+00:00",
            "failure",
            "AUBRI01-PDU-1",
            "/dcim/devices/9/",
            "Hostname does not conform to standard!"
          ],
          [
            "2022-12-22T16:14:14.112604+00:00",
            "failure",
            "AUBRI01-PDU-2",
            "/dcim/devices/10/",
            "Hostname does not conform to standard!"
          ],
          [
            "2022-12-22T16:14:14.114285+00:00",
            "failure",
            "AUBRI01-RTR-1",
            "/dcim/devices/1/",
            "Hostname does not conform to standard!"
          ],
          [
            "2022-12-22T16:14:14.116028+00:00",
            "failure",
            "AUBRI01-SW-1",
            "/dcim/devices/2/",
            "Hostname does not conform to standard!"
          ],
          [
            "2022-12-22T16:14:14.117862+00:00",
            "failure",
            "AUBRI01-VSP-1",
            "/dcim/devices/7/",
            "Hostname does not conform to standard!"
          ],
          [
            "2022-12-22T16:14:14.119888+00:00",
            "failure",
            "AUBRI01-VSP-2",
            "/dcim/devices/8/",
            "Hostname does not conform to standard!"
          ]
        ],
        "info": 0,
        "failure": 10,
        "success": 0,
        "warning": 0
      }
    },
    "job_id": "2f241165-b029-4432-a769-69c7c6701315"
  }
},
{
  "model": "core.job",
  "pk": 15,
  "fields": {
    "object_type": [
      "extras",
      "report"
    ],
    "object_id": null,
    "name": "CheckDeviceNaming.DeviceHostnameReport",
    "created": "2022-12-22T16:16:43.248Z",
    "scheduled": null,
    "interval": null,
    "started": null,
    "completed": "2022-12-22T16:16:43.317Z",
    "user": [
      "nsonepseng"
    ],
    "status": "errored",
    "data": {
      "test_device_naming": {
        "log": [
          [
            "2022-12-22T16:16:43.317326+00:00",
            "failure",
            null,
            null,
            "An exception occurred: TypeError: match() missing 1 required positional argument: 'string' <pre>Traceback (most recent call last):\n  File \"/opt/netbox-3.3.10/netbox/extras/reports.py\", line 235, in run\n    test_method()\n  File \"/opt/netbox-3.3.10/netbox/reports/CheckDeviceNaming.py\", line 17, in test_device_naming\n    if re.match(str(device.site.name) + \"(-[a-z])\"):\nTypeError: match() missing 1 required positional argument: 'string'\n</pre>"
          ]
        ],
        "info": 0,
        "failure": 1,
        "success": 0,
        "warning": 0
      }
    },
    "job_id": "bf6bb86b-9921-44bf-9607-169ed2721e90"
  }
},
{
  "model": "core.job",
  "pk": 16,
  "fields": {
    "object_type": [
      "extras",
      "report"
    ],
    "object_id": null,
    "name": "CheckDeviceNaming.DeviceHostnameReport",
    "created": "2022-12-22T16:17:57.888Z",
    "scheduled": null,
    "interval": null,
    "started": null,
    "completed": "2022-12-22T16:17:57.947Z",
    "user": [
      "nsonepseng"
    ],
    "status": "errored",
    "data": {
      "test_device_naming": {
        "log": [
          [
            "2022-12-22T16:17:57.946521+00:00",
            "failure",
            null,
            null,
            "An exception occurred: TypeError: match() missing 1 required positional argument: 'string' <pre>Traceback (most recent call last):\n  File \"/opt/netbox-3.3.10/netbox/extras/reports.py\", line 235, in run\n    test_method()\n  File \"/opt/netbox-3.3.10/netbox/reports/CheckDeviceNaming.py\", line 17, in test_device_naming\n    if re.match(str(device.site.name)):\nTypeError: match() missing 1 required positional argument: 'string'\n</pre>"
          ]
        ],
        "info": 0,
        "failure": 1,
        "success": 0,
        "warning": 0
      }
    },
    "job_id": "a4d57fd3-3df3-4514-885e-2d6f71d4e7af"
  }
},
{
  "model": "core.job",
  "pk": 17,
  "fields": {
    "object_type": [
      "extras",
      "report"
    ],
    "object_id": null,
    "name": "ip-primary-missing.DeviceIPReport",
    "created": "2022-12-22T16:22:16.181Z",
    "scheduled": null,
    "interval": null,
    "started": null,
    "completed": "2022-12-22T16:22:16.395Z",
    "user": [
      "nsonepseng"
    ],
    "status": "failed",
    "data": {
      "test_primary_ip4": {
        "log": [
          [
            "2022-12-22T16:22:16.240753+00:00",
            "failure",
            "AUBRI01-AP-1",
            "/dcim/devices/5/",
            "Device is missing primary IPv4 and IPv6 address"
          ],
          [
            "2022-12-22T16:22:16.358719+00:00",
            "failure",
            "AUBRI01-AP-2",
            "/dcim/devices/6/",
            "Device is missing primary IPv4 and IPv6 address"
          ],
          [
            "2022-12-22T16:22:16.363623+00:00",
            "failure",
            "AUBRI01-CON-1",
            "/dcim/devices/4/",
            "Device is missing primary IPv4 and IPv6 address"
          ],
          [
            "2022-12-22T16:22:16.376328+00:00",
            "info",
            "AUBRI01-RTR-1",
            "/dcim/devices/1/",
            "Device is missing primary IPv6 address"
          ],
          [
            "2022-12-22T16:22:16.384204+00:00",
            "info",
            "AUBRI01-SW-1",
            "/dcim/devices/2/",
            "Device is missing primary IPv6 address"
          ],
          [
            "2022-12-22T16:22:16.388705+00:00",
            "info",
            "AUBRI01-VSP-1",
            "/dcim/devices/7/",
            "Device is missing primary IPv6 address"
          ],
          [
            "2022-12-22T16:22:16.394704+00:00",
            "info",
            "AUBRI01-VSP-2",
            "/dcim/devices/8/",
            "Device is missing primary IPv6 address"
          ]
        ],
        "info": 4,
        "failure": 3,
        "success": 3,
        "warning": 0
      }
    },
    "job_id": "c9281ec2-de30-4ef6-8ee9-f22cc1663683"
  }
},
{
  "model": "core.job",
  "pk": 18,
  "fields": {
    "object_type": [
      "extras",
      "report"
    ],
    "object_id": null,
    "name": "DeviceRackingReport.DeviceRackingReport",
    "created": "2022-12-22T16:24:17.447Z",
    "scheduled": null,
    "interval": null,
    "started": null,
    "completed": "2022-12-22T16:24:17.611Z",
    "user": [
      "nsonepseng"
    ],
    "status": "failed",
    "data": {
      "test_device_racking": {
        "log": [
          [
            "2022-12-22T16:24:17.505216+00:00",
            "failure",
            "AUBRI01-AP-1",
            "/dcim/devices/5/",
            "Device is not racked"
          ],
          [
            "2022-12-22T16:24:17.610575+00:00",
            "failure",
            "AUBRI01-AP-2",
            "/dcim/devices/6/",
            "Device is not racked"
          ]
        ],
        "info": 0,
        "failure": 2,
        "success": 8,
        "warning": 0
      }
    },
    "job_id": "99ceee5d-169e-4ffd-be73-de3af54e67ab"
  }
},
{
  "model": "core.job",
  "pk": 19,
  "fields": {
    "object_type": [
      "extras",
      "report"
    ],
    "object_id": null,
    "name": "ip-duplicate.UniqueIPReport",
    "created": "2022-12-22T16:33:14.514Z",
    "scheduled": null,
    "interval": null,
    "started": null,
    "completed": "2022-12-22T16:33:14.599Z",
    "user": [
      "nsonepseng"
    ],
    "status": "completed",
    "data": {
      "test_unique_ip": {
        "log": [],
        "info": 0,
        "failure": 0,
        "success": 0,
        "warning": 0
      }
    },
    "job_id": "2d7ed015-56e3-406c-86bd-675bb84b8044"
  }
},
{
  "model": "core.job",
  "pk": 20,
  "fields": {
    "object_type": [
      "extras",
      "report"
    ],
    "object_id": null,
    "name": "DeviceRackingReport.DeviceRackingReport",
    "created": "2022-12-22T16:35:30.098Z",
    "scheduled": null,
    "interval": null,
    "started": null,
    "completed": "2022-12-22T16:35:30.277Z",
    "user": [
      "nsonepseng"
    ],
    "status": "failed",
    "data": {
      "test_device_racking": {
        "log": [
          [
            "2022-12-22T16:35:30.167583+00:00",
            "failure",
            "AUBRI01-AP-1",
            "/dcim/devices/5/",
            "Device is not racked"
          ],
          [
            "2022-12-22T16:35:30.276374+00:00",
            "failure",
            "AUBRI01-AP-2",
            "/dcim/devices/6/",
            "Device is not racked"
          ]
        ],
        "info": 0,
        "failure": 2,
        "success": 8,
        "warning": 0
      }
    },
    "job_id": "5909ab2d-4e7e-450f-97e4-be71900ada6f"
  }
},
{
  "model": "core.job",
  "pk": 21,
  "fields": {
    "object_type": [
      "extras",
      "report"
    ],
    "object_id": null,
    "name": "DeviceRackingReport.DeviceRackingReport",
    "created": "2022-12-22T16:40:35.070Z",
    "scheduled": null,
    "interval": null,
    "started": null,
    "completed": "2022-12-22T16:40:35.238Z",
    "user": [
      "nsonepseng"
    ],
    "status": "failed",
    "data": {
      "test_device_racking": {
        "log": [
          [
            "2022-12-22T16:40:35.139331+00:00",
            "failure",
            "AUBRI01-AP-1",
            "/dcim/devices/5/",
            "Device is not racked"
          ],
          [
            "2022-12-22T16:40:35.238114+00:00",
            "failure",
            "AUBRI01-AP-2",
            "/dcim/devices/6/",
            "Device is not racked"
          ]
        ],
        "info": 0,
        "failure": 2,
        "success": 8,
        "warning": 0
      }
    },
    "job_id": "b693cc4f-543d-40be-b64c-f74aca20eeb2"
  }
},
{
  "model": "core.job",
  "pk": 22,
  "fields": {
    "object_type": [
      "extras",
      "report"
    ],
    "object_id": null,
    "name": "DeviceRackingReport.DeviceRackingReport",
    "created": "2022-12-22T16:41:08.544Z",
    "scheduled": null,
    "interval": null,
    "started": null,
    "completed": "2022-12-22T16:41:08.704Z",
    "user": [
      "nsonepseng"
    ],
    "status": "failed",
    "data": {
      "test_device_racking": {
        "log": [
          [
            "2022-12-22T16:41:08.602479+00:00",
            "failure",
            "AUBRI01-AP-1",
            "/dcim/devices/5/",
            "Device is not racked"
          ],
          [
            "2022-12-22T16:41:08.703625+00:00",
            "failure",
            "AUBRI01-AP-2",
            "/dcim/devices/6/",
            "Device is not racked"
          ]
        ],
        "info": 0,
        "failure": 2,
        "success": 8,
        "warning": 0
      }
    },
    "job_id": "bf0c30b0-fef8-420e-a585-7607aec6d1d1"
  }
},
{
  "model": "core.job",
  "pk": 23,
  "fields": {
    "object_type": [
      "extras",
      "report"
    ],
    "object_id": null,
    "name": "DeviceRackingReport.DeviceRackingReport",
    "created": "2022-12-22T16:42:22.628Z",
    "scheduled": null,
    "interval": null,
    "started": null,
    "completed": "2022-12-22T16:42:22.788Z",
    "user": [
      "nsonepseng"
    ],
    "status": "failed",
    "data": {
      "test_device_racking": {
        "log": [
          [
            "2022-12-22T16:42:22.683754+00:00",
            "failure",
            "AUBRI01-AP-1",
            "/dcim/devices/5/",
            "Device is not racked"
          ],
          [
            "2022-12-22T16:42:22.788218+00:00",
            "failure",
            "AUBRI01-AP-2",
            "/dcim/devices/6/",
            "Device is not racked"
          ]
        ],
        "info": 0,
        "failure": 2,
        "success": 8,
        "warning": 0
      }
    },
    "job_id": "221be0eb-7780-4737-8d86-12c666428869"
  }
},
{
  "model": "core.job",
  "pk": 24,
  "fields": {
    "object_type": [
      "extras",
      "report"
    ],
    "object_id": null,
    "name": "DeviceRackingReport.DeviceRackingReport",
    "created": "2022-12-22T16:42:29.894Z",
    "scheduled": null,
    "interval": null,
    "started": null,
    "completed": "2022-12-22T16:42:30.067Z",
    "user": [
      "nsonepseng"
    ],
    "status": "failed",
    "data": {
      "test_device_racking": {
        "log": [
          [
            "2022-12-22T16:42:29.953586+00:00",
            "failure",
            "AUBRI01-AP-1",
            "/dcim/devices/5/",
            "Device is not racked"
          ],
          [
            "2022-12-22T16:42:30.066726+00:00",
            "failure",
            "AUBRI01-AP-2",
            "/dcim/devices/6/",
            "Device is not racked"
          ]
        ],
        "info": 0,
        "failure": 2,
        "success": 8,
        "warning": 0
      }
    },
    "job_id": "f1a074f9-b87a-41e9-b7e2-6eb80535c656"
  }
},
{
  "model": "core.job",
  "pk": 25,
  "fields": {
    "object_type": [
      "extras",
      "report"
    ],
    "object_id": null,
    "name": "DeviceRackingReport.DeviceRackingReport",
    "created": "2022-12-22T16:43:04.617Z",
    "scheduled": null,
    "interval": null,
    "started": null,
    "completed": "2022-12-22T16:43:04.768Z",
    "user": [
      "nsonepseng"
    ],
    "status": "failed",
    "data": {
      "test_device_racking": {
        "log": [
          [
            "2022-12-22T16:43:04.675584+00:00",
            "failure",
            "AUBRI01-AP-1",
            "/dcim/devices/5/",
            "Device is not racked"
          ],
          [
            "2022-12-22T16:43:04.768045+00:00",
            "failure",
            "AUBRI01-AP-2",
            "/dcim/devices/6/",
            "Device is not racked"
          ]
        ],
        "info": 0,
        "failure": 2,
        "success": 8,
        "warning": 0
      }
    },
    "job_id": "434e828c-6289-49b7-b49d-01c87ab6a6f6"
  }
},
{
  "model": "core.job",
  "pk": 26,
  "fields": {
    "object_type": [
      "extras",
      "report"
    ],
    "object_id": null,
    "name": "CheckDeviceNaming.DeviceHostnameReport",
    "created": "2022-12-22T16:56:45.703Z",
    "scheduled": null,
    "interval": null,
    "started": null,
    "completed": "2022-12-22T16:56:45.767Z",
    "user": [
      "nsonepseng"
    ],
    "status": "errored",
    "data": {
      "test_device_naming": {
        "log": [
          [
            "2022-12-22T16:56:45.767141+00:00",
            "failure",
            null,
            null,
            "An exception occurred: TypeError: expected string or bytes-like object <pre>Traceback (most recent call last):\n  File \"/opt/netbox-3.3.10/netbox/extras/reports.py\", line 235, in run\n    test_method()\n  File \"/opt/netbox-3.3.10/netbox/reports/CheckDeviceNaming.py\", line 17, in test_device_naming\n    if re.match(\"AUBRI01-[a-zA-Z]+-[0-9]+\", re.IGNORECASE):\n  File \"/usr/lib/python3.8/re.py\", line 191, in match\n    return _compile(pattern, flags).match(string)\nTypeError: expected string or bytes-like object\n</pre>"
          ]
        ],
        "info": 0,
        "failure": 1,
        "success": 0,
        "warning": 0
      }
    },
    "job_id": "21df24d9-4f08-4817-bf6a-95affedad7fa"
  }
},
{
  "model": "core.job",
  "pk": 27,
  "fields": {
    "object_type": [
      "extras",
      "report"
    ],
    "object_id": null,
    "name": "CheckDeviceNaming.DeviceHostnameReport",
    "created": "2022-12-22T17:07:09.123Z",
    "scheduled": null,
    "interval": null,
    "started": null,
    "completed": "2022-12-22T17:07:09.178Z",
    "user": [
      "nsonepseng"
    ],
    "status": "errored",
    "data": {
      "test_device_naming": {
        "log": [
          [
            "2022-12-22T17:07:09.177496+00:00",
            "failure",
            null,
            null,
            "An exception occurred: TypeError: expected string or bytes-like object <pre>Traceback (most recent call last):\n  File \"/opt/netbox-3.3.10/netbox/extras/reports.py\", line 235, in run\n    test_method()\n  File \"/opt/netbox-3.3.10/netbox/reports/CheckDeviceNaming.py\", line 17, in test_device_naming\n    if re.match(\"str(device.site.name)-[a-zA-Z]+-[0-9]+\", re.IGNORECASE):\n  File \"/usr/lib/python3.8/re.py\", line 191, in match\n    return _compile(pattern, flags).match(string)\nTypeError: expected string or bytes-like object\n</pre>"
          ]
        ],
        "info": 0,
        "failure": 1,
        "success": 0,
        "warning": 0
      }
    },
    "job_id": "946b9ee0-1cc3-45d3-b9e1-5a6f119b7c61"
  }
},
{
  "model": "core.job",
  "pk": 28,
  "fields": {
    "object_type": [
      "extras",
      "report"
    ],
    "object_id": null,
    "name": "CheckDeviceNaming.DeviceHostnameReport",
    "created": "2022-12-22T17:07:15.915Z",
    "scheduled": null,
    "interval": null,
    "started": null,
    "completed": "2022-12-22T17:07:15.971Z",
    "user": [
      "nsonepseng"
    ],
    "status": "errored",
    "data": {
      "test_device_naming": {
        "log": [
          [
            "2022-12-22T17:07:15.971271+00:00",
            "failure",
            null,
            null,
            "An exception occurred: TypeError: expected string or bytes-like object <pre>Traceback (most recent call last):\n  File \"/opt/netbox-3.3.10/netbox/extras/reports.py\", line 235, in run\n    test_method()\n  File \"/opt/netbox-3.3.10/netbox/reports/CheckDeviceNaming.py\", line 17, in test_device_naming\n    if re.match(\"str(device.site.name)-[a-zA-Z]+-[0-9]+\", re.IGNORECASE):\n  File \"/usr/lib/python3.8/re.py\", line 191, in match\n    return _compile(pattern, flags).match(string)\nTypeError: expected string or bytes-like object\n</pre>"
          ]
        ],
        "info": 0,
        "failure": 1,
        "success": 0,
        "warning": 0
      }
    },
    "job_id": "50d67e54-1233-4531-bcba-292a42c25d7b"
  }
},
{
  "model": "core.job",
  "pk": 29,
  "fields": {
    "object_type": [
      "extras",
      "report"
    ],
    "object_id": null,
    "name": "CheckDeviceNaming.DeviceHostnameReport",
    "created": "2022-12-22T17:08:21.097Z",
    "scheduled": null,
    "interval": null,
    "started": null,
    "completed": "2022-12-22T17:08:21.175Z",
    "user": [
      "nsonepseng"
    ],
    "status": "errored",
    "data": {
      "test_device_naming": {
        "log": [
          [
            "2022-12-22T17:08:21.174389+00:00",
            "failure",
            null,
            null,
            "An exception occurred: TypeError: expected string or bytes-like object <pre>Traceback (most recent call last):\n  File \"/opt/netbox-3.3.10/netbox/extras/reports.py\", line 235, in run\n    test_method()\n  File \"/opt/netbox-3.3.10/netbox/reports/CheckDeviceNaming.py\", line 17, in test_device_naming\n    if re.match(str(device.site.name) + \"-[a-zA-Z]+-[0-9]+\", re.IGNORECASE):\n  File \"/usr/lib/python3.8/re.py\", line 191, in match\n    return _compile(pattern, flags).match(string)\nTypeError: expected string or bytes-like object\n</pre>"
          ]
        ],
        "info": 0,
        "failure": 1,
        "success": 0,
        "warning": 0
      }
    },
    "job_id": "0b38d8e1-c096-4419-a443-d72cbf9cf106"
  }
},
{
  "model": "core.job",
  "pk": 30,
  "fields": {
    "object_type": [
      "extras",
      "report"
    ],
    "object_id": null,
    "name": "CheckDeviceNaming.DeviceHostnameReport",
    "created": "2022-12-22T17:10:02.189Z",
    "scheduled": null,
    "interval": null,
    "started": null,
    "completed": "2022-12-22T17:10:02.274Z",
    "user": [
      "nsonepseng"
    ],
    "status": "errored",
    "data": {
      "test_device_naming": {
        "log": [
          [
            "2022-12-22T17:10:02.272893+00:00",
            "failure",
            null,
            null,
            "An exception occurred: TypeError: expected string or bytes-like object <pre>Traceback (most recent call last):\n  File \"/opt/netbox-3.3.10/netbox/extras/reports.py\", line 235, in run\n    test_method()\n  File \"/opt/netbox-3.3.10/netbox/reports/CheckDeviceNaming.py\", line 17, in test_device_naming\n    if re.match(r\"AUBRI01-[a-zA-Z]+-[0-9]+\", re.IGNORECASE):\n  File \"/usr/lib/python3.8/re.py\", line 191, in match\n    return _compile(pattern, flags).match(string)\nTypeError: expected string or bytes-like object\n</pre>"
          ]
        ],
        "info": 0,
        "failure": 1,
        "success": 0,
        "warning": 0
      }
    },
    "job_id": "7bda55a0-3d2b-46fc-9b52-b5e246d83335"
  }
},
{
  "model": "core.job",
  "pk": 31,
  "fields": {
    "object_type": [
      "extras",
      "report"
    ],
    "object_id": null,
    "name": "CheckDeviceNaming.DeviceHostnameReport",
    "created": "2022-12-22T17:10:09.402Z",
    "scheduled": null,
    "interval": null,
    "started": null,
    "completed": "2022-12-22T17:10:09.464Z",
    "user": [
      "nsonepseng"
    ],
    "status": "errored",
    "data": {
      "test_device_naming": {
        "log": [
          [
            "2022-12-22T17:10:09.463570+00:00",
            "failure",
            null,
            null,
            "An exception occurred: TypeError: expected string or bytes-like object <pre>Traceback (most recent call last):\n  File \"/opt/netbox-3.3.10/netbox/extras/reports.py\", line 235, in run\n    test_method()\n  File \"/opt/netbox-3.3.10/netbox/reports/CheckDeviceNaming.py\", line 17, in test_device_naming\n    if re.match(r\"AUBRI01-[a-zA-Z]+-[0-9]+\", re.IGNORECASE):\n  File \"/usr/lib/python3.8/re.py\", line 191, in match\n    return _compile(pattern, flags).match(string)\nTypeError: expected string or bytes-like object\n</pre>"
          ]
        ],
        "info": 0,
        "failure": 1,
        "success": 0,
        "warning": 0
      }
    },
    "job_id": "98b4ac40-79fa-4544-b696-8788e337c4ae"
  }
},
{
  "model": "core.job",
  "pk": 32,
  "fields": {
    "object_type": [
      "extras",
      "report"
    ],
    "object_id": null,
    "name": "CheckDeviceNaming.DeviceHostnameReport",
    "created": "2022-12-22T17:13:28.411Z",
    "scheduled": null,
    "interval": null,
    "started": null,
    "completed": "2022-12-22T17:13:28.493Z",
    "user": [
      "nsonepseng"
    ],
    "status": "errored",
    "data": {
      "test_device_naming": {
        "log": [
          [
            "2022-12-22T17:13:28.492323+00:00",
            "failure",
            null,
            null,
            "An exception occurred: TypeError: expected string or bytes-like object <pre>Traceback (most recent call last):\n  File \"/opt/netbox-3.3.10/netbox/extras/reports.py\", line 235, in run\n    test_method()\n  File \"/opt/netbox-3.3.10/netbox/reports/CheckDeviceNaming.py\", line 17, in test_device_naming\n    if re.match(str(device.site.name) + \"-[a-zA-Z]+-[0-9]+\", re.IGNORECASE):\n  File \"/usr/lib/python3.8/re.py\", line 191, in match\n    return _compile(pattern, flags).match(string)\nTypeError: expected string or bytes-like object\n</pre>"
          ]
        ],
        "info": 0,
        "failure": 1,
        "success": 0,
        "warning": 0
      }
    },
    "job_id": "69a69d86-984e-4163-bdef-4e0cec26fa7d"
  }
},
{
  "model": "core.job",
  "pk": 33,
  "fields": {
    "object_type": [
      "extras",
      "report"
    ],
    "object_id": null,
    "name": "CheckDeviceNaming.DeviceHostnameReport",
    "created": "2022-12-22T17:16:46.410Z",
    "scheduled": null,
    "interval": null,
    "started": null,
    "completed": "2022-12-22T17:16:46.470Z",
    "user": [
      "nsonepseng"
    ],
    "status": "errored",
    "data": {
      "test_device_naming": {
        "log": [
          [
            "2022-12-22T17:16:46.468939+00:00",
            "failure",
            null,
            null,
            "An exception occurred: TypeError: expected string or bytes-like object <pre>Traceback (most recent call last):\n  File \"/opt/netbox-3.3.10/netbox/extras/reports.py\", line 235, in run\n    test_method()\n  File \"/opt/netbox-3.3.10/netbox/reports/CheckDeviceNaming.py\", line 17, in test_device_naming\n    if re.match(\"str(device.site.name)\" + \"-[a-zA-Z]+-[0-9]+\", re.IGNORECASE):\n  File \"/usr/lib/python3.8/re.py\", line 191, in match\n    return _compile(pattern, flags).match(string)\nTypeError: expected string or bytes-like object\n</pre>"
          ]
        ],
        "info": 0,
        "failure": 1,
        "success": 0,
        "warning": 0
      }
    },
    "job_id": "c5eebc90-4a0f-4ef2-a35d-250d9896c250"
  }
},
{
  "model": "core.job",
  "pk": 34,
  "fields": {
    "object_type": [
      "extras",
      "report"
    ],
    "object_id": null,
    "name": "CheckDeviceNaming.DeviceHostnameReport",
    "created": "2022-12-22T17:22:53.512Z",
    "scheduled": null,
    "interval": null,
    "started": null,
    "completed": "2022-12-22T17:22:53.569Z",
    "user": [
      "nsonepseng"
    ],
    "status": "errored",
    "data": {
      "test_device_naming": {
        "log": [
          [
            "2022-12-22T17:22:53.568726+00:00",
            "failure",
            null,
            null,
            "An exception occurred: TypeError: expected string or bytes-like object <pre>Traceback (most recent call last):\n  File \"/opt/netbox-3.3.10/netbox/extras/reports.py\", line 235, in run\n    test_method()\n  File \"/opt/netbox-3.3.10/netbox/reports/CheckDeviceNaming.py\", line 17, in test_device_naming\n    if re.match(r\"AUBRI01-[a-zA-Z]+-[0-9]+\", re.IGNORECASE):\n  File \"/usr/lib/python3.8/re.py\", line 191, in match\n    return _compile(pattern, flags).match(string)\nTypeError: expected string or bytes-like object\n</pre>"
          ]
        ],
        "info": 0,
        "failure": 1,
        "success": 0,
        "warning": 0
      }
    },
    "job_id": "bb5354ee-6ffe-4d6f-8cc2-262efe48c621"
  }
},
{
  "model": "core.job",
  "pk": 35,
  "fields": {
    "object_type": [
      "extras",
      "report"
    ],
    "object_id": null,
    "name": "CheckDeviceNaming.DeviceHostnameReport",
    "created": "2022-12-22T17:23:53.041Z",
    "scheduled": null,
    "interval": null,
    "started": null,
    "completed": "2022-12-22T17:23:53.109Z",
    "user": [
      "nsonepseng"
    ],
    "status": "errored",
    "data": {
      "test_device_naming": {
        "log": [
          [
            "2022-12-22T17:23:53.108808+00:00",
            "failure",
            null,
            null,
            "An exception occurred: TypeError: expected string or bytes-like object <pre>Traceback (most recent call last):\n  File \"/opt/netbox-3.3.10/netbox/extras/reports.py\", line 235, in run\n    test_method()\n  File \"/opt/netbox-3.3.10/netbox/reports/CheckDeviceNaming.py\", line 17, in test_device_naming\n    if re.match(\"AUBRI01-[a-zA-Z]+-[0-9]+\", re.IGNORECASE):\n  File \"/usr/lib/python3.8/re.py\", line 191, in match\n    return _compile(pattern, flags).match(string)\nTypeError: expected string or bytes-like object\n</pre>"
          ]
        ],
        "info": 0,
        "failure": 1,
        "success": 0,
        "warning": 0
      }
    },
    "job_id": "1c9023ba-56f8-4f29-a9a7-844ac23530d5"
  }
},
{
  "model": "core.job",
  "pk": 36,
  "fields": {
    "object_type": [
      "extras",
      "report"
    ],
    "object_id": null,
    "name": "CheckDeviceNaming.DeviceHostnameReport",
    "created": "2022-12-22T17:30:47.961Z",
    "scheduled": null,
    "interval": null,
    "started": null,
    "completed": "2022-12-22T17:30:48.017Z",
    "user": [
      "nsonepseng"
    ],
    "status": "errored",
    "data": {
      "test_device_naming": {
        "log": [
          [
            "2022-12-22T17:30:48.016507+00:00",
            "failure",
            null,
            null,
            "An exception occurred: TypeError: expected string or bytes-like object <pre>Traceback (most recent call last):\n  File \"/opt/netbox-3.3.10/netbox/extras/reports.py\", line 235, in run\n    test_method()\n  File \"/opt/netbox-3.3.10/netbox/reports/CheckDeviceNaming.py\", line 17, in test_device_naming\n    if re.match(\"AUBRI01\" + \"-[a-zA-Z]+-[0-9]+\", re.IGNORECASE):\n  File \"/usr/lib/python3.8/re.py\", line 191, in match\n    return _compile(pattern, flags).match(string)\nTypeError: expected string or bytes-like object\n</pre>"
          ]
        ],
        "info": 0,
        "failure": 1,
        "success": 0,
        "warning": 0
      }
    },
    "job_id": "5e3bdca4-3e78-426b-94b7-5ab81ecd26cc"
  }
},
{
  "model": "core.job",
  "pk": 37,
  "fields": {
    "object_type": [
      "extras",
      "report"
    ],
    "object_id": null,
    "name": "CheckDeviceNaming.DeviceHostnameReport",
    "created": "2022-12-22T17:32:21.212Z",
    "scheduled": null,
    "interval": null,
    "started": null,
    "completed": "2022-12-22T17:32:21.279Z",
    "user": [
      "nsonepseng"
    ],
    "status": "errored",
    "data": {
      "test_device_naming": {
        "log": [
          [
            "2022-12-22T17:32:21.278500+00:00",
            "failure",
            null,
            null,
            "An exception occurred: TypeError: expected string or bytes-like object <pre>Traceback (most recent call last):\n  File \"/opt/netbox-3.3.10/netbox/extras/reports.py\", line 235, in run\n    test_method()\n  File \"/opt/netbox-3.3.10/netbox/reports/CheckDeviceNaming.py\", line 17, in test_device_naming\n    if re.match(str(device.site.name) + \"-[a-zA-Z]+-[0-9]+\", re.IGNORECASE):\n  File \"/usr/lib/python3.8/re.py\", line 191, in match\n    return _compile(pattern, flags).match(string)\nTypeError: expected string or bytes-like object\n</pre>"
          ]
        ],
        "info": 0,
        "failure": 1,
        "success": 0,
        "warning": 0
      }
    },
    "job_id": "3ccb62a2-8680-4cb4-87ce-666fc52df4db"
  }
},
{
  "model": "core.job",
  "pk": 38,
  "fields": {
    "object_type": [
      "extras",
      "report"
    ],
    "object_id": null,
    "name": "CheckDeviceNaming.DeviceHostnameReport",
    "created": "2022-12-22T17:34:54.079Z",
    "scheduled": null,
    "interval": null,
    "started": null,
    "completed": "2022-12-22T17:34:54.144Z",
    "user": [
      "nsonepseng"
    ],
    "status": "completed",
    "data": {
      "test_device_naming": {
        "log": [],
        "info": 0,
        "failure": 0,
        "success": 10,
        "warning": 0
      }
    },
    "job_id": "1fb1ffd8-c919-4af1-8d28-c0dffd501058"
  }
},
{
  "model": "core.job",
  "pk": 39,
  "fields": {
    "object_type": [
      "extras",
      "report"
    ],
    "object_id": null,
    "name": "CheckDeviceNaming.DeviceHostnameReport",
    "created": "2022-12-22T17:46:52.809Z",
    "scheduled": null,
    "interval": null,
    "started": null,
    "completed": "2022-12-22T17:46:52.886Z",
    "user": [
      "nsonepseng"
    ],
    "status": "completed",
    "data": {
      "test_device_naming": {
        "log": [],
        "info": 0,
        "failure": 0,
        "success": 10,
        "warning": 0
      }
    },
    "job_id": "3caa0425-d343-4df3-b1ff-d3d7dfb208d3"
  }
},
{
  "model": "core.job",
  "pk": 40,
  "fields": {
    "object_type": [
      "extras",
      "report"
    ],
    "object_id": null,
    "name": "CheckDeviceNaming.DeviceHostnameReport",
    "created": "2022-12-22T17:47:18.942Z",
    "scheduled": null,
    "interval": null,
    "started": null,
    "completed": "2022-12-22T17:47:19.015Z",
    "user": [
      "nsonepseng"
    ],
    "status": "completed",
    "data": {
      "test_device_naming": {
        "log": [],
        "info": 0,
        "failure": 0,
        "success": 10,
        "warning": 0
      }
    },
    "job_id": "93d807a5-ef96-4b94-b30a-b6309a34cf33"
  }
},
{
  "model": "core.job",
  "pk": 41,
  "fields": {
    "object_type": [
      "extras",
      "report"
    ],
    "object_id": null,
    "name": "CheckDeviceNaming.DeviceHostnameReport",
    "created": "2022-12-22T17:47:48.940Z",
    "scheduled": null,
    "interval": null,
    "started": null,
    "completed": "2022-12-22T17:47:49.013Z",
    "user": [
      "nsonepseng"
    ],
    "status": "completed",
    "data": {
      "test_device_naming": {
        "log": [],
        "info": 0,
        "failure": 0,
        "success": 10,
        "warning": 0
      }
    },
    "job_id": "e01ae070-b808-41de-89f2-5f0b3cc7bde1"
  }
},
{
  "model": "core.job",
  "pk": 42,
  "fields": {
    "object_type": [
      "extras",
      "report"
    ],
    "object_id": null,
    "name": "ip-primary-missing.DeviceIPReport",
    "created": "2022-12-22T17:48:00.117Z",
    "scheduled": null,
    "interval": null,
    "started": null,
    "completed": "2022-12-22T17:48:00.365Z",
    "user": [
      "nsonepseng"
    ],
    "status": "failed",
    "data": {
      "test_primary_ip4": {
        "log": [
          [
            "2022-12-22T17:48:00.177908+00:00",
            "failure",
            "AUBRI01-AP-1",
            "/dcim/devices/5/",
            "Device is missing primary IPv4 and IPv6 address"
          ],
          [
            "2022-12-22T17:48:00.327176+00:00",
            "failure",
            "AUBRI01-AP-2",
            "/dcim/devices/6/",
            "Device is missing primary IPv4 and IPv6 address"
          ],
          [
            "2022-12-22T17:48:00.332275+00:00",
            "failure",
            "AUBRI01-CON-1",
            "/dcim/devices/4/",
            "Device is missing primary IPv4 and IPv6 address"
          ],
          [
            "2022-12-22T17:48:00.345926+00:00",
            "info",
            "AUBRI01-RTR-1",
            "/dcim/devices/1/",
            "Device is missing primary IPv6 address"
          ],
          [
            "2022-12-22T17:48:00.354222+00:00",
            "info",
            "AUBRI01-SW-1",
            "/dcim/devices/2/",
            "Device is missing primary IPv6 address"
          ],
          [
            "2022-12-22T17:48:00.358962+00:00",
            "info",
            "AUBRI01-VSP-1",
            "/dcim/devices/7/",
            "Device is missing primary IPv6 address"
          ],
          [
            "2022-12-22T17:48:00.363758+00:00",
            "info",
            "AUBRI01-VSP-2",
            "/dcim/devices/8/",
            "Device is missing primary IPv6 address"
          ]
        ],
        "info": 4,
        "failure": 3,
        "success": 3,
        "warning": 0
      }
    },
    "job_id": "72fdd809-7104-4dcd-acdd-9561cad90188"
  }
},
{
  "model": "core.job",
  "pk": 43,
  "fields": {
    "object_type": [
      "extras",
      "report"
    ],
    "object_id": null,
    "name": "DeviceRackingReport.DeviceRackingReport",
    "created": "2022-12-22T17:49:43.566Z",
    "scheduled": null,
    "interval": null,
    "started": null,
    "completed": "2022-12-22T17:49:43.706Z",
    "user": [
      "nsonepseng"
    ],
    "status": "failed",
    "data": {
      "test_device_racking": {
        "log": [
          [
            "2022-12-22T17:49:43.615931+00:00",
            "failure",
            "AUBRI01-AP-1",
            "/dcim/devices/5/",
            "Device is not racked"
          ],
          [
            "2022-12-22T17:49:43.705106+00:00",
            "failure",
            "AUBRI01-AP-2",
            "/dcim/devices/6/",
            "Device is not racked"
          ]
        ],
        "info": 0,
        "failure": 2,
        "success": 8,
        "warning": 0
      }
    },
    "job_id": "ab18df8d-b4f8-40f8-a107-739a47628f7a"
  }
},
{
  "model": "core.job",
  "pk": 44,
  "fields": {
    "object_type": [
      "extras",
      "report"
    ],
    "object_id": null,
    "name": "DeviceRackingReport.DeviceRackingReport",
    "created": "2022-12-22T17:53:33.345Z",
    "scheduled": null,
    "interval": null,
    "started": null,
    "completed": "2022-12-22T17:53:33.497Z",
    "user": [
      "nsonepseng"
    ],
    "status": "failed",
    "data": {
      "test_device_racking": {
        "log": [
          [
            "2022-12-22T17:53:33.402679+00:00",
            "failure",
            "AUBRI01-AP-1",
            "/dcim/devices/5/",
            "Device is not racked"
          ],
          [
            "2022-12-22T17:53:33.497202+00:00",
            "failure",
            "AUBRI01-AP-2",
            "/dcim/devices/6/",
            "Device is not racked"
          ]
        ],
        "info": 0,
        "failure": 2,
        "success": 8,
        "warning": 0
      }
    },
    "job_id": "6ecdf5fe-0cf1-40d5-96ae-6a38c4e260d8"
  }
},
{
  "model": "core.job",
  "pk": 45,
  "fields": {
    "object_type": [
      "extras",
      "report"
    ],
    "object_id": null,
    "name": "ip-primary-missing.DeviceIPReport",
    "created": "2022-12-22T18:25:38.737Z",
    "scheduled": null,
    "interval": null,
    "started": null,
    "completed": "2022-12-22T18:25:38.944Z",
    "user": [
      "nsonepseng"
    ],
    "status": "failed",
    "data": {
      "test_primary_ip4": {
        "log": [
          [
            "2022-12-22T18:25:38.801575+00:00",
            "failure",
            "AUBRI01-AP-1",
            "/dcim/devices/5/",
            "Device is missing primary IPv4 and IPv6 address"
          ],
          [
            "2022-12-22T18:25:38.906971+00:00",
            "failure",
            "AUBRI01-AP-2",
            "/dcim/devices/6/",
            "Device is missing primary IPv4 and IPv6 address"
          ],
          [
            "2022-12-22T18:25:38.911406+00:00",
            "failure",
            "AUBRI01-CON-1",
            "/dcim/devices/4/",
            "Device is missing primary IPv4 and IPv6 address"
          ],
          [
            "2022-12-22T18:25:38.923432+00:00",
            "info",
            "AUBRI01-RTR-1",
            "/dcim/devices/1/",
            "Device is missing primary IPv6 address"
          ],
          [
            "2022-12-22T18:25:38.931603+00:00",
            "info",
            "AUBRI01-SW-1",
            "/dcim/devices/2/",
            "Device is missing primary IPv6 address"
          ],
          [
            "2022-12-22T18:25:38.937135+00:00",
            "info",
            "AUBRI01-VSP-1",
            "/dcim/devices/7/",
            "Device is missing primary IPv6 address"
          ],
          [
            "2022-12-22T18:25:38.943118+00:00",
            "info",
            "AUBRI01-VSP-2",
            "/dcim/devices/8/",
            "Device is missing primary IPv6 address"
          ]
        ],
        "info": 4,
        "failure": 3,
        "success": 3,
        "warning": 0
      }
    },
    "job_id": "7c56a2b6-e297-4a9d-8aad-cb7d1f814a8a"
  }
},
{
  "model": "core.job",
  "pk": 46,
  "fields": {
    "object_type": [
      "extras",
      "report"
    ],
    "object_id": null,
    "name": "CheckDeviceNaming.DeviceHostnameReport",
    "created": "2022-12-22T18:25:53.941Z",
    "scheduled": null,
    "interval": null,
    "started": null,
    "completed": "2022-12-22T18:25:54.001Z",
    "user": [
      "nsonepseng"
    ],
    "status": "completed",
    "data": {
      "test_device_naming": {
        "log": [],
        "info": 0,
        "failure": 0,
        "success": 10,
        "warning": 0
      }
    },
    "job_id": "4d927089-845c-422b-b03b-033c64539520"
  }
},
{
  "model": "core.job",
  "pk": 47,
  "fields": {
    "object_type": [
      "extras",
      "report"
    ],
    "object_id": null,
    "name": "ip-primary-missing.DeviceIPReport",
    "created": "2022-12-22T19:16:16.467Z",
    "scheduled": null,
    "interval": null,
    "started": null,
    "completed": "2022-12-22T19:16:16.724Z",
    "user": [
      "nsonepseng"
    ],
    "status": "failed",
    "data": {
      "test_primary_ip4": {
        "log": [
          [
            "2022-12-22T19:16:16.529556+00:00",
            "failure",
            "AUBRI01-AP-1",
            "/dcim/devices/5/",
            "Device is missing primary IPv4 and IPv6 address"
          ],
          [
            "2022-12-22T19:16:16.683809+00:00",
            "failure",
            "AUBRI01-AP-2",
            "/dcim/devices/6/",
            "Device is missing primary IPv4 and IPv6 address"
          ],
          [
            "2022-12-22T19:16:16.689686+00:00",
            "failure",
            "AUBRI01-CON-1",
            "/dcim/devices/4/",
            "Device is missing primary IPv4 and IPv6 address"
          ],
          [
            "2022-12-22T19:16:16.704638+00:00",
            "info",
            "AUBRI01-RTR-1",
            "/dcim/devices/1/",
            "Device is missing primary IPv6 address"
          ],
          [
            "2022-12-22T19:16:16.712038+00:00",
            "info",
            "AUBRI01-SW-1",
            "/dcim/devices/2/",
            "Device is missing primary IPv6 address"
          ],
          [
            "2022-12-22T19:16:16.717755+00:00",
            "info",
            "AUBRI01-VSP-1",
            "/dcim/devices/7/",
            "Device is missing primary IPv6 address"
          ],
          [
            "2022-12-22T19:16:16.723500+00:00",
            "info",
            "AUBRI01-VSP-2",
            "/dcim/devices/8/",
            "Device is missing primary IPv6 address"
          ]
        ],
        "info": 4,
        "failure": 3,
        "success": 3,
        "warning": 0
      }
    },
    "job_id": "72d4e9bc-00b5-4f8a-b2ca-aa7c5a4691cc"
  }
},
{
  "model": "core.job",
  "pk": 48,
  "fields": {
    "object_type": [
      "extras",
      "report"
    ],
    "object_id": null,
    "name": "CheckDeviceNaming.DeviceHostnameReport",
    "created": "2022-12-22T19:56:41.254Z",
    "scheduled": null,
    "interval": null,
    "started": null,
    "completed": "2022-12-22T19:56:41.318Z",
    "user": [
      "nsonepseng"
    ],
    "status": "completed",
    "data": {
      "test_device_naming": {
        "log": [],
        "info": 0,
        "failure": 0,
        "success": 10,
        "warning": 0
      }
    },
    "job_id": "e297c5b2-9200-44aa-8c7d-3b5269fc1e15"
  }
},
{
  "model": "core.job",
  "pk": 49,
  "fields": {
    "object_type": [
      "extras",
      "report"
    ],
    "object_id": null,
    "name": "ip-primary-missing.DeviceIPReport",
    "created": "2022-12-23T08:03:03.334Z",
    "scheduled": null,
    "interval": null,
    "started": null,
    "completed": "2022-12-23T08:03:03.531Z",
    "user": [
      "susan"
    ],
    "status": "failed",
    "data": {
      "test_primary_ip4": {
        "log": [
          [
            "2022-12-23T08:03:03.395324+00:00",
            "failure",
            "AUBRI01-AP-1",
            "/dcim/devices/5/",
            "Device is missing primary IPv4 and IPv6 address"
          ],
          [
            "2022-12-23T08:03:03.496002+00:00",
            "failure",
            "AUBRI01-AP-2",
            "/dcim/devices/6/",
            "Device is missing primary IPv4 and IPv6 address"
          ],
          [
            "2022-12-23T08:03:03.499794+00:00",
            "failure",
            "AUBRI01-CON-1",
            "/dcim/devices/4/",
            "Device is missing primary IPv4 and IPv6 address"
          ],
          [
            "2022-12-23T08:03:03.510831+00:00",
            "info",
            "AUBRI01-RTR-1",
            "/dcim/devices/1/",
            "Device is missing primary IPv6 address"
          ],
          [
            "2022-12-23T08:03:03.519906+00:00",
            "info",
            "AUBRI01-SW-1",
            "/dcim/devices/2/",
            "Device is missing primary IPv6 address"
          ],
          [
            "2022-12-23T08:03:03.525422+00:00",
            "info",
            "AUBRI01-VSP-1",
            "/dcim/devices/7/",
            "Device is missing primary IPv6 address"
          ],
          [
            "2022-12-23T08:03:03.530788+00:00",
            "info",
            "AUBRI01-VSP-2",
            "/dcim/devices/8/",
            "Device is missing primary IPv6 address"
          ]
        ],
        "info": 4,
        "failure": 3,
        "success": 3,
        "warning": 0
      }
    },
    "job_id": "3ff7a973-ecec-4725-9210-18bd68a4fccf"
  }
},
{
  "model": "core.job",
  "pk": 50,
  "fields": {
    "object_type": [
      "extras",
      "report"
    ],
    "object_id": null,
    "name": "CheckDeviceNaming.DeviceHostnameReport",
    "created": "2022-12-23T08:05:40.189Z",
    "scheduled": null,
    "interval": null,
    "started": null,
    "completed": "2022-12-23T08:05:40.259Z",
    "user": [
      "susan"
    ],
    "status": "completed",
    "data": {
      "test_device_naming": {
        "log": [],
        "info": 0,
        "failure": 0,
        "success": 10,
        "warning": 0
      }
    },
    "job_id": "1631780e-5d00-4ade-bb94-a4e151922d17"
  }
},
{
  "model": "core.job",
  "pk": 51,
  "fields": {
    "object_type": [
      "extras",
      "report"
    ],
    "object_id": null,
    "name": "ip-primary-missing.DeviceIPReport",
    "created": "2022-12-23T08:14:20.913Z",
    "scheduled": null,
    "interval": null,
    "started": null,
    "completed": "2022-12-23T08:14:21.120Z",
    "user": [
      "susan"
    ],
    "status": "failed",
    "data": {
      "test_primary_ip4": {
        "log": [
          [
            "2022-12-23T08:14:20.972557+00:00",
            "failure",
            "AUBRI01-AP-1",
            "/dcim/devices/5/",
            "Device is missing primary IPv4 and IPv6 address"
          ],
          [
            "2022-12-23T08:14:21.076203+00:00",
            "failure",
            "AUBRI01-AP-2",
            "/dcim/devices/6/",
            "Device is missing primary IPv4 and IPv6 address"
          ],
          [
            "2022-12-23T08:14:21.082448+00:00",
            "failure",
            "AUBRI01-CON-1",
            "/dcim/devices/4/",
            "Device is missing primary IPv4 and IPv6 address"
          ],
          [
            "2022-12-23T08:14:21.097976+00:00",
            "info",
            "AUBRI01-RTR-1",
            "/dcim/devices/1/",
            "Device is missing primary IPv6 address"
          ],
          [
            "2022-12-23T08:14:21.107232+00:00",
            "info",
            "AUBRI01-SW-1",
            "/dcim/devices/2/",
            "Device is missing primary IPv6 address"
          ],
          [
            "2022-12-23T08:14:21.113580+00:00",
            "info",
            "AUBRI01-VSP-1",
            "/dcim/devices/7/",
            "Device is missing primary IPv6 address"
          ],
          [
            "2022-12-23T08:14:21.119125+00:00",
            "info",
            "AUBRI01-VSP-2",
            "/dcim/devices/8/",
            "Device is missing primary IPv6 address"
          ]
        ],
        "info": 4,
        "failure": 3,
        "success": 3,
        "warning": 0
      }
    },
    "job_id": "8cc9bde5-92c1-43cc-a8f7-120e9789a714"
  }
},
{
  "model": "core.job",
  "pk": 52,
  "fields": {
    "object_type": [
      "extras",
      "report"
    ],
    "object_id": null,
    "name": "CheckDeviceNaming.DeviceHostnameReport",
    "created": "2022-12-23T08:16:36.697Z",
    "scheduled": null,
    "interval": null,
    "started": null,
    "completed": "2022-12-23T08:16:36.770Z",
    "user": [
      "susan"
    ],
    "status": "completed",
    "data": {
      "test_device_naming": {
        "log": [],
        "info": 0,
        "failure": 0,
        "success": 10,
        "warning": 0
      }
    },
    "job_id": "a4b3b0a7-ae46-4d3c-938b-b78af16be1ad"
  }
},
{
  "model": "core.job",
  "pk": 53,
  "fields": {
    "object_type": [
      "extras",
      "report"
    ],
    "object_id": null,
    "name": "CheckDeviceNaming.DeviceHostnameReport",
    "created": "2023-02-17T12:57:29.985Z",
    "scheduled": null,
    "interval": null,
    "started": null,
    "completed": "2023-02-17T12:57:30.052Z",
    "user": [
      "nsonepseng"
    ],
    "status": "completed",
    "data": {
      "test_device_naming": {
        "log": [],
        "info": 0,
        "failure": 0,
        "success": 10,
        "warning": 0
      }
    },
    "job_id": "b351c0e1-5de4-408b-af9e-0e76944b0553"
  }
},
{
  "model": "core.job",
  "pk": 54,
  "fields": {
    "object_type": [
      "extras",
      "report"
    ],
    "object_id": null,
    "name": "ip-primary-missing.DeviceIPReport",
    "created": "2023-02-17T12:57:55.209Z",
    "scheduled": null,
    "interval": null,
    "started": null,
    "completed": "2023-02-17T12:57:55.346Z",
    "user": [
      "nsonepseng"
    ],
    "status": "failed",
    "data": {
      "test_primary_ip4": {
        "log": [
          [
            "2023-02-17T12:57:55.254673+00:00",
            "failure",
            "AUBRI01-AP-1",
            "/dcim/devices/5/",
            "Device is missing primary IPv4 and IPv6 address"
          ],
          [
            "2023-02-17T12:57:55.328974+00:00",
            "failure",
            "AUBRI01-AP-2",
            "/dcim/devices/6/",
            "Device is missing primary IPv4 and IPv6 address"
          ],
          [
            "2023-02-17T12:57:55.331274+00:00",
            "failure",
            "AUBRI01-CON-1",
            "/dcim/devices/4/",
            "Device is missing primary IPv4 and IPv6 address"
          ],
          [
            "2023-02-17T12:57:55.337130+00:00",
            "info",
            "AUBRI01-RTR-1",
            "/dcim/devices/1/",
            "Device is missing primary IPv6 address"
          ],
          [
            "2023-02-17T12:57:55.341072+00:00",
            "info",
            "AUBRI01-SW-1",
            "/dcim/devices/2/",
            "Device is missing primary IPv6 address"
          ],
          [
            "2023-02-17T12:57:55.343641+00:00",
            "info",
            "AUBRI01-VSP-1",
            "/dcim/devices/7/",
            "Device is missing primary IPv6 address"
          ],
          [
            "2023-02-17T12:57:55.345917+00:00",
            "info",
            "AUBRI01-VSP-2",
            "/dcim/devices/8/",
            "Device is missing primary IPv6 address"
          ]
        ],
        "info": 4,
        "failure": 3,
        "success": 3,
        "warning": 0
      }
    },
    "job_id": "7c18942b-2e49-4162-976a-72e64194e38b"
  }
},
{
  "model": "core.job",
  "pk": 55,
  "fields": {
    "object_type": [
      "extras",
      "script"
    ],
    "object_id": null,
    "name": "NewBranchScript.NewBranchScript",
    "created": "2023-02-17T18:09:26.847Z",
    "scheduled": null,
    "interval": null,
    "started": null,
    "completed": "2023-02-17T18:09:27.667Z",
    "user": [
      "nsonepseng"
    ],
    "status": "completed",
    "data": {
      "log": [
        {
          "status": "success",
          "message": "Created new site: test"
        },
        {
          "status": "success",
          "message": "Created new switch: TEST-SW-1"
        },
        {
          "status": "success",
          "message": "Created new switch: TEST-SW-2"
        },
        {
          "status": "success",
          "message": "Created new switch: TEST-SW-3"
        },
        {
          "status": "success",
          "message": "Created new switch: TEST-SW-4"
        },
        {
          "status": "success",
          "message": "Created new switch: TEST-SW-5"
        },
        {
          "status": "success",
          "message": "Created new router: TEST-RTR-1"
        },
        {
          "status": "success",
          "message": "Created new router: TEST-RTR-2"
        },
        {
          "status": "success",
          "message": "Created new AP: TEST-RTR-2"
        },
        {
          "status": "success",
          "message": "Created new AP: TEST-RTR-2"
        },
        {
          "status": "success",
          "message": "Created new AP: TEST-RTR-2"
        },
        {
          "status": "success",
          "message": "Created new server: TEST-RTR-2"
        },
        {
          "status": "success",
          "message": "Created new server: TEST-RTR-2"
        }
      ],
      "output": "name,make,model\nTEST-AP-1,APC,AP7921B\nTEST-AP-2,APC,AP7921B\nTEST-AP-3,APC,AP7921B\nTEST-RTR-1,Cisco,ISR4321\nTEST-RTR-2,Cisco,ISR4321\nTEST-SW-1,Cisco,ISR4321\nTEST-SW-2,Cisco,ISR4321\nTEST-SW-3,Cisco,ISR4321\nTEST-SW-4,Cisco,ISR4321\nTEST-SW-5,Cisco,ISR4321\nTEST-VSP-1,HPE,ProLiant DL380 Gen9\nTEST-VSP-2,HPE,ProLiant DL380 Gen9"
    },
    "job_id": "f95a9604-483a-4917-ae58-69aab80d3c1e"
  }
},
{
  "model": "core.job",
  "pk": 239,
  "fields": {
    "object_type": [
      "core",
      "datasource"
    ],
    "object_id": 68,
    "name": "",
    "created": "2023-08-10T09:53:55.035Z",
    "scheduled": null,
    "interval": null,
    "started": "2023-08-10T09:53:55.104Z",
    "completed": "2023-08-10T09:53:55.370Z",
    "user": [
      "admin"
    ],
    "status": "completed",
    "data": null,
    "job_id": "abd337aa-a831-41da-b69c-8ba6d6ca65f1"
  }
},
{
  "model": "core.job",
  "pk": 265,
  "fields": {
    "object_type": [
      "core",
      "datasource"
    ],
    "object_id": 68,
    "name": "",
    "created": "2023-08-11T10:12:26.627Z",
    "scheduled": null,
    "interval": null,
    "started": "2023-08-11T10:12:26.753Z",
    "completed": "2023-08-11T10:12:27.288Z",
    "user": [
      "admin"
    ],
    "status": "completed",
    "data": null,
    "job_id": "a3904bac-da80-4da9-bdc7-e4b70d598ba5"
  }
},
{
  "model": "core.job",
  "pk": 298,
  "fields": {
    "object_type": [
      "core",
      "datasource"
    ],
    "object_id": 68,
    "name": "",
    "created": "2023-08-11T12:56:48.147Z",
    "scheduled": null,
    "interval": null,
    "started": "2023-08-11T12:56:48.222Z",
    "completed": "2023-08-11T12:56:48.447Z",
    "user": [
      "admin"
    ],
    "status": "completed",
    "data": null,
    "job_id": "6c36e448-ca02-44df-8138-74c4b516512a"
  }
},
{
  "model": "extras.dashboard",
  "pk": 1,
  "fields": {
    "user": [
      "admin"
    ],
    "layout": [
      {
        "h": 2,
        "w": 12,
        "x": 0,
        "y": 0,
        "id": "eb0f59b6-14a6-4105-b6d1-6bf40cc5363d"
      },
      {
        "h": 3,
        "w": 4,
        "x": 0,
        "y": 2,
        "id": "23c57f9f-e8c6-4055-af53-e7e94a55bc86"
      },
      {
        "h": 3,
        "w": 4,
        "x": 4,
        "y": 2,
        "id": "ea149403-b163-4555-afce-ff3e57219ba1"
      },
      {
        "h": 3,
        "w": 4,
        "x": 8,
        "y": 2,
        "id": "ee6eaaee-406a-4a7a-8dda-ac8aaeb48f5f"
      },
      {
        "h": 3,
        "w": 4,
        "x": 0,
        "y": 5,
        "id": "c28a12de-6ede-4037-979d-5979c30c8e02"
      },
      {
        "h": 3,
        "w": 4,
        "x": 4,
        "y": 5,
        "id": "3ba0ab3c-e418-486f-8a9e-fc110868205e"
      },
      {
        "h": 3,
        "w": 4,
        "x": 8,
        "y": 5,
        "id": "66bd6ccb-f54a-429f-8937-2ed0277f70b9"
      },
      {
        "h": 2,
        "w": 8,
        "x": 0,
        "y": 8,
        "id": "d35359cc-9cce-4b44-b78a-ef6b83d13d24"
      },
      {
        "h": 2,
        "w": 4,
        "x": 8,
        "y": 8,
        "id": "34ff8577-4c2a-4268-b5f6-cf06c5de32c1"
      }
    ],
    "config": {
      "23c57f9f-e8c6-4055-af53-e7e94a55bc86": {
        "class": "extras.NoteWidget",
        "color": "blue",
        "title": "Explore DCIM",
        "config": {
          "content": "## Explore DCIM\n\n1. Get to know the Amsterdam Site, Rack, Devices, Cables, Circuits, and more! Follow this [guide](https://github.com/netboxlabs/guided-trial/blob/develop/DCIM/explore-amsterdam-site.md).\n2. Follow this [guide](https://github.com/netboxlabs/guided-trial/blob/develop/DCIM/explore-device-nlams-1-sw-1.md) to discover how NetBox models Devices.\n3. Get hands on! Add a new Switch to the Rack in Amsterdam by following this [guide](https://github.com/netboxlabs/guided-trial/blob/develop/DCIM/add-new-device.md).\n\n**note** - for the best experience *right-click* the above links and open them in a new browser window"
        }
      },
      "34ff8577-4c2a-4268-b5f6-cf06c5de32c1": {
        "class": "extras.NoteWidget",
        "color": "gray",
        "title": "NetBox Cloud Settings",
        "config": {
          "content": "NetBox Cloud [settings](https://console.netboxlabs.com/)\n\nNetBox Cloud [documentation](https://docs.netboxlabs.com/)\n\nNetBox Cloud [support](support@netboxlabs.com)"
        }
      },
      "3ba0ab3c-e418-486f-8a9e-fc110868205e": {
        "class": "extras.ObjectCountsWidget",
        "color": "blue",
        "title": "IPAM",
        "config": {
          "models": [
            "ipam.aggregate",
            "ipam.ipaddress",
            "ipam.prefix",
            "ipam.vlan"
          ],
          "filters": null
        }
      },
      "66bd6ccb-f54a-429f-8937-2ed0277f70b9": {
        "class": "extras.ObjectCountsWidget",
        "color": "blue",
        "title": "Network Automation",
        "config": {
          "models": [
            "core.datasource",
            "extras.configcontext",
            "extras.configtemplate",
            "extras.webhook"
          ],
          "filters": null
        }
      },
      "c28a12de-6ede-4037-979d-5979c30c8e02": {
        "class": "extras.ObjectCountsWidget",
        "color": "blue",
        "title": "DCIM",
        "config": {
          "models": [
            "dcim.cable",
            "dcim.device",
            "dcim.rack",
            "dcim.site"
          ],
          "filters": null
        }
      },
      "d35359cc-9cce-4b44-b78a-ef6b83d13d24": {
        "class": "extras.RSSFeedWidget",
        "color": "gray",
        "title": "NetBox Labs News",
        "config": {
          "feed_url": "http://netboxlabs.com/feed",
          "max_entries": 10,
          "cache_timeout": 14400
        }
      },
      "ea149403-b163-4555-afce-ff3e57219ba1": {
        "class": "extras.NoteWidget",
        "color": "blue",
        "title": "Explore IPAM",
        "config": {
          "content": "## Explore IPAM\n\n1. Follow this [guide](https://github.com/netboxlabs/guided-trial/blob/develop/IPAM/explore-ipam-data.md) to learn how NetBox models IPAM Data like - RIRs, Prefixes, IP Addresses and VLANs\n2. Get hands on! Assign an IP address to the Amsterdam router by following this [guide](https://github.com/netboxlabs/guided-trial/blob/develop/IPAM/assign-ip-address.md)\n3. Get hands on! Follow this [guide](https://github.com/netboxlabs/guided-trial/blob/develop/IPAM/import-ipam-data.md) to create a VLAN Group and then bulk import VLANs and Prefixes from a spreadsheet \n\n**note** - for the best experience *right-click* the above links and open them in a new browser window"
        }
      },
      "eb0f59b6-14a6-4105-b6d1-6bf40cc5363d": {
        "class": "extras.NoteWidget",
        "color": "blue",
        "title": "Welcome!",
        "config": {
          "content": "# Getting started with NetBox Cloud\n\nWelcome to NetBox Cloud! If you're just starting your journey with NetBox, we have a number of tutorials designed to guide you step-by-step through its capabilities and show you how it can revolutionize your network documentation process. You'll find tutorials aligned to the three primary use cases for NetBox: DCIM, IPAM and Network Automation. We suggest jumping directly to the tutorial that most closely aligns with your current challenges. If you have any questions or just need help, please [reach out](mailto:support@netboxlabs.com)!"
        }
      },
      "ee6eaaee-406a-4a7a-8dda-ac8aaeb48f5f": {
        "class": "extras.NoteWidget",
        "color": "blue",
        "title": "Explore Network Automation",
        "config": {
          "content": "## Explore Network Automation\n\n1. Follow this [guide](https://github.com/netboxlabs/guided-trial/blob/develop/Network-Automation/explore-netbox-apis.md) to get familiar with the NetBox REST and GraphQL APIs\n2. Learn how to use Config Contexts and Templates to render device configurations. See this [guide](https://github.com/netboxlabs/guided-trial/blob/develop/Network-Automation/explore-provisioning.md)\n3. Get hands on! Follow this [guide](https://github.com/netboxlabs/guided-trial/blob/develop/Network-Automation/render-config-api.md) to render the configuration of a device using the REST API. \n4. Get hands on! Follow this [guide](https://github.com/netboxlabs/guided-trial/blob/develop/Network-Automation/add-webhook.md) to create and test a Webhook to an external system. \n\n**note** - for the best experience *right-click* the above links and open them in a new browser window"
        }
      }
    }
  }
},
{
  "model": "extras.dashboard",
  "pk": 35,
  "fields": {
    "user": [
      "it"
    ],
    "layout": [
      {
        "h": 2,
        "w": 4,
        "x": null,
        "y": null,
        "id": "ac2fb651-1712-429a-a44e-b35f56909741"
      },
      {
        "h": 3,
        "w": 4,
        "x": null,
        "y": null,
        "id": "831031ea-32be-44d3-86af-052f26f7885e"
      },
      {
        "h": 2,
        "w": 4,
        "x": null,
        "y": null,
        "id": "7c636be3-2ee2-45d8-9605-b44cb5bff744"
      },
      {
        "h": 2,
        "w": 4,
        "x": null,
        "y": null,
        "id": "33eedb28-ad09-4ae0-92f2-9e385ce1e2a9"
      },
      {
        "h": 4,
        "w": 4,
        "x": null,
        "y": null,
        "id": "c38bf15d-b6ef-4c5f-bd61-627cef829fba"
      },
      {
        "h": 3,
        "w": 4,
        "x": null,
        "y": null,
        "id": "6ad7fada-1d3e-4da3-aa82-90453e1d9052"
      },
      {
        "h": 2,
        "w": 4,
        "x": null,
        "y": null,
        "id": "cc49063a-8db5-4e0d-950e-c13c98e69a0a"
      },
      {
        "h": 5,
        "w": 12,
        "x": null,
        "y": null,
        "id": "75cbce25-bfcf-44f1-84d2-01fd65b5953c"
      }
    ],
    "config": {
      "33eedb28-ad09-4ae0-92f2-9e385ce1e2a9": {
        "class": "extras.ObjectCountsWidget",
        "color": null,
        "title": "Circuits",
        "config": {
          "models": [
            "circuits.provider",
            "circuits.circuit",
            "circuits.providernetwork"
          ]
        }
      },
      "6ad7fada-1d3e-4da3-aa82-90453e1d9052": {
        "class": "extras.ObjectCountsWidget",
        "color": null,
        "title": "DCIM",
        "config": {
          "models": [
            "dcim.site",
            "dcim.rack",
            "dcim.devicetype",
            "dcim.device",
            "dcim.cable"
          ]
        }
      },
      "75cbce25-bfcf-44f1-84d2-01fd65b5953c": {
        "class": "extras.ObjectListWidget",
        "color": "blue",
        "title": "Change Log",
        "config": {
          "model": "extras.objectchange",
          "page_size": 25
        }
      },
      "7c636be3-2ee2-45d8-9605-b44cb5bff744": {
        "class": "extras.NoteWidget",
        "color": "green",
        "title": "Welcome!",
        "config": {
          "content": "This is your personal dashboard. Feel free to customize it by rearranging, resizing, or removing widgets. You can also add new widgets using the \"add widget\" button below. Any changes affect only _your_ dashboard, so feel free to experiment!"
        }
      },
      "831031ea-32be-44d3-86af-052f26f7885e": {
        "class": "extras.ObjectCountsWidget",
        "color": null,
        "title": "IPAM",
        "config": {
          "models": [
            "ipam.vrf",
            "ipam.aggregate",
            "ipam.prefix",
            "ipam.iprange",
            "ipam.ipaddress",
            "ipam.vlan"
          ]
        }
      },
      "ac2fb651-1712-429a-a44e-b35f56909741": {
        "class": "extras.ObjectCountsWidget",
        "color": null,
        "title": "Organization",
        "config": {
          "models": [
            "dcim.site",
            "tenancy.tenant",
            "tenancy.contact"
          ]
        }
      },
      "c38bf15d-b6ef-4c5f-bd61-627cef829fba": {
        "class": "extras.RSSFeedWidget",
        "color": null,
        "title": "NetBox News",
        "config": {
          "feed_url": "http://netbox.dev/rss/",
          "max_entries": 10,
          "cache_timeout": 14400
        }
      },
      "cc49063a-8db5-4e0d-950e-c13c98e69a0a": {
        "class": "extras.ObjectCountsWidget",
        "color": null,
        "title": "Virtualization",
        "config": {
          "models": [
            "virtualization.cluster",
            "virtualization.virtualmachine"
          ]
        }
      }
    }
  }
},
{
  "model": "extras.dashboard",
  "pk": 36,
  "fields": {
    "user": [
      "consulting"
    ],
    "layout": [
      {
        "h": 2,
        "w": 4,
        "x": null,
        "y": null,
        "id": "801d9b91-fda4-4657-b194-752df630051a"
      },
      {
        "h": 3,
        "w": 4,
        "x": null,
        "y": null,
        "id": "20456969-75cb-49f1-82e4-1d815146aa9e"
      },
      {
        "h": 2,
        "w": 4,
        "x": null,
        "y": null,
        "id": "0dbdb4d4-6f95-473e-8480-b3ac4260fd7f"
      },
      {
        "h": 2,
        "w": 4,
        "x": null,
        "y": null,
        "id": "773d2e8b-a0fd-41c0-8a22-a784d8b93225"
      },
      {
        "h": 4,
        "w": 4,
        "x": null,
        "y": null,
        "id": "ad8bf516-9bbf-4d7b-af93-34091a3d7b4c"
      },
      {
        "h": 3,
        "w": 4,
        "x": null,
        "y": null,
        "id": "718b823c-f658-4a9b-8b26-05773a5cbaa5"
      },
      {
        "h": 2,
        "w": 4,
        "x": null,
        "y": null,
        "id": "93adfa67-735a-4d55-aef6-05d5200759d1"
      },
      {
        "h": 5,
        "w": 12,
        "x": null,
        "y": null,
        "id": "38343658-3a64-4fb3-93da-926d9b79d8f8"
      }
    ],
    "config": {
      "0dbdb4d4-6f95-473e-8480-b3ac4260fd7f": {
        "class": "extras.NoteWidget",
        "color": "green",
        "title": "Welcome!",
        "config": {
          "content": "This is your personal dashboard. Feel free to customize it by rearranging, resizing, or removing widgets. You can also add new widgets using the \"add widget\" button below. Any changes affect only _your_ dashboard, so feel free to experiment!"
        }
      },
      "20456969-75cb-49f1-82e4-1d815146aa9e": {
        "class": "extras.ObjectCountsWidget",
        "color": null,
        "title": "IPAM",
        "config": {
          "models": [
            "ipam.vrf",
            "ipam.aggregate",
            "ipam.prefix",
            "ipam.iprange",
            "ipam.ipaddress",
            "ipam.vlan"
          ]
        }
      },
      "38343658-3a64-4fb3-93da-926d9b79d8f8": {
        "class": "extras.ObjectListWidget",
        "color": "blue",
        "title": "Change Log",
        "config": {
          "model": "extras.objectchange",
          "page_size": 25
        }
      },
      "718b823c-f658-4a9b-8b26-05773a5cbaa5": {
        "class": "extras.ObjectCountsWidget",
        "color": null,
        "title": "DCIM",
        "config": {
          "models": [
            "dcim.site",
            "dcim.rack",
            "dcim.devicetype",
            "dcim.device",
            "dcim.cable"
          ]
        }
      },
      "773d2e8b-a0fd-41c0-8a22-a784d8b93225": {
        "class": "extras.ObjectCountsWidget",
        "color": null,
        "title": "Circuits",
        "config": {
          "models": [
            "circuits.provider",
            "circuits.circuit",
            "circuits.providernetwork"
          ]
        }
      },
      "801d9b91-fda4-4657-b194-752df630051a": {
        "class": "extras.ObjectCountsWidget",
        "color": null,
        "title": "Organization",
        "config": {
          "models": [
            "dcim.site",
            "tenancy.tenant",
            "tenancy.contact"
          ]
        }
      },
      "93adfa67-735a-4d55-aef6-05d5200759d1": {
        "class": "extras.ObjectCountsWidget",
        "color": null,
        "title": "Virtualization",
        "config": {
          "models": [
            "virtualization.cluster",
            "virtualization.virtualmachine"
          ]
        }
      },
      "ad8bf516-9bbf-4d7b-af93-34091a3d7b4c": {
        "class": "extras.RSSFeedWidget",
        "color": null,
        "title": "NetBox News",
        "config": {
          "feed_url": "http://netbox.dev/rss/",
          "max_entries": 10,
          "cache_timeout": 14400
        }
      }
    }
  }
},
{
  "model": "extras.savedfilter",
  "pk": 1,
  "fields": {
    "created": "2023-07-25T13:15:04.313Z",
    "last_updated": "2023-07-25T13:15:04.313Z",
    "name": "Brisbane",
    "slug": "brisbane",
    "description": "",
    "user": [
      "admin"
    ],
    "weight": 100,
    "enabled": true,
    "shared": true,
    "parameters": {
      "site_id": [
        "1"
      ],
      "show_power": [
        "on"
      ],
      "show_cables": [
        "on"
      ],
      "show_circuit": [
        "on"
      ],
      "show_neighbors": [
        "on"
      ],
      "show_logical_connections": [
        "on"
      ]
    },
    "content_types": [
      [
        "dcim",
        "device"
      ]
    ]
  }
},
{
  "model": "users.userconfig",
  "pk": 1,
  "fields": {
    "user": [
      "nsonepseng"
    ],
    "data": {}
  }
},
{
  "model": "users.userconfig",
  "pk": 2,
  "fields": {
    "user": [
      "eric"
    ],
    "data": {}
  }
},
{
  "model": "users.userconfig",
  "pk": 3,
  "fields": {
    "user": [
      "susan"
    ],
    "data": {}
  }
},
{
  "model": "users.userconfig",
  "pk": 4,
  "fields": {
    "user": [
      "admin"
    ],
    "data": {
      "tables": {
        "DeviceTable": {
          "ordering": [
            "-site"
          ]
        },
        "DeviceInterfaceTable": {
          "columns": [
            "name",
            "label",
            "enabled",
            "type",
            "parent",
            "lag",
            "mtu",
            "mode",
            "description",
            "ip_addresses",
            "cable",
            "connection",
            "untagged_vlan",
            "tagged_vlans"
          ]
        },
        "DevicePowerPortTable": {}
      }
    }
  }
},
{
  "model": "users.userconfig",
  "pk": 5,
  "fields": {
    "user": [
      "api-tester"
    ],
    "data": {}
  }
},
{
  "model": "users.userconfig",
  "pk": 7,
  "fields": {
    "user": [
      "it"
    ],
    "data": {}
  }
},
{
  "model": "users.userconfig",
  "pk": 8,
  "fields": {
    "user": [
      "consulting"
    ],
    "data": {}
  }
},
{
  "model": "users.token",
  "pk": 1,
  "fields": {
    "user": [
      "nsonepseng"
    ],
    "created": "2022-12-22T11:57:22.989Z",
    "expires": null,
    "last_used": "2023-06-28T18:00:06.745Z",
    "key": "f7e4fbb0fc5c153bf434dd07191ee8eeffd962d4",
    "write_enabled": true,
    "description": "",
    "allowed_ips": []
  }
},
{
  "model": "users.token",
  "pk": 2,
  "fields": {
    "user": [
      "admin"
    ],
    "created": "2023-03-17T12:24:27.459Z",
    "expires": null,
    "last_used": "2023-07-30T16:05:38.292Z",
    "key": "3C885E32F2AE1E941460",
    "write_enabled": true,
    "description": "",
    "allowed_ips": null
  }
},
{
  "model": "users.objectpermission",
  "pk": 4,
  "fields": {
    "name": "it-tenant",
    "description": "it-tenant",
    "enabled": true,
    "actions": "[\"view\"]",
    "constraints": {
      "tenant_id": 3
    },
    "object_types": [
      [
        "ipam",
        "vlan"
      ],
      [
        "ipam",
        "iprange"
      ],
      [
        "ipam",
        "asn"
      ],
      [
        "ipam",
        "l2vpn"
      ],
      [
        "circuits",
        "circuit"
      ],
      [
        "extras",
        "tag"
      ],
      [
        "dcim",
        "cable"
      ],
      [
        "dcim",
        "device"
      ],
      [
        "virtualization",
        "cluster"
      ],
      [
        "virtualization",
        "virtualmachine"
      ],
      [
        "dcim",
        "rack"
      ],
      [
        "dcim",
        "rackreservation"
      ],
      [
        "wireless",
        "wirelesslan"
      ],
      [
        "wireless",
        "wirelesslink"
      ],
      [
        "dcim",
        "virtualdevicecontext"
      ],
      [
        "dcim",
        "site"
      ],
      [
        "ipam",
        "asnrange"
      ],
      [
        "ipam",
        "aggregate"
      ],
      [
        "ipam",
        "ipaddress"
      ],
      [
        "ipam",
        "prefix"
      ]
    ],
    "groups": [],
    "users": [
      [
        "it"
      ]
    ]
  }
},
{
  "model": "users.objectpermission",
  "pk": 8,
  "fields": {
    "name": "consulting-tenant",
    "description": "consulting-tenant",
    "enabled": true,
    "actions": "[\"edit\", \"view\", \"add\", \"change\", \"delete\"]",
    "constraints": {
      "tenant_id": 5
    },
    "object_types": [
      [
        "ipam",
        "vlan"
      ],
      [
        "ipam",
        "iprange"
      ],
      [
        "ipam",
        "asn"
      ],
      [
        "ipam",
        "l2vpn"
      ],
      [
        "circuits",
        "circuit"
      ],
      [
        "extras",
        "tag"
      ],
      [
        "dcim",
        "cable"
      ],
      [
        "dcim",
        "device"
      ],
      [
        "virtualization",
        "cluster"
      ],
      [
        "virtualization",
        "virtualmachine"
      ],
      [
        "dcim",
        "rack"
      ],
      [
        "dcim",
        "rackreservation"
      ],
      [
        "wireless",
        "wirelesslan"
      ],
      [
        "wireless",
        "wirelesslink"
      ],
      [
        "dcim",
        "virtualdevicecontext"
      ],
      [
        "dcim",
        "site"
      ],
      [
        "ipam",
        "asnrange"
      ],
      [
        "ipam",
        "aggregate"
      ],
      [
        "ipam",
        "ipaddress"
      ],
      [
        "ipam",
        "prefix"
      ]
    ],
    "groups": [],
    "users": [
      [
        "consulting"
      ]
    ]
  }
},
{
  "model": "admin.logentry",
  "pk": 1,
  "fields": {
    "action_time": "2022-12-22T11:25:50.650Z",
    "user": [
      "nsonepseng"
    ],
    "content_type": [
      "auth",
      "user"
    ],
    "object_id": "2",
    "object_repr": "eric",
    "action_flag": 1,
    "change_message": "[{\"added\": {}}]"
  }
},
{
  "model": "admin.logentry",
  "pk": 2,
  "fields": {
    "action_time": "2022-12-22T11:26:01.848Z",
    "user": [
      "nsonepseng"
    ],
    "content_type": [
      "auth",
      "user"
    ],
    "object_id": "3",
    "object_repr": "susan",
    "action_flag": 1,
    "change_message": "[{\"added\": {}}]"
  }
},
{
  "model": "admin.logentry",
  "pk": 3,
  "fields": {
    "action_time": "2022-12-22T20:51:01.829Z",
    "user": [
      "nsonepseng"
    ],
    "content_type": [
      "auth",
      "user"
    ],
    "object_id": "3",
    "object_repr": "susan",
    "action_flag": 2,
    "change_message": "[{\"changed\": {\"fields\": [\"Staff status\", \"Superuser status\"]}}]"
  }
},
{
  "model": "admin.logentry",
  "pk": 4,
  "fields": {
    "action_time": "2023-04-19T11:19:26.370Z",
    "user": [
      "admin"
    ],
    "content_type": [
      "auth",
      "user"
    ],
    "object_id": "5",
    "object_repr": "api-tester",
    "action_flag": 1,
    "change_message": "[{\"added\": {}}]"
  }
},
{
  "model": "admin.logentry",
  "pk": 5,
  "fields": {
    "action_time": "2023-04-19T11:19:45.426Z",
    "user": [
      "admin"
    ],
    "content_type": [
      "auth",
      "user"
    ],
    "object_id": "5",
    "object_repr": "api-tester",
    "action_flag": 2,
    "change_message": "[{\"changed\": {\"fields\": [\"Staff status\", \"Superuser status\"]}}]"
  }
},
{
  "model": "admin.logentry",
  "pk": 6,
  "fields": {
    "action_time": "2023-07-10T14:20:00.416Z",
    "user": [
      "admin"
    ],
    "content_type": [
      "users",
      "objectpermission"
    ],
    "object_id": "1",
    "object_repr": "test",
    "action_flag": 1,
    "change_message": "[{\"added\": {}}]"
  }
},
{
  "model": "admin.logentry",
  "pk": 7,
  "fields": {
    "action_time": "2023-07-10T14:21:06.369Z",
    "user": [
      "admin"
    ],
    "content_type": [
      "users",
      "objectpermission"
    ],
    "object_id": "1",
    "object_repr": "test",
    "action_flag": 2,
    "change_message": "[{\"changed\": {\"fields\": [\"object_types\"]}}]"
  }
},
{
  "model": "admin.logentry",
  "pk": 8,
  "fields": {
    "action_time": "2023-07-11T11:42:24.268Z",
    "user": [
      "admin"
    ],
    "content_type": [
      "users",
      "objectpermission"
    ],
    "object_id": "1",
    "object_repr": "test",
    "action_flag": 3,
    "change_message": ""
  }
},
{
  "model": "admin.logentry",
  "pk": 9,
  "fields": {
    "action_time": "2023-07-11T11:42:56.235Z",
    "user": [
      "admin"
    ],
    "content_type": [
      "auth",
      "user"
    ],
    "object_id": "6",
    "object_repr": "consulting",
    "action_flag": 1,
    "change_message": "[{\"added\": {}}]"
  }
},
{
  "model": "admin.logentry",
  "pk": 10,
  "fields": {
    "action_time": "2023-07-11T11:43:10.656Z",
    "user": [
      "admin"
    ],
    "content_type": [
      "auth",
      "user"
    ],
    "object_id": "6",
    "object_repr": "consulting",
    "action_flag": 2,
    "change_message": "[]"
  }
},
{
  "model": "admin.logentry",
  "pk": 11,
  "fields": {
    "action_time": "2023-07-11T11:43:24.954Z",
    "user": [
      "admin"
    ],
    "content_type": [
      "auth",
      "user"
    ],
    "object_id": "6",
    "object_repr": "consulting",
    "action_flag": 2,
    "change_message": "[]"
  }
},
{
  "model": "admin.logentry",
  "pk": 12,
  "fields": {
    "action_time": "2023-07-11T11:45:13.663Z",
    "user": [
      "admin"
    ],
    "content_type": [
      "auth",
      "user"
    ],
    "object_id": "6",
    "object_repr": "consulting",
    "action_flag": 2,
    "change_message": "[{\"added\": {\"name\": \"objectpermission-user relationship\", \"object\": \"ObjectPermission_users object (2)\"}}]"
  }
},
{
  "model": "admin.logentry",
  "pk": 13,
  "fields": {
    "action_time": "2023-07-11T11:45:30.793Z",
    "user": [
      "admin"
    ],
    "content_type": [
      "auth",
      "user"
    ],
    "object_id": "6",
    "object_repr": "consulting",
    "action_flag": 2,
    "change_message": "[]"
  }
},
{
  "model": "admin.logentry",
  "pk": 14,
  "fields": {
    "action_time": "2023-07-11T11:50:34.361Z",
    "user": [
      "admin"
    ],
    "content_type": [
      "auth",
      "user"
    ],
    "object_id": "6",
    "object_repr": "consulting",
    "action_flag": 3,
    "change_message": ""
  }
},
{
  "model": "admin.logentry",
  "pk": 15,
  "fields": {
    "action_time": "2023-07-11T11:50:57.939Z",
    "user": [
      "admin"
    ],
    "content_type": [
      "auth",
      "user"
    ],
    "object_id": "7",
    "object_repr": "it",
    "action_flag": 1,
    "change_message": "[{\"added\": {}}]"
  }
},
{
  "model": "admin.logentry",
  "pk": 16,
  "fields": {
    "action_time": "2023-07-11T11:51:12.941Z",
    "user": [
      "admin"
    ],
    "content_type": [
      "auth",
      "user"
    ],
    "object_id": "8",
    "object_repr": "consulting",
    "action_flag": 1,
    "change_message": "[{\"added\": {}}]"
  }
},
{
  "model": "admin.logentry",
  "pk": 17,
  "fields": {
    "action_time": "2023-07-11T11:51:26.769Z",
    "user": [
      "admin"
    ],
    "content_type": [
      "auth",
      "user"
    ],
    "object_id": "8",
    "object_repr": "consulting",
    "action_flag": 2,
    "change_message": "[{\"added\": {\"name\": \"objectpermission-user relationship\", \"object\": \"ObjectPermission_users object (3)\"}}]"
  }
},
{
  "model": "admin.logentry",
  "pk": 18,
  "fields": {
    "action_time": "2023-07-11T11:51:35.436Z",
    "user": [
      "admin"
    ],
    "content_type": [
      "auth",
      "user"
    ],
    "object_id": "7",
    "object_repr": "it",
    "action_flag": 2,
    "change_message": "[{\"added\": {\"name\": \"objectpermission-user relationship\", \"object\": \"ObjectPermission_users object (4)\"}}]"
  }
},
{
  "model": "admin.logentry",
  "pk": 19,
  "fields": {
    "action_time": "2023-07-11T11:51:49.665Z",
    "user": [
      "admin"
    ],
    "content_type": [
      "users",
      "objectpermission"
    ],
    "object_id": "2",
    "object_repr": "tenants",
    "action_flag": 3,
    "change_message": ""
  }
},
{
  "model": "admin.logentry",
  "pk": 20,
  "fields": {
    "action_time": "2023-07-11T11:57:28.084Z",
    "user": [
      "admin"
    ],
    "content_type": [
      "users",
      "objectpermission"
    ],
    "object_id": "3",
    "object_repr": "consulting-tenant",
    "action_flag": 3,
    "change_message": ""
  }
},
{
  "model": "admin.logentry",
  "pk": 21,
  "fields": {
    "action_time": "2023-07-11T11:59:10.099Z",
    "user": [
      "admin"
    ],
    "content_type": [
      "users",
      "objectpermission"
    ],
    "object_id": "5",
    "object_repr": "it-tenant",
    "action_flag": 3,
    "change_message": ""
  }
},
{
  "model": "admin.logentry",
  "pk": 22,
  "fields": {
    "action_time": "2023-07-11T13:24:32.460Z",
    "user": [
      "admin"
    ],
    "content_type": [
      "auth",
      "user"
    ],
    "object_id": "8",
    "object_repr": "consulting",
    "action_flag": 2,
    "change_message": "[{\"added\": {\"name\": \"objectpermission-user relationship\", \"object\": \"ObjectPermission_users object (5)\"}}]"
  }
},
{
  "model": "admin.logentry",
  "pk": 23,
  "fields": {
    "action_time": "2023-07-11T13:27:40.541Z",
    "user": [
      "admin"
    ],
    "content_type": [
      "auth",
      "user"
    ],
    "object_id": "8",
    "object_repr": "consulting",
    "action_flag": 2,
    "change_message": "[]"
  }
},
{
  "model": "admin.logentry",
  "pk": 24,
  "fields": {
    "action_time": "2023-07-11T13:29:32.439Z",
    "user": [
      "admin"
    ],
    "content_type": [
      "users",
      "objectpermission"
    ],
    "object_id": "6",
    "object_repr": "consulting-tenant",
    "action_flag": 3,
    "change_message": ""
  }
},
{
  "model": "admin.logentry",
  "pk": 25,
  "fields": {
    "action_time": "2023-07-11T13:31:58.896Z",
    "user": [
      "admin"
    ],
    "content_type": [
      "auth",
      "user"
    ],
    "object_id": "8",
    "object_repr": "consulting",
    "action_flag": 2,
    "change_message": "[{\"added\": {\"name\": \"objectpermission-user relationship\", \"object\": \"ObjectPermission_users object (6)\"}}]"
  }
},
{
  "model": "admin.logentry",
  "pk": 26,
  "fields": {
    "action_time": "2023-07-11T13:43:46.175Z",
    "user": [
      "admin"
    ],
    "content_type": [
      "users",
      "objectpermission"
    ],
    "object_id": "7",
    "object_repr": "consulting-tenant",
    "action_flag": 3,
    "change_message": ""
  }
},
{
  "model": "admin.logentry",
  "pk": 27,
  "fields": {
    "action_time": "2023-07-11T13:44:40.631Z",
    "user": [
      "admin"
    ],
    "content_type": [
      "auth",
      "user"
    ],
    "object_id": "8",
    "object_repr": "consulting",
    "action_flag": 2,
    "change_message": "[{\"added\": {\"name\": \"objectpermission-user relationship\", \"object\": \"ObjectPermission_users object (7)\"}}]"
  }
}
]
